[2026-07-27T10:30:57-04:00] php runner start
{
    "ran_at": "2026-07-27T14:30:43Z",
    "target_count": 1,
    "target_batch_limit": 2,
    "target_batch_offset": 0,
    "target_batch_next_offset": 0,
    "target_total_available": 1,
    "results": [
        {
            "market_type": "crypto",
            "symbol": "BTC-USD",
            "requested_url": "http://localhost:8080/index.php?market_type=crypto&symbol=BTC-USD&run_analysis=1&live=1",
            "ok": false,
            "status": 0,
            "has_price_payload": false,
            "symbol_probe": {
                "url": "https://query1.finance.yahoo.com/v8/finance/chart/BTC-USD?range=1d&interval=5m&includePrePost=false",
                "ok": false,
                "status": 0,
                "looks_real": false
            },
            "removed_from_list": true,
            "remove_reason": "Removed after missing usable price CSV/JSON and failing the direct crypto symbol probe while Google or Microsoft connectivity probe succeeded.",
            "checked_at": "2026-07-27T14:30:57Z"
        }
    ]
}
[2026-07-27T10:30:57-04:00] php runner end

[2026-07-27T10:31:13-04:00] php runner start
{
    "ran_at": "2026-07-27T14:31:13Z",
    "target_count": 0,
    "target_batch_limit": 2,
    "target_batch_offset": 0,
    "target_batch_next_offset": 0,
    "target_total_available": 0,
    "results": []
}
[2026-07-27T10:31:13-04:00] php runner end

[2026-07-27T10:31:51-04:00] php runner start
{
    "ran_at": "2026-07-27T14:31:46Z",
    "target_count": 1,
    "target_batch_limit": 2,
    "target_batch_offset": 0,
    "target_batch_next_offset": 0,
    "target_total_available": 1,
    "results": [
        {
            "market_type": "crypto",
            "symbol": "BTC-USD",
            "requested_url": "http://localhost:8080/index.php?market_type=crypto&symbol=BTC-USD&run_analysis=1&live=1",
            "ok": false,
            "status": 0,
            "has_price_payload": false,
            "symbol_probe": {
                "url": "https://query1.finance.yahoo.com/v8/finance/chart/BTC-USD?range=1d&interval=5m&includePrePost=false",
                "ok": false,
                "status": 0,
                "looks_real": false
            },
            "removed_from_list": false,
            "remove_reason": "Kept symbol because the local market page did not respond, so this looked like an app availability issue rather than proof that the symbol was invalid.",
            "checked_at": "2026-07-27T14:31:51Z"
        }
    ]
}
[2026-07-27T10:31:51-04:00] php runner end

[2026-07-27T10:35:04-04:00] php runner start
{
    "ran_at": "2026-07-27T14:34:56Z",
    "target_count": 1,
    "target_batch_limit": 2,
    "target_batch_offset": 0,
    "target_batch_next_offset": 0,
    "target_total_available": 1,
    "results": [
        {
            "market_type": "crypto",
            "symbol": "BTC-USD",
            "requested_url": "http://localhost:8081/index.php?market_type=crypto&symbol=BTC-USD&run_analysis=1&live=1",
            "ok": true,
            "status": 200,
            "has_price_payload": true,
            "symbol_probe": null,
            "removed_from_list": false,
            "remove_reason": "",
            "checked_at": "2026-07-27T14:35:04Z"
        }
    ]
}
[2026-07-27T10:35:04-04:00] php runner end

[2026-07-27T10:36:08-04:00] php runner start
{
    "ran_at": "2026-07-27T14:36:04Z",
    "target_count": 1,
    "target_batch_limit": 2,
    "target_batch_offset": 0,
    "target_batch_next_offset": 0,
    "target_total_available": 1,
    "results": [
        {
            "market_type": "crypto",
            "symbol": "BTC-USD",
            "requested_url": "http://localhost:8081/index.php?market_type=crypto&symbol=BTC-USD&run_analysis=1&live=1",
            "ok": true,
            "status": 200,
            "has_price_payload": true,
            "symbol_probe": null,
            "removed_from_list": false,
            "remove_reason": "",
            "checked_at": "2026-07-27T14:36:08Z"
        }
    ]
}
[2026-07-27T10:36:08-04:00] php runner end

[2026-07-27T10:41:05-04:00] php runner start
{
    "ran_at": "2026-07-27T14:41:02Z",
    "target_count": 1,
    "target_batch_limit": 2,
    "target_batch_offset": 0,
    "target_batch_next_offset": 0,
    "target_total_available": 1,
    "results": [
        {
            "market_type": "crypto",
            "symbol": "BTC-USD",
            "requested_url": "http://localhost:8081/index.php?market_type=crypto&symbol=BTC-USD&run_analysis=1&live=1",
            "ok": true,
            "status": 200,
            "has_price_payload": true,
            "symbol_probe": null,
            "removed_from_list": false,
            "remove_reason": "",
            "checked_at": "2026-07-27T14:41:05Z"
        }
    ]
}
[2026-07-27T10:41:05-04:00] php runner end

[2026-07-27T10:46:06-04:00] php runner start
{
    "ran_at": "2026-07-27T14:46:02Z",
    "target_count": 1,
    "target_batch_limit": 2,
    "target_batch_offset": 0,
    "target_batch_next_offset": 0,
    "target_total_available": 1,
    "results": [
        {
            "market_type": "crypto",
            "symbol": "BTC-USD",
            "requested_url": "http://localhost:8081/index.php?market_type=crypto&symbol=BTC-USD&run_analysis=1&live=1",
            "ok": true,
            "status": 200,
            "has_price_payload": true,
            "symbol_probe": null,
            "removed_from_list": false,
            "remove_reason": "",
            "checked_at": "2026-07-27T14:46:05Z"
        }
    ]
}
[2026-07-27T10:46:06-04:00] php runner end

[2026-07-27T10:51:07-04:00] php runner start
{
    "ran_at": "2026-07-27T14:51:03Z",
    "target_count": 2,
    "target_batch_limit": 2,
    "target_batch_offset": 0,
    "target_batch_next_offset": 0,
    "target_total_available": 2,
    "results": [
        {
            "market_type": "crypto",
            "symbol": "BTC-USD",
            "requested_url": "http://127.0.0.1:8081/index.php?market_type=crypto&symbol=BTC-USD&run_analysis=1&live=1",
            "ok": true,
            "status": 200,
            "has_price_payload": true,
            "symbol_probe": null,
            "removed_from_list": false,
            "remove_reason": "",
            "checked_at": "2026-07-27T14:51:04Z"
        },
        {
            "market_type": "crypto",
            "symbol": "ETH-USD",
            "requested_url": "http://localhost:8081/index.php?market_type=crypto&symbol=ETH-USD&run_analysis=1&live=1",
            "ok": true,
            "status": 200,
            "has_price_payload": true,
            "symbol_probe": null,
            "removed_from_list": false,
            "remove_reason": "",
            "checked_at": "2026-07-27T14:51:07Z"
        }
    ]
}
[2026-07-27T10:51:07-04:00] php runner end

[2026-07-27T10:56:09-04:00] php runner start
{
    "ran_at": "2026-07-27T14:56:02Z",
    "target_count": 2,
    "target_batch_limit": 2,
    "target_batch_offset": 0,
    "target_batch_next_offset": 0,
    "target_total_available": 2,
    "results": [
        {
            "market_type": "crypto",
            "symbol": "BTC-USD",
            "requested_url": "http://localhost:8081/index.php?market_type=crypto&symbol=BTC-USD&buy_multiplier=1.10&sell_multiplier=0.80&break_buy=0.50&break_gain=0.50&break_loss=0.50&run_analysis=1&live=1",
            "ok": true,
            "status": 200,
            "has_price_payload": true,
            "symbol_probe": null,
            "removed_from_list": false,
            "remove_reason": "",
            "checked_at": "2026-07-27T14:56:06Z"
        },
        {
            "market_type": "crypto",
            "symbol": "ETH-USD",
            "requested_url": "http://localhost:8081/index.php?market_type=crypto&symbol=ETH-USD&buy_multiplier=1.10&sell_multiplier=1.00&break_buy=0.50&break_gain=0.50&break_loss=0.50&run_analysis=1&live=1",
            "ok": true,
            "status": 200,
            "has_price_payload": true,
            "symbol_probe": null,
            "removed_from_list": false,
            "remove_reason": "",
            "checked_at": "2026-07-27T14:56:09Z"
        }
    ]
}
[2026-07-27T10:56:09-04:00] php runner end

[2026-07-27T11:01:11-04:00] php runner start
{
    "ran_at": "2026-07-27T15:01:02Z",
    "target_count": 2,
    "target_batch_limit": 2,
    "target_batch_offset": 2,
    "target_batch_next_offset": 0,
    "target_total_available": 4,
    "results": [
        {
            "market_type": "crypto",
            "symbol": "SOL-USD",
            "requested_url": "http://localhost:8081/index.php?market_type=crypto&symbol=SOL-USD&buy_multiplier=1.10&sell_multiplier=1.00&break_buy=0.50&break_gain=0.50&break_loss=0.50&run_analysis=1&live=1",
            "ok": true,
            "status": 200,
            "has_price_payload": true,
            "symbol_probe": null,
            "removed_from_list": false,
            "remove_reason": "",
            "checked_at": "2026-07-27T15:01:08Z"
        },
        {
            "market_type": "stock",
            "symbol": "TSLA",
            "requested_url": "http://localhost:8081/index.php?market_type=stock&symbol=TSLA&buy_multiplier=1.10&sell_multiplier=1.00&break_buy=0.50&break_gain=0.50&break_loss=0.50&run_analysis=1&live=1",
            "ok": true,
            "status": 200,
            "has_price_payload": true,
            "symbol_probe": null,
            "removed_from_list": false,
            "remove_reason": "",
            "checked_at": "2026-07-27T15:01:11Z"
        }
    ]
}
[2026-07-27T11:01:11-04:00] php runner end

[2026-07-27T11:06:10-04:00] php runner start
{
    "ran_at": "2026-07-27T15:06:03Z",
    "target_count": 2,
    "target_batch_limit": 2,
    "target_batch_offset": 2,
    "target_batch_next_offset": 4,
    "target_total_available": 6,
    "results": [
        {
            "market_type": "crypto",
            "symbol": "SOL-USD",
            "requested_url": "http://localhost:8081/index.php?market_type=crypto&symbol=SOL-USD&buy_multiplier=1.10&sell_multiplier=1.00&break_buy=0.50&break_gain=0.50&break_loss=0.50&run_analysis=1&live=1",
            "ok": true,
            "status": 200,
            "has_price_payload": true,
            "symbol_probe": null,
            "removed_from_list": false,
            "remove_reason": "",
            "checked_at": "2026-07-27T15:06:06Z"
        },
        {
            "market_type": "stock",
            "symbol": "AAPL",
            "requested_url": "http://localhost:8081/index.php?market_type=stock&symbol=AAPL&buy_multiplier=1.10&sell_multiplier=1.00&break_buy=0.50&break_gain=0.50&break_loss=0.50&run_analysis=1&live=1",
            "ok": true,
            "status": 200,
            "has_price_payload": false,
            "symbol_probe": {
                "url": "https://www.alphavantage.co/query?function=GLOBAL_QUOTE&symbol=AAPL&apikey=MQ4IWO3A9Z1OGZH5",
                "ok": false,
                "status": 0,
                "looks_real": false,
                "inconclusive": true,
                "reason": "Alpha Vantage did not return JSON."
            },
            "removed_from_list": false,
            "remove_reason": "Kept symbol because Alpha Vantage could not conclusively verify the stock symbol.",
            "checked_at": "2026-07-27T15:06:10Z"
        }
    ]
}
[2026-07-27T11:06:10-04:00] php runner end

[2026-07-27T11:11:32-04:00] php runner start
{
    "ran_at": "2026-07-27T15:11:03Z",
    "target_count": 2,
    "target_batch_limit": 2,
    "target_batch_offset": 0,
    "target_batch_next_offset": 2,
    "target_total_available": 6,
    "results": [
        {
            "market_type": "crypto",
            "symbol": "BTC-USD",
            "requested_url": "http://localhost:8081/index.php?market_type=crypto&symbol=BTC-USD&buy_multiplier=1.10&sell_multiplier=0.80&break_buy=0.50&break_gain=0.50&break_loss=0.50&run_analysis=1&live=1",
            "ok": false,
            "status": 0,
            "has_price_payload": false,
            "symbol_probe": {
                "url": "https://query1.finance.yahoo.com/v8/finance/chart/BTC-USD?range=1d&interval=5m&includePrePost=false",
                "ok": false,
                "status": 0,
                "looks_real": false
            },
            "removed_from_list": false,
            "remove_reason": "Kept symbol because the local market page did not respond, so this looked like an app availability issue rather than proof that the symbol was invalid.",
            "checked_at": "2026-07-27T15:11:17Z"
        },
        {
            "market_type": "crypto",
            "symbol": "ETH-USD",
            "requested_url": "http://localhost:8081/index.php?market_type=crypto&symbol=ETH-USD&buy_multiplier=1.10&sell_multiplier=0.80&break_buy=0.50&break_gain=0.50&break_loss=0.50&run_analysis=1&live=1",
            "ok": false,
            "status": 0,
            "has_price_payload": false,
            "symbol_probe": {
                "url": "https://query1.finance.yahoo.com/v8/finance/chart/ETH-USD?range=1d&interval=5m&includePrePost=false",
                "ok": false,
                "status": 0,
                "looks_real": false
            },
            "removed_from_list": false,
            "remove_reason": "Kept symbol because the local market page did not respond, so this looked like an app availability issue rather than proof that the symbol was invalid.",
            "checked_at": "2026-07-27T15:11:32Z"
        }
    ]
}
[2026-07-27T11:11:32-04:00] php runner end

[2026-07-27T11:16:31-04:00] php runner start
{
    "ran_at": "2026-07-27T15:16:03Z",
    "target_count": 2,
    "target_batch_limit": 2,
    "target_batch_offset": 4,
    "target_batch_next_offset": 0,
    "target_total_available": 6,
    "results": [
        {
            "market_type": "stock",
            "symbol": "MSFT",
            "requested_url": "http://localhost:8081/index.php?market_type=stock&symbol=MSFT&buy_multiplier=1.10&sell_multiplier=1.00&break_buy=0.50&break_gain=0.50&break_loss=0.50&run_analysis=1&live=1",
            "ok": false,
            "status": 0,
            "has_price_payload": false,
            "symbol_probe": {
                "url": "https://www.alphavantage.co/query?function=GLOBAL_QUOTE&symbol=MSFT&apikey=MQ4IWO3A9Z1OGZH5",
                "ok": false,
                "status": 0,
                "looks_real": false,
                "inconclusive": true,
                "reason": "Alpha Vantage did not return JSON."
            },
            "removed_from_list": false,
            "remove_reason": "Kept symbol because the local market page did not respond, so this looked like an app availability issue rather than proof that the symbol was invalid.",
            "checked_at": "2026-07-27T15:16:17Z"
        },
        {
            "market_type": "stock",
            "symbol": "TSLA",
            "requested_url": "http://localhost:8081/index.php?market_type=stock&symbol=TSLA&buy_multiplier=1.10&sell_multiplier=1.00&break_buy=0.50&break_gain=0.50&break_loss=0.50&run_analysis=1&live=1",
            "ok": false,
            "status": 0,
            "has_price_payload": false,
            "symbol_probe": {
                "url": "https://www.alphavantage.co/query?function=GLOBAL_QUOTE&symbol=TSLA&apikey=MQ4IWO3A9Z1OGZH5",
                "ok": false,
                "status": 0,
                "looks_real": false,
                "inconclusive": true,
                "reason": "Alpha Vantage did not return JSON."
            },
            "removed_from_list": false,
            "remove_reason": "Kept symbol because the local market page did not respond, so this looked like an app availability issue rather than proof that the symbol was invalid.",
            "checked_at": "2026-07-27T15:16:31Z"
        }
    ]
}
[2026-07-27T11:16:31-04:00] php runner end

[2026-07-27T11:21:10-04:00] php runner start
{
    "ran_at": "2026-07-27T15:21:03Z",
    "target_count": 2,
    "target_batch_limit": 2,
    "target_batch_offset": 2,
    "target_batch_next_offset": 4,
    "target_total_available": 6,
    "results": [
        {
            "market_type": "crypto",
            "symbol": "SOL-USD",
            "requested_url": "http://localhost:8081/index.php?market_type=crypto&symbol=SOL-USD&buy_multiplier=1.10&sell_multiplier=1.00&break_buy=0.50&break_gain=0.50&break_loss=0.50&run_analysis=1&live=1",
            "ok": true,
            "status": 200,
            "has_price_payload": true,
            "symbol_probe": null,
            "removed_from_list": false,
            "remove_reason": "",
            "checked_at": "2026-07-27T15:21:07Z"
        },
        {
            "market_type": "stock",
            "symbol": "AAPL",
            "requested_url": "http://localhost:8081/index.php?market_type=stock&symbol=AAPL&buy_multiplier=1.10&sell_multiplier=1.00&break_buy=0.50&break_gain=0.50&break_loss=0.50&run_analysis=1&live=1",
            "ok": true,
            "status": 200,
            "has_price_payload": false,
            "symbol_probe": {
                "url": "https://www.alphavantage.co/query?function=GLOBAL_QUOTE&symbol=AAPL&apikey=MQ4IWO3A9Z1OGZH5",
                "ok": false,
                "status": 0,
                "looks_real": false,
                "inconclusive": true,
                "reason": "Alpha Vantage did not return JSON."
            },
            "removed_from_list": false,
            "remove_reason": "Kept symbol because Alpha Vantage could not conclusively verify the stock symbol.",
            "checked_at": "2026-07-27T15:21:09Z"
        }
    ]
}
[2026-07-27T11:21:10-04:00] php runner end

[2026-07-27T11:26:10-04:00] php runner start
{
    "ran_at": "2026-07-27T15:26:03Z",
    "target_count": 2,
    "target_batch_limit": 2,
    "target_batch_offset": 0,
    "target_batch_next_offset": 2,
    "target_total_available": 6,
    "results": [
        {
            "market_type": "crypto",
            "symbol": "BTC-USD",
            "requested_url": "http://localhost:8081/index.php?market_type=crypto&symbol=BTC-USD&buy_multiplier=1.10&sell_multiplier=0.80&break_buy=0.50&break_gain=0.50&break_loss=0.50&run_analysis=1&live=1",
            "ok": true,
            "status": 200,
            "has_price_payload": true,
            "symbol_probe": null,
            "removed_from_list": false,
            "remove_reason": "",
            "checked_at": "2026-07-27T15:26:06Z"
        },
        {
            "market_type": "crypto",
            "symbol": "ETH-USD",
            "requested_url": "http://localhost:8081/index.php?market_type=crypto&symbol=ETH-USD&buy_multiplier=1.10&sell_multiplier=0.80&break_buy=0.50&break_gain=0.50&break_loss=0.50&run_analysis=1&live=1",
            "ok": true,
            "status": 200,
            "has_price_payload": true,
            "symbol_probe": null,
            "removed_from_list": false,
            "remove_reason": "",
            "checked_at": "2026-07-27T15:26:10Z"
        }
    ]
}
[2026-07-27T11:26:10-04:00] php runner end

[2026-07-27T11:31:09-04:00] php runner start
{
    "ran_at": "2026-07-27T15:31:03Z",
    "target_count": 2,
    "target_batch_limit": 2,
    "target_batch_offset": 4,
    "target_batch_next_offset": 0,
    "target_total_available": 6,
    "results": [
        {
            "market_type": "stock",
            "symbol": "MSFT",
            "requested_url": "http://localhost:8081/index.php?market_type=stock&symbol=MSFT&buy_multiplier=1.10&sell_multiplier=1.00&break_buy=0.50&break_gain=0.50&break_loss=0.50&run_analysis=1&live=1",
            "ok": true,
            "status": 200,
            "has_price_payload": true,
            "symbol_probe": null,
            "removed_from_list": false,
            "remove_reason": "",
            "checked_at": "2026-07-27T15:31:06Z"
        },
        {
            "market_type": "stock",
            "symbol": "TSLA",
            "requested_url": "http://localhost:8081/index.php?market_type=stock&symbol=TSLA&buy_multiplier=1.10&sell_multiplier=1.00&break_buy=0.50&break_gain=0.50&break_loss=0.50&run_analysis=1&live=1",
            "ok": true,
            "status": 200,
            "has_price_payload": true,
            "symbol_probe": null,
            "removed_from_list": false,
            "remove_reason": "",
            "checked_at": "2026-07-27T15:31:09Z"
        }
    ]
}
[2026-07-27T11:31:09-04:00] php runner end

[2026-07-27T11:36:10-04:00] php runner start
{
    "ran_at": "2026-07-27T15:36:03Z",
    "target_count": 2,
    "target_batch_limit": 2,
    "target_batch_offset": 2,
    "target_batch_next_offset": 4,
    "target_total_available": 6,
    "results": [
        {
            "market_type": "crypto",
            "symbol": "SOL-USD",
            "requested_url": "http://localhost:8081/index.php?market_type=crypto&symbol=SOL-USD&buy_multiplier=1.10&sell_multiplier=1.00&break_buy=0.50&break_gain=0.50&break_loss=0.50&run_analysis=1&live=1",
            "ok": true,
            "status": 200,
            "has_price_payload": true,
            "symbol_probe": null,
            "removed_from_list": false,
            "remove_reason": "",
            "checked_at": "2026-07-27T15:36:07Z"
        },
        {
            "market_type": "stock",
            "symbol": "AAPL",
            "requested_url": "http://localhost:8081/index.php?market_type=stock&symbol=AAPL&buy_multiplier=1.10&sell_multiplier=1.00&break_buy=0.50&break_gain=0.50&break_loss=0.50&run_analysis=1&live=1",
            "ok": true,
            "status": 200,
            "has_price_payload": true,
            "symbol_probe": null,
            "removed_from_list": false,
            "remove_reason": "",
            "checked_at": "2026-07-27T15:36:10Z"
        }
    ]
}
[2026-07-27T11:36:10-04:00] php runner end

[2026-07-27T11:41:10-04:00] php runner start
{
    "ran_at": "2026-07-27T15:41:03Z",
    "target_count": 2,
    "target_batch_limit": 2,
    "target_batch_offset": 0,
    "target_batch_next_offset": 2,
    "target_total_available": 6,
    "results": [
        {
            "market_type": "crypto",
            "symbol": "BTC-USD",
            "requested_url": "http://localhost:8081/index.php?market_type=crypto&symbol=BTC-USD&buy_multiplier=1.10&sell_multiplier=0.80&break_buy=0.50&break_gain=0.50&break_loss=0.50&run_analysis=1&live=1",
            "ok": true,
            "status": 200,
            "has_price_payload": true,
            "symbol_probe": null,
            "removed_from_list": false,
            "remove_reason": "",
            "checked_at": "2026-07-27T15:41:07Z"
        },
        {
            "market_type": "crypto",
            "symbol": "ETH-USD",
            "requested_url": "http://localhost:8081/index.php?market_type=crypto&symbol=ETH-USD&buy_multiplier=1.10&sell_multiplier=0.80&break_buy=0.50&break_gain=0.50&break_loss=0.50&run_analysis=1&live=1",
            "ok": true,
            "status": 200,
            "has_price_payload": true,
            "symbol_probe": null,
            "removed_from_list": false,
            "remove_reason": "",
            "checked_at": "2026-07-27T15:41:09Z"
        }
    ]
}
[2026-07-27T11:41:10-04:00] php runner end

[2026-07-27T11:46:10-04:00] php runner start
{
    "ran_at": "2026-07-27T15:46:04Z",
    "target_count": 2,
    "target_batch_limit": 2,
    "target_batch_offset": 4,
    "target_batch_next_offset": 0,
    "target_total_available": 6,
    "results": [
        {
            "market_type": "stock",
            "symbol": "MSFT",
            "requested_url": "http://localhost:8081/index.php?market_type=stock&symbol=MSFT&buy_multiplier=1.10&sell_multiplier=1.00&break_buy=0.50&break_gain=0.50&break_loss=0.50&run_analysis=1&live=1",
            "ok": true,
            "status": 200,
            "has_price_payload": true,
            "symbol_probe": null,
            "removed_from_list": false,
            "remove_reason": "",
            "checked_at": "2026-07-27T15:46:07Z"
        },
        {
            "market_type": "stock",
            "symbol": "TSLA",
            "requested_url": "http://localhost:8081/index.php?market_type=stock&symbol=TSLA&buy_multiplier=1.10&sell_multiplier=1.00&break_buy=0.50&break_gain=0.50&break_loss=0.50&run_analysis=1&live=1",
            "ok": true,
            "status": 200,
            "has_price_payload": true,
            "symbol_probe": null,
            "removed_from_list": false,
            "remove_reason": "",
            "checked_at": "2026-07-27T15:46:10Z"
        }
    ]
}
[2026-07-27T11:46:10-04:00] php runner end

[2026-07-27T11:51:11-04:00] php runner start
{
    "ran_at": "2026-07-27T15:51:04Z",
    "target_count": 2,
    "target_batch_limit": 2,
    "target_batch_offset": 2,
    "target_batch_next_offset": 4,
    "target_total_available": 6,
    "results": [
        {
            "market_type": "crypto",
            "symbol": "SOL-USD",
            "requested_url": "http://localhost:8081/index.php?market_type=crypto&symbol=SOL-USD&buy_multiplier=1.10&sell_multiplier=0.80&break_buy=0.50&break_gain=0.50&break_loss=0.50&run_analysis=1&live=1",
            "ok": true,
            "status": 200,
            "has_price_payload": true,
            "symbol_probe": null,
            "removed_from_list": false,
            "remove_reason": "",
            "checked_at": "2026-07-27T15:51:08Z"
        },
        {
            "market_type": "stock",
            "symbol": "AAPL",
            "requested_url": "http://localhost:8081/index.php?market_type=stock&symbol=AAPL&buy_multiplier=1.10&sell_multiplier=0.80&break_buy=0.50&break_gain=0.50&break_loss=0.50&run_analysis=1&live=1",
            "ok": true,
            "status": 200,
            "has_price_payload": true,
            "symbol_probe": null,
            "removed_from_list": false,
            "remove_reason": "",
            "checked_at": "2026-07-27T15:51:11Z"
        }
    ]
}
[2026-07-27T11:51:11-04:00] php runner end

[2026-07-27T11:56:09-04:00] php runner start
{
    "ran_at": "2026-07-27T15:56:03Z",
    "target_count": 2,
    "target_batch_limit": 2,
    "target_batch_offset": 0,
    "target_batch_next_offset": 2,
    "target_total_available": 6,
    "results": [
        {
            "market_type": "crypto",
            "symbol": "BTC-USD",
            "requested_url": "http://localhost:8081/index.php?market_type=crypto&symbol=BTC-USD&buy_multiplier=1.10&sell_multiplier=0.80&break_buy=0.50&break_gain=0.50&break_loss=0.50&run_analysis=1&live=1",
            "ok": true,
            "status": 200,
            "has_price_payload": true,
            "symbol_probe": null,
            "removed_from_list": false,
            "remove_reason": "",
            "checked_at": "2026-07-27T15:56:06Z"
        },
        {
            "market_type": "crypto",
            "symbol": "ETH-USD",
            "requested_url": "http://localhost:8081/index.php?market_type=crypto&symbol=ETH-USD&buy_multiplier=1.10&sell_multiplier=0.80&break_buy=0.50&break_gain=0.50&break_loss=0.50&run_analysis=1&live=1",
            "ok": true,
            "status": 200,
            "has_price_payload": true,
            "symbol_probe": null,
            "removed_from_list": false,
            "remove_reason": "",
            "checked_at": "2026-07-27T15:56:09Z"
        }
    ]
}
[2026-07-27T11:56:09-04:00] php runner end

[2026-07-27T12:01:10-04:00] php runner start
{
    "ran_at": "2026-07-27T16:01:03Z",
    "target_count": 2,
    "target_batch_limit": 2,
    "target_batch_offset": 4,
    "target_batch_next_offset": 0,
    "target_total_available": 6,
    "results": [
        {
            "market_type": "stock",
            "symbol": "MSFT",
            "requested_url": "http://localhost:8081/index.php?market_type=stock&symbol=MSFT&buy_multiplier=1.10&sell_multiplier=1.00&break_buy=0.50&break_gain=0.50&break_loss=0.50&run_analysis=1&live=1",
            "ok": true,
            "status": 200,
            "has_price_payload": true,
            "symbol_probe": null,
            "removed_from_list": false,
            "remove_reason": "",
            "checked_at": "2026-07-27T16:01:07Z"
        },
        {
            "market_type": "stock",
            "symbol": "TSLA",
            "requested_url": "http://localhost:8081/index.php?market_type=stock&symbol=TSLA&buy_multiplier=1.10&sell_multiplier=1.00&break_buy=0.50&break_gain=0.50&break_loss=0.50&run_analysis=1&live=1",
            "ok": true,
            "status": 200,
            "has_price_payload": true,
            "symbol_probe": null,
            "removed_from_list": false,
            "remove_reason": "",
            "checked_at": "2026-07-27T16:01:10Z"
        }
    ]
}
[2026-07-27T12:01:10-04:00] php runner end

[2026-07-27T12:06:07-04:00] php runner start
{
    "ran_at": "2026-07-27T16:06:03Z",
    "target_count": 2,
    "target_batch_limit": 2,
    "target_batch_offset": 2,
    "target_batch_next_offset": 4,
    "target_total_available": 6,
    "results": [
        {
            "market_type": "crypto",
            "symbol": "SOL-USD",
            "requested_url": "http://localhost:8081/index.php?market_type=crypto&symbol=SOL-USD&buy_multiplier=1.10&sell_multiplier=0.80&break_buy=0.50&break_gain=0.50&break_loss=0.50&run_analysis=1&live=1",
            "ok": true,
            "status": 200,
            "has_price_payload": true,
            "symbol_probe": null,
            "removed_from_list": false,
            "remove_reason": "",
            "checked_at": "2026-07-27T16:06:05Z"
        },
        {
            "market_type": "stock",
            "symbol": "AAPL",
            "requested_url": "http://localhost:8081/index.php?market_type=stock&symbol=AAPL&buy_multiplier=1.10&sell_multiplier=0.80&break_buy=0.50&break_gain=0.50&break_loss=0.50&run_analysis=1&live=1",
            "ok": true,
            "status": 200,
            "has_price_payload": true,
            "symbol_probe": null,
            "removed_from_list": false,
            "remove_reason": "",
            "checked_at": "2026-07-27T16:06:07Z"
        }
    ]
}
[2026-07-27T12:06:07-04:00] php runner end

[2026-07-27T12:11:09-04:00] php runner start
{
    "ran_at": "2026-07-27T16:11:03Z",
    "target_count": 2,
    "target_batch_limit": 2,
    "target_batch_offset": 0,
    "target_batch_next_offset": 2,
    "target_total_available": 6,
    "results": [
        {
            "market_type": "crypto",
            "symbol": "BTC-USD",
            "requested_url": "http://localhost:8081/index.php?market_type=crypto&symbol=BTC-USD&buy_multiplier=0.90&sell_multiplier=0.80&break_buy=0.50&break_gain=0.50&break_loss=0.50&run_analysis=1&live=1",
            "ok": true,
            "status": 200,
            "has_price_payload": true,
            "symbol_probe": null,
            "removed_from_list": false,
            "remove_reason": "",
            "checked_at": "2026-07-27T16:11:06Z"
        },
        {
            "market_type": "crypto",
            "symbol": "ETH-USD",
            "requested_url": "http://localhost:8081/index.php?market_type=crypto&symbol=ETH-USD&buy_multiplier=0.90&sell_multiplier=0.80&break_buy=0.50&break_gain=0.50&break_loss=0.50&run_analysis=1&live=1",
            "ok": true,
            "status": 200,
            "has_price_payload": true,
            "symbol_probe": null,
            "removed_from_list": false,
            "remove_reason": "",
            "checked_at": "2026-07-27T16:11:09Z"
        }
    ]
}
[2026-07-27T12:11:09-04:00] php runner end

[2026-07-27T12:16:09-04:00] php runner start
{
    "ran_at": "2026-07-27T16:16:03Z",
    "target_count": 2,
    "target_batch_limit": 2,
    "target_batch_offset": 4,
    "target_batch_next_offset": 0,
    "target_total_available": 6,
    "results": [
        {
            "market_type": "stock",
            "symbol": "MSFT",
            "requested_url": "http://localhost:8081/index.php?market_type=stock&symbol=MSFT&buy_multiplier=1.10&sell_multiplier=1.00&break_buy=0.50&break_gain=0.50&break_loss=0.50&run_analysis=1&live=1",
            "ok": true,
            "status": 200,
            "has_price_payload": true,
            "symbol_probe": null,
            "removed_from_list": false,
            "remove_reason": "",
            "checked_at": "2026-07-27T16:16:06Z"
        },
        {
            "market_type": "stock",
            "symbol": "TSLA",
            "requested_url": "http://localhost:8081/index.php?market_type=stock&symbol=TSLA&buy_multiplier=1.10&sell_multiplier=1.00&break_buy=0.50&break_gain=0.50&break_loss=0.50&run_analysis=1&live=1",
            "ok": true,
            "status": 200,
            "has_price_payload": true,
            "symbol_probe": null,
            "removed_from_list": false,
            "remove_reason": "",
            "checked_at": "2026-07-27T16:16:09Z"
        }
    ]
}
[2026-07-27T12:16:09-04:00] php runner end

[2026-07-27T12:21:13-04:00] php runner start
{
    "ran_at": "2026-07-27T16:21:03Z",
    "target_count": 2,
    "target_batch_limit": 2,
    "target_batch_offset": 2,
    "target_batch_next_offset": 4,
    "target_total_available": 6,
    "results": [
        {
            "market_type": "crypto",
            "symbol": "SOL-USD",
            "requested_url": "http://localhost:8081/index.php?market_type=crypto&symbol=SOL-USD&buy_multiplier=1.10&sell_multiplier=0.80&break_buy=0.50&break_gain=0.50&break_loss=0.50&run_analysis=1&live=1",
            "ok": true,
            "status": 200,
            "has_price_payload": true,
            "symbol_probe": null,
            "removed_from_list": false,
            "remove_reason": "",
            "checked_at": "2026-07-27T16:21:08Z"
        },
        {
            "market_type": "stock",
            "symbol": "AAPL",
            "requested_url": "http://localhost:8081/index.php?market_type=stock&symbol=AAPL&buy_multiplier=1.10&sell_multiplier=0.80&break_buy=0.50&break_gain=0.50&break_loss=0.50&run_analysis=1&live=1",
            "ok": true,
            "status": 200,
            "has_price_payload": true,
            "symbol_probe": null,
            "removed_from_list": false,
            "remove_reason": "",
            "checked_at": "2026-07-27T16:21:12Z"
        }
    ]
}
[2026-07-27T12:21:13-04:00] php runner end

[2026-07-27T12:26:10-04:00] php runner start
{
    "ran_at": "2026-07-27T16:26:03Z",
    "target_count": 2,
    "target_batch_limit": 2,
    "target_batch_offset": 0,
    "target_batch_next_offset": 2,
    "target_total_available": 6,
    "results": [
        {
            "market_type": "crypto",
            "symbol": "BTC-USD",
            "requested_url": "http://localhost:8081/index.php?market_type=crypto&symbol=BTC-USD&buy_multiplier=0.90&sell_multiplier=0.80&break_buy=0.50&break_gain=0.50&break_loss=0.50&run_analysis=1&live=1",
            "ok": true,
            "status": 200,
            "has_price_payload": true,
            "symbol_probe": null,
            "removed_from_list": false,
            "remove_reason": "",
            "checked_at": "2026-07-27T16:26:07Z"
        },
        {
            "market_type": "crypto",
            "symbol": "ETH-USD",
            "requested_url": "http://localhost:8081/index.php?market_type=crypto&symbol=ETH-USD&buy_multiplier=0.90&sell_multiplier=0.80&break_buy=0.50&break_gain=0.50&break_loss=0.50&run_analysis=1&live=1",
            "ok": true,
            "status": 200,
            "has_price_payload": true,
            "symbol_probe": null,
            "removed_from_list": false,
            "remove_reason": "",
            "checked_at": "2026-07-27T16:26:10Z"
        }
    ]
}
[2026-07-27T12:26:10-04:00] php runner end

[2026-07-27T12:31:10-04:00] php runner start
{
    "ran_at": "2026-07-27T16:31:03Z",
    "target_count": 2,
    "target_batch_limit": 2,
    "target_batch_offset": 4,
    "target_batch_next_offset": 0,
    "target_total_available": 6,
    "results": [
        {
            "market_type": "stock",
            "symbol": "MSFT",
            "requested_url": "http://localhost:8081/index.php?market_type=stock&symbol=MSFT&buy_multiplier=1.10&sell_multiplier=1.00&break_buy=0.50&break_gain=0.50&break_loss=0.50&run_analysis=1&live=1",
            "ok": true,
            "status": 200,
            "has_price_payload": true,
            "symbol_probe": null,
            "removed_from_list": false,
            "remove_reason": "",
            "checked_at": "2026-07-27T16:31:06Z"
        },
        {
            "market_type": "stock",
            "symbol": "TSLA",
            "requested_url": "http://localhost:8081/index.php?market_type=stock&symbol=TSLA&buy_multiplier=1.10&sell_multiplier=1.00&break_buy=0.50&break_gain=0.50&break_loss=0.50&run_analysis=1&live=1",
            "ok": true,
            "status": 200,
            "has_price_payload": true,
            "symbol_probe": null,
            "removed_from_list": false,
            "remove_reason": "",
            "checked_at": "2026-07-27T16:31:10Z"
        }
    ]
}
[2026-07-27T12:31:10-04:00] php runner end

[2026-07-27T12:36:09-04:00] php runner start
{
    "ran_at": "2026-07-27T16:36:03Z",
    "target_count": 2,
    "target_batch_limit": 2,
    "target_batch_offset": 2,
    "target_batch_next_offset": 4,
    "target_total_available": 6,
    "results": [
        {
            "market_type": "crypto",
            "symbol": "SOL-USD",
            "requested_url": "http://localhost:8081/index.php?market_type=crypto&symbol=SOL-USD&buy_multiplier=1.10&sell_multiplier=0.80&break_buy=0.50&break_gain=0.50&break_loss=0.50&run_analysis=1&live=1",
            "ok": true,
            "status": 200,
            "has_price_payload": true,
            "symbol_probe": null,
            "removed_from_list": false,
            "remove_reason": "",
            "checked_at": "2026-07-27T16:36:07Z"
        },
        {
            "market_type": "stock",
            "symbol": "AAPL",
            "requested_url": "http://localhost:8081/index.php?market_type=stock&symbol=AAPL&buy_multiplier=1.10&sell_multiplier=0.80&break_buy=0.50&break_gain=0.50&break_loss=0.50&run_analysis=1&live=1",
            "ok": true,
            "status": 200,
            "has_price_payload": true,
            "symbol_probe": null,
            "removed_from_list": false,
            "remove_reason": "",
            "checked_at": "2026-07-27T16:36:09Z"
        }
    ]
}
[2026-07-27T12:36:09-04:00] php runner end

[2026-07-27T12:41:12-04:00] php runner start
{
    "ran_at": "2026-07-27T16:41:03Z",
    "target_count": 2,
    "target_batch_limit": 2,
    "target_batch_offset": 0,
    "target_batch_next_offset": 2,
    "target_total_available": 6,
    "results": [
        {
            "market_type": "crypto",
            "symbol": "BTC-USD",
            "requested_url": "http://localhost:8081/index.php?market_type=crypto&symbol=BTC-USD&buy_multiplier=0.90&sell_multiplier=0.80&break_buy=0.50&break_gain=0.50&break_loss=0.50&run_analysis=1&live=1",
            "ok": true,
            "status": 200,
            "has_price_payload": true,
            "symbol_probe": null,
            "removed_from_list": false,
            "remove_reason": "",
            "checked_at": "2026-07-27T16:41:07Z"
        },
        {
            "market_type": "crypto",
            "symbol": "ETH-USD",
            "requested_url": "http://localhost:8081/index.php?market_type=crypto&symbol=ETH-USD&buy_multiplier=0.90&sell_multiplier=0.80&break_buy=0.50&break_gain=0.50&break_loss=0.50&run_analysis=1&live=1",
            "ok": true,
            "status": 200,
            "has_price_payload": true,
            "symbol_probe": null,
            "removed_from_list": false,
            "remove_reason": "",
            "checked_at": "2026-07-27T16:41:12Z"
        }
    ]
}
[2026-07-27T12:41:12-04:00] php runner end

[2026-07-27T12:46:10-04:00] php runner start
{
    "ran_at": "2026-07-27T16:46:03Z",
    "target_count": 2,
    "target_batch_limit": 2,
    "target_batch_offset": 4,
    "target_batch_next_offset": 0,
    "target_total_available": 6,
    "results": [
        {
            "market_type": "stock",
            "symbol": "MSFT",
            "requested_url": "http://localhost:8081/index.php?market_type=stock&symbol=MSFT&buy_multiplier=1.10&sell_multiplier=1.00&break_buy=0.50&break_gain=0.50&break_loss=0.50&run_analysis=1&live=1",
            "ok": true,
            "status": 200,
            "has_price_payload": true,
            "symbol_probe": null,
            "removed_from_list": false,
            "remove_reason": "",
            "checked_at": "2026-07-27T16:46:06Z"
        },
        {
            "market_type": "stock",
            "symbol": "TSLA",
            "requested_url": "http://localhost:8081/index.php?market_type=stock&symbol=TSLA&buy_multiplier=1.10&sell_multiplier=1.00&break_buy=0.50&break_gain=0.50&break_loss=0.50&run_analysis=1&live=1",
            "ok": true,
            "status": 200,
            "has_price_payload": true,
            "symbol_probe": null,
            "removed_from_list": false,
            "remove_reason": "",
            "checked_at": "2026-07-27T16:46:10Z"
        }
    ]
}
[2026-07-27T12:46:10-04:00] php runner end

[2026-07-27T12:51:11-04:00] php runner start
{
    "ran_at": "2026-07-27T16:51:03Z",
    "target_count": 2,
    "target_batch_limit": 2,
    "target_batch_offset": 2,
    "target_batch_next_offset": 4,
    "target_total_available": 6,
    "results": [
        {
            "market_type": "crypto",
            "symbol": "SOL-USD",
            "requested_url": "http://localhost:8081/index.php?market_type=crypto&symbol=SOL-USD&buy_multiplier=1.10&sell_multiplier=0.80&break_buy=0.50&break_gain=0.50&break_loss=0.50&run_analysis=1&live=1",
            "ok": true,
            "status": 200,
            "has_price_payload": true,
            "symbol_probe": null,
            "removed_from_list": false,
            "remove_reason": "",
            "checked_at": "2026-07-27T16:51:08Z"
        },
        {
            "market_type": "stock",
            "symbol": "AAPL",
            "requested_url": "http://localhost:8081/index.php?market_type=stock&symbol=AAPL&buy_multiplier=1.10&sell_multiplier=0.80&break_buy=0.50&break_gain=0.50&break_loss=0.50&run_analysis=1&live=1",
            "ok": true,
            "status": 200,
            "has_price_payload": true,
            "symbol_probe": null,
            "removed_from_list": false,
            "remove_reason": "",
            "checked_at": "2026-07-27T16:51:11Z"
        }
    ]
}
[2026-07-27T12:51:11-04:00] php runner end

[2026-07-27T12:56:17-04:00] php runner start
{
    "ran_at": "2026-07-27T16:56:03Z",
    "target_count": 2,
    "target_batch_limit": 2,
    "target_batch_offset": 0,
    "target_batch_next_offset": 2,
    "target_total_available": 6,
    "results": [
        {
            "market_type": "crypto",
            "symbol": "BTC-USD",
            "requested_url": "http://localhost:8081/index.php?market_type=crypto&symbol=BTC-USD&buy_multiplier=0.90&sell_multiplier=0.80&break_buy=0.50&break_gain=0.50&break_loss=0.50&run_analysis=1&live=1",
            "ok": true,
            "status": 200,
            "has_price_payload": true,
            "symbol_probe": null,
            "removed_from_list": false,
            "remove_reason": "",
            "checked_at": "2026-07-27T16:56:14Z"
        },
        {
            "market_type": "crypto",
            "symbol": "ETH-USD",
            "requested_url": "http://localhost:8081/index.php?market_type=crypto&symbol=ETH-USD&buy_multiplier=0.90&sell_multiplier=0.80&break_buy=0.50&break_gain=0.50&break_loss=0.50&run_analysis=1&live=1",
            "ok": true,
            "status": 200,
            "has_price_payload": true,
            "symbol_probe": null,
            "removed_from_list": false,
            "remove_reason": "",
            "checked_at": "2026-07-27T16:56:17Z"
        }
    ]
}
[2026-07-27T12:56:17-04:00] php runner end

[2026-07-27T13:01:10-04:00] php runner start
{
    "ran_at": "2026-07-27T17:01:03Z",
    "target_count": 2,
    "target_batch_limit": 2,
    "target_batch_offset": 4,
    "target_batch_next_offset": 0,
    "target_total_available": 6,
    "results": [
        {
            "market_type": "stock",
            "symbol": "MSFT",
            "requested_url": "http://localhost:8081/index.php?market_type=stock&symbol=MSFT&buy_multiplier=1.10&sell_multiplier=1.00&break_buy=0.50&break_gain=0.50&break_loss=0.50&run_analysis=1&live=1",
            "ok": false,
            "status": 500,
            "has_price_payload": false,
            "symbol_probe": {
                "url": "https://query1.finance.yahoo.com/v8/finance/chart/MSFT?range=1d&interval=5m&includePrePost=false",
                "ok": false,
                "status": 0,
                "looks_real": false
            },
            "removed_from_list": true,
            "remove_reason": "Removed after missing usable price CSV/JSON and failing the Yahoo stock symbol probe while Google or Microsoft connectivity probe succeeded.",
            "checked_at": "2026-07-27T17:01:07Z"
        },
        {
            "market_type": "stock",
            "symbol": "TSLA",
            "requested_url": "http://localhost:8081/index.php?market_type=stock&symbol=TSLA&buy_multiplier=1.10&sell_multiplier=1.00&break_buy=0.50&break_gain=0.50&break_loss=0.50&run_analysis=1&live=1",
            "ok": false,
            "status": 500,
            "has_price_payload": false,
            "symbol_probe": {
                "url": "https://query1.finance.yahoo.com/v8/finance/chart/TSLA?range=1d&interval=5m&includePrePost=false",
                "ok": false,
                "status": 0,
                "looks_real": false
            },
            "removed_from_list": true,
            "remove_reason": "Removed after missing usable price CSV/JSON and failing the Yahoo stock symbol probe while Google or Microsoft connectivity probe succeeded.",
            "checked_at": "2026-07-27T17:01:10Z"
        }
    ]
}
[2026-07-27T13:01:10-04:00] php runner end

[2026-07-27T13:06:12-04:00] php runner start
{
    "ran_at": "2026-07-27T17:06:03Z",
    "target_count": 2,
    "target_batch_limit": 2,
    "target_batch_offset": 2,
    "target_batch_next_offset": 0,
    "target_total_available": 4,
    "results": [
        {
            "market_type": "crypto",
            "symbol": "SOL-USD",
            "requested_url": "http://localhost:8081/index.php?market_type=crypto&symbol=SOL-USD&buy_multiplier=1.10&sell_multiplier=0.80&break_buy=0.50&break_gain=0.50&break_loss=0.50&run_analysis=1&live=1",
            "ok": false,
            "status": 500,
            "has_price_payload": false,
            "symbol_probe": {
                "url": "https://query1.finance.yahoo.com/v8/finance/chart/SOL-USD?range=1d&interval=5m&includePrePost=false",
                "ok": false,
                "status": 0,
                "looks_real": false
            },
            "removed_from_list": true,
            "remove_reason": "Removed after missing usable price CSV/JSON and failing the direct crypto symbol probe while Google or Microsoft connectivity probe succeeded.",
            "checked_at": "2026-07-27T17:06:08Z"
        },
        {
            "market_type": "stock",
            "symbol": "AAPL",
            "requested_url": "http://localhost:8081/index.php?market_type=stock&symbol=AAPL&buy_multiplier=1.10&sell_multiplier=0.80&break_buy=0.50&break_gain=0.50&break_loss=0.50&run_analysis=1&live=1",
            "ok": false,
            "status": 500,
            "has_price_payload": false,
            "symbol_probe": {
                "url": "https://query1.finance.yahoo.com/v8/finance/chart/AAPL?range=1d&interval=5m&includePrePost=false",
                "ok": false,
                "status": 0,
                "looks_real": false
            },
            "removed_from_list": true,
            "remove_reason": "Removed after missing usable price CSV/JSON and failing the Yahoo stock symbol probe while Google or Microsoft connectivity probe succeeded.",
            "checked_at": "2026-07-27T17:06:12Z"
        }
    ]
}
[2026-07-27T13:06:12-04:00] php runner end

[2026-07-27T13:11:13-04:00] php runner start
{
    "ran_at": "2026-07-27T17:11:03Z",
    "target_count": 2,
    "target_batch_limit": 2,
    "target_batch_offset": 0,
    "target_batch_next_offset": 0,
    "target_total_available": 2,
    "results": [
        {
            "market_type": "crypto",
            "symbol": "BTC-USD",
            "requested_url": "http://127.0.0.1:8081/index.php?market_type=crypto&symbol=BTC-USD&buy_multiplier=0.90&sell_multiplier=0.80&trust_percent=75.00&break_buy=0.50&break_gain=0.50&break_loss=0.50&run_analysis=1&live=1",
            "ok": true,
            "status": 200,
            "has_price_payload": true,
            "symbol_probe": null,
            "removed_from_list": false,
            "remove_reason": "",
            "checked_at": "2026-07-27T17:11:09Z"
        },
        {
            "market_type": "crypto",
            "symbol": "ETH-USD",
            "requested_url": "http://127.0.0.1:8081/index.php?market_type=crypto&symbol=ETH-USD&buy_multiplier=0.90&sell_multiplier=0.80&trust_percent=95.00&break_buy=0.50&break_gain=0.50&break_loss=0.50&run_analysis=1&live=1",
            "ok": true,
            "status": 200,
            "has_price_payload": true,
            "symbol_probe": null,
            "removed_from_list": false,
            "remove_reason": "",
            "checked_at": "2026-07-27T17:11:13Z"
        }
    ]
}
[2026-07-27T13:11:13-04:00] php runner end

[2026-07-27T13:16:13-04:00] php runner start
{
    "ran_at": "2026-07-27T17:16:03Z",
    "target_count": 2,
    "target_batch_limit": 2,
    "target_batch_offset": 0,
    "target_batch_next_offset": 0,
    "target_total_available": 2,
    "results": [
        {
            "market_type": "crypto",
            "symbol": "BTC-USD",
            "requested_url": "http://localhost:8081/index.php?market_type=crypto&symbol=BTC-USD&buy_multiplier=0.90&sell_multiplier=0.80&trust_percent=75.00&break_buy=0.50&break_gain=0.50&break_loss=0.50&run_analysis=1&live=1",
            "ok": true,
            "status": 200,
            "has_price_payload": true,
            "symbol_probe": null,
            "removed_from_list": false,
            "remove_reason": "",
            "checked_at": "2026-07-27T17:16:08Z"
        },
        {
            "market_type": "crypto",
            "symbol": "ETH-USD",
            "requested_url": "http://127.0.0.1:8081/index.php?market_type=crypto&symbol=ETH-USD&buy_multiplier=0.90&sell_multiplier=0.80&trust_percent=96.00&break_buy=0.50&break_gain=0.50&break_loss=0.50&run_analysis=1&live=1",
            "ok": true,
            "status": 200,
            "has_price_payload": true,
            "symbol_probe": null,
            "removed_from_list": false,
            "remove_reason": "",
            "checked_at": "2026-07-27T17:16:13Z"
        }
    ]
}
[2026-07-27T13:16:13-04:00] php runner end

[2026-07-27T13:21:20-04:00] php runner start
{
    "ran_at": "2026-07-27T17:21:03Z",
    "target_count": 2,
    "target_batch_limit": 2,
    "target_batch_offset": 2,
    "target_batch_next_offset": 1,
    "target_total_available": 3,
    "results": [
        {
            "market_type": "crypto",
            "symbol": "XRP-USD",
            "requested_url": "http://localhost:8081/index.php?market_type=crypto&symbol=XRP-USD&buy_multiplier=0.50&sell_multiplier=0.40&trust_percent=75.00&break_buy=0.50&break_gain=0.50&break_loss=0.50&run_analysis=1&live=1",
            "ok": true,
            "status": 200,
            "has_price_payload": true,
            "symbol_probe": null,
            "removed_from_list": false,
            "remove_reason": "",
            "checked_at": "2026-07-27T17:21:07Z"
        },
        {
            "market_type": "crypto",
            "symbol": "BTC-USD",
            "requested_url": "http://localhost:8081/index.php?market_type=crypto&symbol=BTC-USD&buy_multiplier=0.90&sell_multiplier=0.80&trust_percent=75.00&break_buy=0.50&break_gain=0.50&break_loss=0.50&run_analysis=1&live=1",
            "ok": true,
            "status": 200,
            "has_price_payload": true,
            "symbol_probe": null,
            "removed_from_list": false,
            "remove_reason": "",
            "checked_at": "2026-07-27T17:21:19Z"
        }
    ]
}
[2026-07-27T13:21:20-04:00] php runner end

[2026-07-27T13:26:29-04:00] php runner start
{
    "ran_at": "2026-07-27T17:26:03Z",
    "target_count": 2,
    "target_batch_limit": 2,
    "target_batch_offset": 0,
    "target_batch_next_offset": 2,
    "target_total_available": 3,
    "results": [
        {
            "market_type": "crypto",
            "symbol": "BTC-USD",
            "requested_url": "http://localhost:8081/index.php?market_type=crypto&symbol=BTC-USD&buy_multiplier=0.50&sell_multiplier=0.40&trust_percent=95.00&break_buy=0.50&break_gain=0.50&break_loss=0.50&run_analysis=1&live=1",
            "ok": false,
            "status": 0,
            "has_price_payload": false,
            "symbol_probe": {
                "url": "https://query1.finance.yahoo.com/v8/finance/chart/BTC-USD?range=1d&interval=5m&includePrePost=false",
                "ok": false,
                "status": 0,
                "looks_real": false
            },
            "removed_from_list": false,
            "remove_reason": "Kept symbol because the local market page did not respond, so this looked like an app availability issue rather than proof that the symbol was invalid.",
            "checked_at": "2026-07-27T17:26:17Z"
        },
        {
            "market_type": "crypto",
            "symbol": "ETH-USD",
            "requested_url": "http://127.0.0.1:8081/index.php?market_type=crypto&symbol=ETH-USD&buy_multiplier=0.90&sell_multiplier=0.80&trust_percent=96.00&break_buy=0.50&break_gain=0.50&break_loss=0.50&run_analysis=1&live=1",
            "ok": false,
            "status": 0,
            "has_price_payload": false,
            "symbol_probe": {
                "url": "https://query1.finance.yahoo.com/v8/finance/chart/ETH-USD?range=1d&interval=5m&includePrePost=false",
                "ok": false,
                "status": 0,
                "looks_real": false
            },
            "removed_from_list": false,
            "remove_reason": "Kept symbol because the local market page did not respond, so this looked like an app availability issue rather than proof that the symbol was invalid.",
            "checked_at": "2026-07-27T17:26:29Z"
        }
    ]
}
[2026-07-27T13:26:29-04:00] php runner end

[2026-07-27T13:31:07-04:00] php runner start
{
    "ran_at": "2026-07-27T17:31:03Z",
    "target_count": 2,
    "target_batch_limit": 2,
    "target_batch_offset": 1,
    "target_batch_next_offset": 0,
    "target_total_available": 3,
    "results": [
        {
            "market_type": "crypto",
            "symbol": "ETH-USD",
            "requested_url": "http://127.0.0.1:8081/index.php?market_type=crypto&symbol=ETH-USD&buy_multiplier=0.90&sell_multiplier=0.80&trust_percent=96.00&break_buy=0.50&break_gain=0.50&break_loss=0.50&run_analysis=1&live=1",
            "ok": true,
            "status": 200,
            "has_price_payload": true,
            "symbol_probe": null,
            "removed_from_list": false,
            "remove_reason": "",
            "checked_at": "2026-07-27T17:31:04Z"
        },
        {
            "market_type": "crypto",
            "symbol": "XRP-USD",
            "requested_url": "http://localhost:8081/index.php?market_type=crypto&symbol=XRP-USD&buy_multiplier=0.50&sell_multiplier=0.40&trust_percent=75.00&break_buy=0.50&break_gain=0.50&break_loss=0.50&run_analysis=1&live=1",
            "ok": true,
            "status": 200,
            "has_price_payload": true,
            "symbol_probe": null,
            "removed_from_list": false,
            "remove_reason": "",
            "checked_at": "2026-07-27T17:31:07Z"
        }
    ]
}
[2026-07-27T13:31:07-04:00] php runner end

[2026-07-27T13:36:07-04:00] php runner start
{
    "ran_at": "2026-07-27T17:36:03Z",
    "target_count": 2,
    "target_batch_limit": 2,
    "target_batch_offset": 2,
    "target_batch_next_offset": 1,
    "target_total_available": 3,
    "results": [
        {
            "market_type": "crypto",
            "symbol": "XRP-USD",
            "requested_url": "http://localhost:8081/index.php?market_type=crypto&symbol=XRP-USD&buy_multiplier=0.50&sell_multiplier=0.40&trust_percent=75.00&break_buy=0.50&break_gain=0.50&break_loss=0.50&run_analysis=1&live=1",
            "ok": false,
            "status": 500,
            "has_price_payload": false,
            "symbol_probe": {
                "url": "https://query1.finance.yahoo.com/v8/finance/chart/XRP-USD?range=1d&interval=5m&includePrePost=false",
                "ok": false,
                "status": 0,
                "looks_real": false
            },
            "removed_from_list": true,
            "remove_reason": "Removed after missing usable price CSV/JSON and failing the direct crypto symbol probe while Google or Microsoft connectivity probe succeeded.",
            "checked_at": "2026-07-27T17:36:06Z"
        },
        {
            "market_type": "crypto",
            "symbol": "BTC-USD",
            "requested_url": "http://127.0.0.1:8081/index.php?market_type=crypto&symbol=BTC-USD&buy_multiplier=0.90&sell_multiplier=0.80&trust_percent=75.00&break_buy=0.50&break_gain=0.50&break_loss=0.50&run_analysis=1&live=1",
            "ok": false,
            "status": 500,
            "has_price_payload": false,
            "symbol_probe": {
                "url": "https://query1.finance.yahoo.com/v8/finance/chart/BTC-USD?range=1d&interval=5m&includePrePost=false",
                "ok": false,
                "status": 0,
                "looks_real": false
            },
            "removed_from_list": true,
            "remove_reason": "Removed after missing usable price CSV/JSON and failing the direct crypto symbol probe while Google or Microsoft connectivity probe succeeded.",
            "checked_at": "2026-07-27T17:36:07Z"
        }
    ]
}
[2026-07-27T13:36:07-04:00] php runner end

[2026-07-27T13:41:05-04:00] php runner start
{
    "ran_at": "2026-07-27T17:41:03Z",
    "target_count": 2,
    "target_batch_limit": 2,
    "target_batch_offset": 0,
    "target_batch_next_offset": 0,
    "target_total_available": 2,
    "results": [
        {
            "market_type": "crypto",
            "symbol": "BTC-USD",
            "requested_url": "http://127.0.0.1:8081/index.php?market_type=crypto&symbol=BTC-USD&buy_multiplier=0.90&sell_multiplier=0.80&trust_percent=95.00&break_buy=0.50&break_gain=0.50&break_loss=0.50&run_analysis=1&live=1",
            "ok": true,
            "status": 200,
            "has_price_payload": true,
            "symbol_probe": null,
            "removed_from_list": false,
            "remove_reason": "",
            "checked_at": "2026-07-27T17:41:04Z"
        },
        {
            "market_type": "crypto",
            "symbol": "ETH-USD",
            "requested_url": "http://127.0.0.1:8081/index.php?market_type=crypto&symbol=ETH-USD&buy_multiplier=0.90&sell_multiplier=0.80&trust_percent=96.00&break_buy=0.50&break_gain=0.50&break_loss=0.50&run_analysis=1&live=1",
            "ok": true,
            "status": 200,
            "has_price_payload": true,
            "symbol_probe": null,
            "removed_from_list": false,
            "remove_reason": "",
            "checked_at": "2026-07-27T17:41:05Z"
        }
    ]
}
[2026-07-27T13:41:05-04:00] php runner end

[2026-07-27T13:46:06-04:00] php runner start
{
    "ran_at": "2026-07-27T17:46:03Z",
    "target_count": 2,
    "target_batch_limit": 2,
    "target_batch_offset": 0,
    "target_batch_next_offset": 0,
    "target_total_available": 2,
    "results": [
        {
            "market_type": "crypto",
            "symbol": "BTC-USD",
            "requested_url": "http://127.0.0.1:8081/index.php?market_type=crypto&symbol=BTC-USD&buy_multiplier=0.90&sell_multiplier=0.80&trust_percent=95.00&break_buy=0.50&break_gain=0.50&break_loss=0.50&run_analysis=1&live=1",
            "ok": true,
            "status": 200,
            "has_price_payload": true,
            "symbol_probe": null,
            "removed_from_list": false,
            "remove_reason": "",
            "checked_at": "2026-07-27T17:46:03Z"
        },
        {
            "market_type": "crypto",
            "symbol": "ETH-USD",
            "requested_url": "http://127.0.0.1:8081/index.php?market_type=crypto&symbol=ETH-USD&buy_multiplier=0.90&sell_multiplier=0.80&trust_percent=96.00&break_buy=0.50&break_gain=0.50&break_loss=0.50&run_analysis=1&live=1",
            "ok": true,
            "status": 200,
            "has_price_payload": true,
            "symbol_probe": null,
            "removed_from_list": false,
            "remove_reason": "",
            "checked_at": "2026-07-27T17:46:06Z"
        }
    ]
}
[2026-07-27T13:46:06-04:00] php runner end

[2026-07-27T13:51:08-04:00] php runner start
{
    "ran_at": "2026-07-27T17:51:02Z",
    "target_count": 2,
    "target_batch_limit": 2,
    "target_batch_offset": 0,
    "target_batch_next_offset": 0,
    "target_total_available": 2,
    "results": [
        {
            "market_type": "crypto",
            "symbol": "BTC-USD",
            "requested_url": "http://127.0.0.1:8081/index.php?market_type=crypto&symbol=BTC-USD&buy_multiplier=0.90&sell_multiplier=0.80&trust_percent=95.00&break_buy=0.50&break_gain=0.50&break_loss=0.50&run_analysis=1&live=1",
            "ok": true,
            "status": 200,
            "has_price_payload": true,
            "symbol_probe": null,
            "removed_from_list": false,
            "remove_reason": "",
            "checked_at": "2026-07-27T17:51:03Z"
        },
        {
            "market_type": "crypto",
            "symbol": "ETH-USD",
            "requested_url": "http://127.0.0.1:8081/index.php?market_type=crypto&symbol=ETH-USD&buy_multiplier=0.90&sell_multiplier=0.80&trust_percent=96.00&break_buy=0.50&break_gain=0.50&break_loss=0.50&run_analysis=1&live=1",
            "ok": true,
            "status": 200,
            "has_price_payload": true,
            "symbol_probe": null,
            "removed_from_list": false,
            "remove_reason": "",
            "checked_at": "2026-07-27T17:51:08Z"
        }
    ]
}
[2026-07-27T13:51:08-04:00] php runner end

[2026-07-27T13:56:04-04:00] php runner start
{
    "ran_at": "2026-07-27T17:56:02Z",
    "target_count": 2,
    "target_batch_limit": 2,
    "target_batch_offset": 0,
    "target_batch_next_offset": 0,
    "target_total_available": 2,
    "results": [
        {
            "market_type": "crypto",
            "symbol": "BTC-USD",
            "requested_url": "http://127.0.0.1:8081/index.php?market_type=crypto&symbol=BTC-USD&buy_multiplier=0.90&sell_multiplier=0.80&trust_percent=95.00&break_buy=0.50&break_gain=0.50&break_loss=0.50&run_analysis=1&live=1",
            "ok": true,
            "status": 200,
            "has_price_payload": true,
            "symbol_probe": null,
            "removed_from_list": false,
            "remove_reason": "",
            "checked_at": "2026-07-27T17:56:04Z"
        },
        {
            "market_type": "crypto",
            "symbol": "ETH-USD",
            "requested_url": "http://127.0.0.1:8081/index.php?market_type=crypto&symbol=ETH-USD&buy_multiplier=0.90&sell_multiplier=0.80&trust_percent=96.00&break_buy=0.50&break_gain=0.50&break_loss=0.50&run_analysis=1&live=1",
            "ok": true,
            "status": 200,
            "has_price_payload": true,
            "symbol_probe": null,
            "removed_from_list": false,
            "remove_reason": "",
            "checked_at": "2026-07-27T17:56:04Z"
        }
    ]
}
[2026-07-27T13:56:04-04:00] php runner end

[2026-07-27T14:01:05-04:00] php runner start
{
    "ran_at": "2026-07-27T18:01:03Z",
    "target_count": 2,
    "target_batch_limit": 2,
    "target_batch_offset": 0,
    "target_batch_next_offset": 0,
    "target_total_available": 2,
    "results": [
        {
            "market_type": "crypto",
            "symbol": "BTC-USD",
            "requested_url": "http://127.0.0.1:8081/index.php?market_type=crypto&symbol=BTC-USD&buy_multiplier=0.90&sell_multiplier=0.80&trust_percent=95.00&break_buy=0.50&break_gain=0.50&break_loss=0.50&run_analysis=1&live=1",
            "ok": true,
            "status": 200,
            "has_price_payload": true,
            "symbol_probe": null,
            "removed_from_list": false,
            "remove_reason": "",
            "checked_at": "2026-07-27T18:01:04Z"
        },
        {
            "market_type": "crypto",
            "symbol": "ETH-USD",
            "requested_url": "http://127.0.0.1:8081/index.php?market_type=crypto&symbol=ETH-USD&buy_multiplier=0.90&sell_multiplier=0.80&trust_percent=96.00&break_buy=0.50&break_gain=0.50&break_loss=0.50&run_analysis=1&live=1",
            "ok": true,
            "status": 200,
            "has_price_payload": true,
            "symbol_probe": null,
            "removed_from_list": false,
            "remove_reason": "",
            "checked_at": "2026-07-27T18:01:05Z"
        }
    ]
}
[2026-07-27T14:01:05-04:00] php runner end

[2026-07-27T14:06:09-04:00] php runner start
{
    "ran_at": "2026-07-27T18:06:03Z",
    "target_count": 2,
    "target_batch_limit": 2,
    "target_batch_offset": 0,
    "target_batch_next_offset": 0,
    "target_total_available": 2,
    "results": [
        {
            "market_type": "crypto",
            "symbol": "BTC-USD",
            "requested_url": "http://localhost:8081/index.php?market_type=crypto&symbol=BTC-USD&buy_multiplier=0.90&sell_multiplier=0.80&trust_percent=95.00&break_buy=0.50&break_gain=0.50&break_loss=0.50&run_analysis=1&live=1",
            "ok": true,
            "status": 200,
            "has_price_payload": true,
            "symbol_probe": null,
            "removed_from_list": false,
            "remove_reason": "",
            "checked_at": "2026-07-27T18:06:06Z"
        },
        {
            "market_type": "crypto",
            "symbol": "ETH-USD",
            "requested_url": "http://localhost:8081/index.php?market_type=crypto&symbol=ETH-USD&buy_multiplier=0.90&sell_multiplier=0.80&trust_percent=96.00&break_buy=0.50&break_gain=0.50&break_loss=0.50&run_analysis=1&live=1",
            "ok": true,
            "status": 200,
            "has_price_payload": true,
            "symbol_probe": null,
            "removed_from_list": false,
            "remove_reason": "",
            "checked_at": "2026-07-27T18:06:09Z"
        }
    ]
}
[2026-07-27T14:06:09-04:00] php runner end

[2026-07-27T14:11:11-04:00] php runner start
{
    "ran_at": "2026-07-27T18:11:04Z",
    "target_count": 2,
    "target_batch_limit": 2,
    "target_batch_offset": 0,
    "target_batch_next_offset": 0,
    "target_total_available": 2,
    "results": [
        {
            "market_type": "crypto",
            "symbol": "BTC-USD",
            "requested_url": "http://127.0.0.1:8081/index.php?market_type=crypto&symbol=BTC-USD&buy_multiplier=0.50&sell_multiplier=0.40&trust_percent=95.00&break_buy=0.50&break_gain=0.50&break_loss=0.50&run_analysis=1&live=1",
            "ok": true,
            "status": 200,
            "has_price_payload": true,
            "symbol_probe": null,
            "removed_from_list": false,
            "remove_reason": "",
            "checked_at": "2026-07-27T18:11:07Z"
        },
        {
            "market_type": "crypto",
            "symbol": "ETH-USD",
            "requested_url": "http://localhost:8081/index.php?market_type=crypto&symbol=ETH-USD&buy_multiplier=0.90&sell_multiplier=0.80&trust_percent=96.00&break_buy=0.50&break_gain=0.50&break_loss=0.50&run_analysis=1&live=1",
            "ok": true,
            "status": 200,
            "has_price_payload": true,
            "symbol_probe": null,
            "removed_from_list": false,
            "remove_reason": "",
            "checked_at": "2026-07-27T18:11:11Z"
        }
    ]
}
[2026-07-27T14:11:11-04:00] php runner end

[2026-07-27T14:16:08-04:00] php runner start
{
    "ran_at": "2026-07-27T18:16:03Z",
    "target_count": 2,
    "target_batch_limit": 2,
    "target_batch_offset": 0,
    "target_batch_next_offset": 0,
    "target_total_available": 2,
    "results": [
        {
            "market_type": "crypto",
            "symbol": "BTC-USD",
            "requested_url": "http://127.0.0.1:8081/index.php?market_type=crypto&symbol=BTC-USD&buy_multiplier=0.50&sell_multiplier=0.40&trust_percent=95.00&break_buy=0.50&break_gain=0.50&break_loss=0.50&run_analysis=1&live=1",
            "ok": false,
            "status": 500,
            "has_price_payload": false,
            "symbol_probe": {
                "url": "https://query1.finance.yahoo.com/v8/finance/chart/BTC-USD?range=1d&interval=5m&includePrePost=false",
                "ok": false,
                "status": 0,
                "looks_real": false
            },
            "removed_from_list": true,
            "remove_reason": "Removed after missing usable price CSV/JSON and failing the direct crypto symbol probe while Google or Microsoft connectivity probe succeeded.",
            "checked_at": "2026-07-27T18:16:05Z"
        },
        {
            "market_type": "crypto",
            "symbol": "ETH-USD",
            "requested_url": "http://localhost:8081/index.php?market_type=crypto&symbol=ETH-USD&buy_multiplier=0.90&sell_multiplier=0.80&trust_percent=96.00&break_buy=0.50&break_gain=0.50&break_loss=0.50&run_analysis=1&live=1",
            "ok": false,
            "status": 500,
            "has_price_payload": false,
            "symbol_probe": {
                "url": "https://query1.finance.yahoo.com/v8/finance/chart/ETH-USD?range=1d&interval=5m&includePrePost=false",
                "ok": false,
                "status": 0,
                "looks_real": false
            },
            "removed_from_list": true,
            "remove_reason": "Removed after missing usable price CSV/JSON and failing the direct crypto symbol probe while Google or Microsoft connectivity probe succeeded.",
            "checked_at": "2026-07-27T18:16:08Z"
        }
    ]
}
[2026-07-27T14:16:08-04:00] php runner end

[2026-07-27T14:21:05-04:00] php runner start
{
    "ran_at": "2026-07-27T18:21:03Z",
    "target_count": 1,
    "target_batch_limit": 2,
    "target_batch_offset": 0,
    "target_batch_next_offset": 0,
    "target_total_available": 1,
    "results": [
        {
            "market_type": "crypto",
            "symbol": "BTC-USD",
            "requested_url": "http://127.0.0.1:8081/index.php?market_type=crypto&symbol=BTC-USD&buy_multiplier=0.50&sell_multiplier=0.40&trust_percent=95.00&break_buy=0.50&break_gain=0.50&break_loss=0.50&run_analysis=1&live=1",
            "ok": false,
            "status": 500,
            "has_price_payload": false,
            "symbol_probe": {
                "url": "https://query1.finance.yahoo.com/v8/finance/chart/BTC-USD?range=1d&interval=5m&includePrePost=false",
                "ok": false,
                "status": 0,
                "looks_real": false
            },
            "removed_from_list": true,
            "remove_reason": "Removed after missing usable price CSV/JSON and failing the direct crypto symbol probe while Google or Microsoft connectivity probe succeeded.",
            "checked_at": "2026-07-27T18:21:05Z"
        }
    ]
}
[2026-07-27T14:21:05-04:00] php runner end

[2026-07-27T14:26:05-04:00] php runner start
{
    "ran_at": "2026-07-27T18:26:03Z",
    "target_count": 1,
    "target_batch_limit": 2,
    "target_batch_offset": 0,
    "target_batch_next_offset": 0,
    "target_total_available": 1,
    "results": [
        {
            "market_type": "crypto",
            "symbol": "BTC-USD",
            "requested_url": "http://127.0.0.1:8081/index.php?market_type=crypto&symbol=BTC-USD&buy_multiplier=0.50&sell_multiplier=0.40&trust_percent=95.00&break_buy=0.50&break_gain=0.50&break_loss=0.50&run_analysis=1&live=1",
            "ok": false,
            "status": 500,
            "has_price_payload": false,
            "symbol_probe": {
                "url": "https://query1.finance.yahoo.com/v8/finance/chart/BTC-USD?range=1d&interval=5m&includePrePost=false",
                "ok": false,
                "status": 0,
                "looks_real": false
            },
            "removed_from_list": true,
            "remove_reason": "Removed after missing usable price CSV/JSON and failing the direct crypto symbol probe while Google or Microsoft connectivity probe succeeded.",
            "checked_at": "2026-07-27T18:26:05Z"
        }
    ]
}
[2026-07-27T14:26:05-04:00] php runner end

[2026-07-27T14:31:06-04:00] php runner start
{
    "ran_at": "2026-07-27T18:31:03Z",
    "target_count": 1,
    "target_batch_limit": 2,
    "target_batch_offset": 0,
    "target_batch_next_offset": 0,
    "target_total_available": 1,
    "results": [
        {
            "market_type": "crypto",
            "symbol": "BTC-USD",
            "requested_url": "http://127.0.0.1:8081/index.php?market_type=crypto&symbol=BTC-USD&buy_multiplier=0.50&sell_multiplier=0.40&trust_percent=95.00&break_buy=0.50&break_gain=0.50&break_loss=0.50&run_analysis=1&live=1",
            "ok": false,
            "status": 500,
            "has_price_payload": false,
            "symbol_probe": {
                "url": "https://query1.finance.yahoo.com/v8/finance/chart/BTC-USD?range=1d&interval=5m&includePrePost=false",
                "ok": false,
                "status": 0,
                "looks_real": false
            },
            "removed_from_list": true,
            "remove_reason": "Removed after missing usable price CSV/JSON and failing the direct crypto symbol probe while Google or Microsoft connectivity probe succeeded.",
            "checked_at": "2026-07-27T18:31:05Z"
        }
    ]
}
[2026-07-27T14:31:06-04:00] php runner end

[2026-07-27T14:36:04-04:00] php runner start
{
    "ran_at": "2026-07-27T18:36:03Z",
    "target_count": 1,
    "target_batch_limit": 2,
    "target_batch_offset": 0,
    "target_batch_next_offset": 0,
    "target_total_available": 1,
    "results": [
        {
            "market_type": "crypto",
            "symbol": "BTC-USD",
            "requested_url": "http://127.0.0.1:8081/index.php?market_type=crypto&symbol=BTC-USD&buy_multiplier=0.50&sell_multiplier=0.40&trust_percent=95.00&break_buy=0.50&break_gain=0.50&break_loss=0.50&run_analysis=1&live=1",
            "ok": true,
            "status": 200,
            "has_price_payload": true,
            "symbol_probe": null,
            "removed_from_list": false,
            "remove_reason": "",
            "checked_at": "2026-07-27T18:36:04Z"
        }
    ]
}
[2026-07-27T14:36:04-04:00] php runner end

[2026-07-27T14:41:05-04:00] php runner start
{
    "ran_at": "2026-07-27T18:41:04Z",
    "target_count": 1,
    "target_batch_limit": 2,
    "target_batch_offset": 0,
    "target_batch_next_offset": 0,
    "target_total_available": 1,
    "results": [
        {
            "market_type": "crypto",
            "symbol": "BTC-USD",
            "requested_url": "http://127.0.0.1:8081/index.php?market_type=crypto&symbol=BTC-USD&buy_multiplier=0.50&sell_multiplier=0.40&trust_percent=95.00&break_buy=0.50&break_gain=0.50&break_loss=0.50&run_analysis=1&live=1",
            "ok": true,
            "status": 200,
            "has_price_payload": true,
            "symbol_probe": null,
            "removed_from_list": false,
            "remove_reason": "",
            "checked_at": "2026-07-27T18:41:05Z"
        }
    ]
}
[2026-07-27T14:41:05-04:00] php runner end

[2026-07-27T14:46:04-04:00] php runner start
{
    "ran_at": "2026-07-27T18:46:03Z",
    "target_count": 1,
    "target_batch_limit": 2,
    "target_batch_offset": 0,
    "target_batch_next_offset": 0,
    "target_total_available": 1,
    "results": [
        {
            "market_type": "crypto",
            "symbol": "BTC-USD",
            "requested_url": "http://127.0.0.1:8081/index.php?market_type=crypto&symbol=BTC-USD&buy_multiplier=0.50&sell_multiplier=0.40&trust_percent=95.00&break_buy=0.50&break_gain=0.50&break_loss=0.50&run_analysis=1&live=1",
            "ok": true,
            "status": 200,
            "has_price_payload": true,
            "symbol_probe": null,
            "removed_from_list": false,
            "remove_reason": "",
            "checked_at": "2026-07-27T18:46:04Z"
        }
    ]
}
[2026-07-27T14:46:04-04:00] php runner end

[2026-07-27T14:51:06-04:00] php runner start
{
    "ran_at": "2026-07-27T18:51:03Z",
    "target_count": 1,
    "target_batch_limit": 2,
    "target_batch_offset": 0,
    "target_batch_next_offset": 0,
    "target_total_available": 1,
    "results": [
        {
            "market_type": "crypto",
            "symbol": "BTC-USD",
            "requested_url": "http://127.0.0.1:8081/index.php?market_type=crypto&symbol=BTC-USD&buy_multiplier=0.50&sell_multiplier=0.40&trust_percent=95.00&break_buy=0.50&break_gain=0.50&break_loss=0.50&run_analysis=1&live=1",
            "ok": true,
            "status": 200,
            "has_price_payload": true,
            "symbol_probe": null,
            "removed_from_list": false,
            "remove_reason": "",
            "checked_at": "2026-07-27T18:51:06Z"
        }
    ]
}
[2026-07-27T14:51:06-04:00] php runner end

[2026-07-27T14:56:04-04:00] php runner start
{
    "ran_at": "2026-07-27T18:56:03Z",
    "target_count": 1,
    "target_batch_limit": 2,
    "target_batch_offset": 0,
    "target_batch_next_offset": 0,
    "target_total_available": 1,
    "results": [
        {
            "market_type": "crypto",
            "symbol": "BTC-USD",
            "requested_url": "http://127.0.0.1:8081/index.php?market_type=crypto&symbol=BTC-USD&buy_multiplier=0.50&sell_multiplier=0.40&trust_percent=95.00&break_buy=0.50&break_gain=0.50&break_loss=0.50&run_analysis=1&live=1",
            "ok": true,
            "status": 200,
            "has_price_payload": true,
            "symbol_probe": null,
            "removed_from_list": false,
            "remove_reason": "",
            "checked_at": "2026-07-27T18:56:04Z"
        }
    ]
}
[2026-07-27T14:56:04-04:00] php runner end

[2026-07-27T15:01:04-04:00] php runner start
{
    "ran_at": "2026-07-27T19:01:03Z",
    "target_count": 1,
    "target_batch_limit": 2,
    "target_batch_offset": 0,
    "target_batch_next_offset": 0,
    "target_total_available": 1,
    "results": [
        {
            "market_type": "crypto",
            "symbol": "BTC-USD",
            "requested_url": "http://127.0.0.1:8081/index.php?market_type=crypto&symbol=BTC-USD&buy_multiplier=0.50&sell_multiplier=0.40&trust_percent=95.00&break_buy=0.50&break_gain=0.50&break_loss=0.50&run_analysis=1&live=1",
            "ok": true,
            "status": 200,
            "has_price_payload": true,
            "symbol_probe": null,
            "removed_from_list": false,
            "remove_reason": "",
            "checked_at": "2026-07-27T19:01:04Z"
        }
    ]
}
[2026-07-27T15:01:04-04:00] php runner end

[2026-07-27T15:06:04-04:00] php runner start
{
    "ran_at": "2026-07-27T19:06:03Z",
    "target_count": 1,
    "target_batch_limit": 2,
    "target_batch_offset": 0,
    "target_batch_next_offset": 0,
    "target_total_available": 1,
    "results": [
        {
            "market_type": "crypto",
            "symbol": "BTC-USD",
            "requested_url": "http://127.0.0.1:8081/index.php?market_type=crypto&symbol=BTC-USD&buy_multiplier=0.50&sell_multiplier=0.40&trust_percent=95.00&break_buy=0.50&break_gain=0.50&break_loss=0.50&run_analysis=1&live=1",
            "ok": true,
            "status": 200,
            "has_price_payload": true,
            "symbol_probe": null,
            "removed_from_list": false,
            "remove_reason": "",
            "checked_at": "2026-07-27T19:06:04Z"
        }
    ]
}
[2026-07-27T15:06:04-04:00] php runner end

[2026-07-27T15:11:04-04:00] php runner start
{
    "ran_at": "2026-07-27T19:11:03Z",
    "target_count": 1,
    "target_batch_limit": 2,
    "target_batch_offset": 0,
    "target_batch_next_offset": 0,
    "target_total_available": 1,
    "results": [
        {
            "market_type": "crypto",
            "symbol": "BTC-USD",
            "requested_url": "http://127.0.0.1:8081/index.php?market_type=crypto&symbol=BTC-USD&buy_multiplier=0.50&sell_multiplier=0.40&trust_percent=95.00&break_buy=0.50&break_gain=0.50&break_loss=0.50&run_analysis=1&live=1",
            "ok": true,
            "status": 200,
            "has_price_payload": true,
            "symbol_probe": null,
            "removed_from_list": false,
            "remove_reason": "",
            "checked_at": "2026-07-27T19:11:04Z"
        }
    ]
}
[2026-07-27T15:11:04-04:00] php runner end

[2026-07-27T15:16:05-04:00] php runner start
{
    "ran_at": "2026-07-27T19:16:03Z",
    "target_count": 1,
    "target_batch_limit": 2,
    "target_batch_offset": 0,
    "target_batch_next_offset": 0,
    "target_total_available": 1,
    "results": [
        {
            "market_type": "crypto",
            "symbol": "BTC-USD",
            "requested_url": "http://127.0.0.1:8081/index.php?market_type=crypto&symbol=BTC-USD&buy_multiplier=0.50&sell_multiplier=0.40&trust_percent=95.00&break_buy=0.50&break_gain=0.50&break_loss=0.50&run_analysis=1&live=1",
            "ok": true,
            "status": 200,
            "has_price_payload": true,
            "symbol_probe": null,
            "removed_from_list": false,
            "remove_reason": "",
            "checked_at": "2026-07-27T19:16:05Z"
        }
    ]
}
[2026-07-27T15:16:05-04:00] php runner end

[2026-07-27T15:21:05-04:00] php runner start
{
    "ran_at": "2026-07-27T19:21:03Z",
    "target_count": 1,
    "target_batch_limit": 2,
    "target_batch_offset": 0,
    "target_batch_next_offset": 0,
    "target_total_available": 1,
    "results": [
        {
            "market_type": "crypto",
            "symbol": "BTC-USD",
            "requested_url": "http://127.0.0.1:8081/index.php?market_type=crypto&symbol=BTC-USD&buy_multiplier=0.50&sell_multiplier=0.40&trust_percent=95.00&break_buy=0.50&break_gain=0.50&break_loss=0.50&run_analysis=1&live=1",
            "ok": true,
            "status": 200,
            "has_price_payload": true,
            "symbol_probe": null,
            "removed_from_list": false,
            "remove_reason": "",
            "checked_at": "2026-07-27T19:21:05Z"
        }
    ]
}
[2026-07-27T15:21:05-04:00] php runner end

[2026-07-27T15:26:08-04:00] php runner start
{
    "ran_at": "2026-07-27T19:26:03Z",
    "target_count": 1,
    "target_batch_limit": 2,
    "target_batch_offset": 0,
    "target_batch_next_offset": 0,
    "target_total_available": 1,
    "results": [
        {
            "market_type": "crypto",
            "symbol": "BTC-USD",
            "requested_url": "http://127.0.0.1:8081/index.php?market_type=crypto&symbol=BTC-USD&buy_multiplier=0.50&sell_multiplier=0.40&trust_percent=95.00&break_buy=0.50&break_gain=0.50&break_loss=0.50&run_analysis=1&live=1",
            "ok": true,
            "status": 200,
            "has_price_payload": true,
            "symbol_probe": null,
            "removed_from_list": false,
            "remove_reason": "",
            "checked_at": "2026-07-27T19:26:08Z"
        }
    ]
}
[2026-07-27T15:26:08-04:00] php runner end

[2026-07-27T15:31:04-04:00] php runner start
{
    "ran_at": "2026-07-27T19:31:03Z",
    "target_count": 1,
    "target_batch_limit": 2,
    "target_batch_offset": 0,
    "target_batch_next_offset": 0,
    "target_total_available": 1,
    "results": [
        {
            "market_type": "crypto",
            "symbol": "BTC-USD",
            "requested_url": "http://127.0.0.1:8081/index.php?market_type=crypto&symbol=BTC-USD&buy_multiplier=0.50&sell_multiplier=0.40&trust_percent=95.00&break_buy=0.50&break_gain=0.50&break_loss=0.50&run_analysis=1&live=1",
            "ok": true,
            "status": 200,
            "has_price_payload": true,
            "symbol_probe": null,
            "removed_from_list": false,
            "remove_reason": "",
            "checked_at": "2026-07-27T19:31:04Z"
        }
    ]
}
[2026-07-27T15:31:04-04:00] php runner end

[2026-07-27T15:36:05-04:00] php runner start
{
    "ran_at": "2026-07-27T19:36:03Z",
    "target_count": 1,
    "target_batch_limit": 2,
    "target_batch_offset": 0,
    "target_batch_next_offset": 0,
    "target_total_available": 1,
    "results": [
        {
            "market_type": "crypto",
            "symbol": "BTC-USD",
            "requested_url": "http://127.0.0.1:8081/index.php?market_type=crypto&symbol=BTC-USD&buy_multiplier=0.50&sell_multiplier=0.40&trust_percent=95.00&break_buy=0.50&break_gain=0.50&break_loss=0.50&run_analysis=1&live=1",
            "ok": true,
            "status": 200,
            "has_price_payload": true,
            "symbol_probe": null,
            "removed_from_list": false,
            "remove_reason": "",
            "checked_at": "2026-07-27T19:36:05Z"
        }
    ]
}
[2026-07-27T15:36:05-04:00] php runner end

[2026-07-27T15:41:04-04:00] php runner start
{
    "ran_at": "2026-07-27T19:41:03Z",
    "target_count": 1,
    "target_batch_limit": 2,
    "target_batch_offset": 0,
    "target_batch_next_offset": 0,
    "target_total_available": 1,
    "results": [
        {
            "market_type": "crypto",
            "symbol": "BTC-USD",
            "requested_url": "http://127.0.0.1:8081/index.php?market_type=crypto&symbol=BTC-USD&buy_multiplier=0.50&sell_multiplier=0.40&trust_percent=95.00&break_buy=0.50&break_gain=0.50&break_loss=0.50&run_analysis=1&live=1",
            "ok": true,
            "status": 200,
            "has_price_payload": true,
            "symbol_probe": null,
            "removed_from_list": false,
            "remove_reason": "",
            "checked_at": "2026-07-27T19:41:04Z"
        }
    ]
}
[2026-07-27T15:41:04-04:00] php runner end

[2026-07-27T15:46:04-04:00] php runner start
{
    "ran_at": "2026-07-27T19:46:03Z",
    "target_count": 1,
    "target_batch_limit": 2,
    "target_batch_offset": 0,
    "target_batch_next_offset": 0,
    "target_total_available": 1,
    "results": [
        {
            "market_type": "crypto",
            "symbol": "BTC-USD",
            "requested_url": "http://127.0.0.1:8081/index.php?market_type=crypto&symbol=BTC-USD&buy_multiplier=0.50&sell_multiplier=0.40&trust_percent=95.00&break_buy=0.50&break_gain=0.50&break_loss=0.50&run_analysis=1&live=1",
            "ok": true,
            "status": 200,
            "has_price_payload": true,
            "symbol_probe": null,
            "removed_from_list": false,
            "remove_reason": "",
            "checked_at": "2026-07-27T19:46:04Z"
        }
    ]
}
[2026-07-27T15:46:04-04:00] php runner end

[2026-07-27T15:51:04-04:00] php runner start
{
    "ran_at": "2026-07-27T19:51:03Z",
    "target_count": 1,
    "target_batch_limit": 2,
    "target_batch_offset": 0,
    "target_batch_next_offset": 0,
    "target_total_available": 1,
    "results": [
        {
            "market_type": "crypto",
            "symbol": "BTC-USD",
            "requested_url": "http://127.0.0.1:8081/index.php?market_type=crypto&symbol=BTC-USD&buy_multiplier=0.50&sell_multiplier=0.40&trust_percent=95.00&break_buy=0.50&break_gain=0.50&break_loss=0.50&run_analysis=1&live=1",
            "ok": true,
            "status": 200,
            "has_price_payload": true,
            "symbol_probe": null,
            "removed_from_list": false,
            "remove_reason": "",
            "checked_at": "2026-07-27T19:51:04Z"
        }
    ]
}
[2026-07-27T15:51:04-04:00] php runner end

[2026-07-27T15:56:09-04:00] php runner start
{
    "ran_at": "2026-07-27T19:56:03Z",
    "target_count": 2,
    "target_batch_limit": 2,
    "target_batch_offset": 0,
    "target_batch_next_offset": 0,
    "target_total_available": 2,
    "results": [
        {
            "market_type": "crypto",
            "symbol": "BTC-USD",
            "requested_url": "http://127.0.0.1:8081/index.php?market_type=crypto&symbol=BTC-USD&buy_multiplier=0.50&sell_multiplier=0.40&trust_percent=95.00&break_buy=0.50&break_gain=0.50&break_loss=0.50&run_analysis=1&live=1",
            "ok": true,
            "status": 200,
            "has_price_payload": true,
            "symbol_probe": null,
            "removed_from_list": false,
            "remove_reason": "",
            "checked_at": "2026-07-27T19:56:05Z"
        },
        {
            "market_type": "crypto",
            "symbol": "ETH-USD",
            "requested_url": "http://localhost:8081/index.php?market_type=crypto&symbol=ETH-USD&buy_multiplier=0.90&sell_multiplier=0.80&trust_percent=95.00&break_buy=0.50&break_gain=0.50&break_loss=0.50&run_analysis=1&live=1",
            "ok": true,
            "status": 200,
            "has_price_payload": true,
            "symbol_probe": null,
            "removed_from_list": false,
            "remove_reason": "",
            "checked_at": "2026-07-27T19:56:09Z"
        }
    ]
}
[2026-07-27T15:56:09-04:00] php runner end

[2026-07-27T16:01:26-04:00] php runner start
{
    "ran_at": "2026-07-27T20:01:03Z",
    "target_count": 2,
    "target_batch_limit": 2,
    "target_batch_offset": 0,
    "target_batch_next_offset": 0,
    "target_total_available": 2,
    "results": [
        {
            "market_type": "crypto",
            "symbol": "BTC-USD",
            "requested_url": "http://localhost:8081/index.php?market_type=crypto&symbol=BTC-USD&buy_multiplier=0.50&sell_multiplier=0.40&trust_percent=95.00&break_buy=0.50&break_gain=0.50&break_loss=0.50&run_analysis=1&live=1",
            "ok": false,
            "status": 0,
            "has_price_payload": false,
            "symbol_probe": {
                "url": "https://query1.finance.yahoo.com/v8/finance/chart/BTC-USD?range=1d&interval=5m&includePrePost=false",
                "ok": false,
                "status": 0,
                "looks_real": false
            },
            "removed_from_list": false,
            "remove_reason": "Kept symbol because the local market page did not respond, so this looked like an app availability issue rather than proof that the symbol was invalid.",
            "checked_at": "2026-07-27T20:01:17Z"
        },
        {
            "market_type": "crypto",
            "symbol": "ETH-USD",
            "requested_url": "http://localhost:8081/index.php?market_type=crypto&symbol=ETH-USD&buy_multiplier=0.90&sell_multiplier=0.80&trust_percent=95.00&break_buy=0.50&break_gain=0.50&break_loss=0.50&run_analysis=1&live=1",
            "ok": true,
            "status": 200,
            "has_price_payload": true,
            "symbol_probe": null,
            "removed_from_list": false,
            "remove_reason": "",
            "checked_at": "2026-07-27T20:01:26Z"
        }
    ]
}
[2026-07-27T16:01:26-04:00] php runner end

[2026-07-27T16:06:08-04:00] php runner start
{
    "ran_at": "2026-07-27T20:06:03Z",
    "target_count": 2,
    "target_batch_limit": 2,
    "target_batch_offset": 0,
    "target_batch_next_offset": 0,
    "target_total_available": 2,
    "results": [
        {
            "market_type": "crypto",
            "symbol": "BTC-USD",
            "requested_url": "http://127.0.0.1:8081/index.php?market_type=crypto&symbol=BTC-USD&buy_multiplier=0.50&sell_multiplier=0.40&trust_percent=95.00&break_buy=0.50&break_gain=0.50&break_loss=0.50&run_analysis=1&live=1",
            "ok": true,
            "status": 200,
            "has_price_payload": true,
            "symbol_probe": null,
            "removed_from_list": false,
            "remove_reason": "",
            "checked_at": "2026-07-27T20:06:04Z"
        },
        {
            "market_type": "crypto",
            "symbol": "ETH-USD",
            "requested_url": "http://localhost:8081/index.php?market_type=crypto&symbol=ETH-USD&buy_multiplier=0.90&sell_multiplier=0.80&trust_percent=95.00&break_buy=0.50&break_gain=0.50&break_loss=0.50&run_analysis=1&live=1",
            "ok": true,
            "status": 200,
            "has_price_payload": true,
            "symbol_probe": null,
            "removed_from_list": false,
            "remove_reason": "",
            "checked_at": "2026-07-27T20:06:08Z"
        }
    ]
}
[2026-07-27T16:06:08-04:00] php runner end

[2026-07-27T16:11:08-04:00] php runner start
{
    "ran_at": "2026-07-27T20:11:03Z",
    "target_count": 2,
    "target_batch_limit": 2,
    "target_batch_offset": 0,
    "target_batch_next_offset": 0,
    "target_total_available": 2,
    "results": [
        {
            "market_type": "crypto",
            "symbol": "BTC-USD",
            "requested_url": "http://127.0.0.1:8081/index.php?market_type=crypto&symbol=BTC-USD&buy_multiplier=0.50&sell_multiplier=0.40&trust_percent=95.00&break_buy=0.50&break_gain=0.50&break_loss=0.50&run_analysis=1&live=1",
            "ok": false,
            "status": 500,
            "has_price_payload": false,
            "symbol_probe": {
                "url": "https://query1.finance.yahoo.com/v8/finance/chart/BTC-USD?range=1d&interval=5m&includePrePost=false",
                "ok": false,
                "status": 0,
                "looks_real": false
            },
            "removed_from_list": true,
            "remove_reason": "Removed after missing usable price CSV/JSON and failing the direct crypto symbol probe while Google or Microsoft connectivity probe succeeded.",
            "checked_at": "2026-07-27T20:11:05Z"
        },
        {
            "market_type": "crypto",
            "symbol": "ETH-USD",
            "requested_url": "http://localhost:8081/index.php?market_type=crypto&symbol=ETH-USD&buy_multiplier=0.90&sell_multiplier=0.80&trust_percent=95.00&break_buy=0.50&break_gain=0.50&break_loss=0.50&run_analysis=1&live=1",
            "ok": false,
            "status": 500,
            "has_price_payload": false,
            "symbol_probe": {
                "url": "https://query1.finance.yahoo.com/v8/finance/chart/ETH-USD?range=1d&interval=5m&includePrePost=false",
                "ok": false,
                "status": 0,
                "looks_real": false
            },
            "removed_from_list": true,
            "remove_reason": "Removed after missing usable price CSV/JSON and failing the direct crypto symbol probe while Google or Microsoft connectivity probe succeeded.",
            "checked_at": "2026-07-27T20:11:08Z"
        }
    ]
}
[2026-07-27T16:11:08-04:00] php runner end

[2026-07-27T16:16:04-04:00] php runner start
{
    "ran_at": "2026-07-27T20:16:03Z",
    "target_count": 1,
    "target_batch_limit": 2,
    "target_batch_offset": 0,
    "target_batch_next_offset": 0,
    "target_total_available": 1,
    "results": [
        {
            "market_type": "crypto",
            "symbol": "BTC-USD",
            "requested_url": "http://127.0.0.1:8081/index.php?market_type=crypto&symbol=BTC-USD&buy_multiplier=0.50&sell_multiplier=0.40&trust_percent=95.00&break_buy=0.50&break_gain=0.50&break_loss=0.50&run_analysis=1&live=1",
            "ok": true,
            "status": 200,
            "has_price_payload": true,
            "symbol_probe": null,
            "removed_from_list": false,
            "remove_reason": "",
            "checked_at": "2026-07-27T20:16:04Z"
        }
    ]
}
[2026-07-27T16:16:04-04:00] php runner end

[2026-07-27T16:21:04-04:00] php runner start
{
    "ran_at": "2026-07-27T20:21:03Z",
    "target_count": 1,
    "target_batch_limit": 2,
    "target_batch_offset": 0,
    "target_batch_next_offset": 0,
    "target_total_available": 1,
    "results": [
        {
            "market_type": "crypto",
            "symbol": "BTC-USD",
            "requested_url": "http://127.0.0.1:8081/index.php?market_type=crypto&symbol=BTC-USD&buy_multiplier=0.50&sell_multiplier=0.40&trust_percent=95.00&break_buy=0.50&break_gain=0.50&break_loss=0.50&run_analysis=1&live=1",
            "ok": true,
            "status": 200,
            "has_price_payload": true,
            "symbol_probe": null,
            "removed_from_list": false,
            "remove_reason": "",
            "checked_at": "2026-07-27T20:21:03Z"
        }
    ]
}
[2026-07-27T16:21:04-04:00] php runner end

[2026-07-27T16:26:04-04:00] php runner start
{
    "ran_at": "2026-07-27T20:26:03Z",
    "target_count": 1,
    "target_batch_limit": 2,
    "target_batch_offset": 0,
    "target_batch_next_offset": 0,
    "target_total_available": 1,
    "results": [
        {
            "market_type": "crypto",
            "symbol": "BTC-USD",
            "requested_url": "http://127.0.0.1:8081/index.php?market_type=crypto&symbol=BTC-USD&buy_multiplier=0.50&sell_multiplier=0.40&trust_percent=95.00&break_buy=0.50&break_gain=0.50&break_loss=0.50&run_analysis=1&live=1",
            "ok": true,
            "status": 200,
            "has_price_payload": true,
            "symbol_probe": null,
            "removed_from_list": false,
            "remove_reason": "",
            "checked_at": "2026-07-27T20:26:04Z"
        }
    ]
}
[2026-07-27T16:26:04-04:00] php runner end

[2026-07-27T16:31:08-04:00] php runner start
{
    "ran_at": "2026-07-27T20:31:03Z",
    "target_count": 1,
    "target_batch_limit": 2,
    "target_batch_offset": 0,
    "target_batch_next_offset": 0,
    "target_total_available": 1,
    "results": [
        {
            "market_type": "crypto",
            "symbol": "BTC-USD",
            "requested_url": "http://127.0.0.1:8081/index.php?market_type=crypto&symbol=BTC-USD&buy_multiplier=0.50&sell_multiplier=0.40&trust_percent=95.00&break_buy=0.50&break_gain=0.50&break_loss=0.50&run_analysis=1&live=1",
            "ok": true,
            "status": 200,
            "has_price_payload": true,
            "symbol_probe": null,
            "removed_from_list": false,
            "remove_reason": "",
            "checked_at": "2026-07-27T20:31:08Z"
        }
    ]
}
[2026-07-27T16:31:08-04:00] php runner end

[2026-07-27T16:36:06-04:00] php runner start
{
    "ran_at": "2026-07-27T20:36:03Z",
    "target_count": 1,
    "target_batch_limit": 2,
    "target_batch_offset": 0,
    "target_batch_next_offset": 0,
    "target_total_available": 1,
    "results": [
        {
            "market_type": "crypto",
            "symbol": "BTC-USD",
            "requested_url": "http://127.0.0.1:8081/index.php?market_type=crypto&symbol=BTC-USD&buy_multiplier=0.50&sell_multiplier=0.40&trust_percent=95.00&break_buy=0.50&break_gain=0.50&break_loss=0.50&run_analysis=1&live=1",
            "ok": true,
            "status": 200,
            "has_price_payload": true,
            "symbol_probe": null,
            "removed_from_list": false,
            "remove_reason": "",
            "checked_at": "2026-07-27T20:36:06Z"
        }
    ]
}
[2026-07-27T16:36:06-04:00] php runner end

[2026-07-27T16:41:03-04:00] php runner start
{
    "ran_at": "2026-07-27T20:41:03Z",
    "target_count": 1,
    "target_batch_limit": 2,
    "target_batch_offset": 0,
    "target_batch_next_offset": 0,
    "target_total_available": 1,
    "results": [
        {
            "market_type": "crypto",
            "symbol": "BTC-USD",
            "requested_url": "http://127.0.0.1:8081/index.php?market_type=crypto&symbol=BTC-USD&buy_multiplier=0.50&sell_multiplier=0.40&trust_percent=95.00&break_buy=0.50&break_gain=0.50&break_loss=0.50&run_analysis=1&live=1",
            "ok": true,
            "status": 200,
            "has_price_payload": true,
            "symbol_probe": null,
            "removed_from_list": false,
            "remove_reason": "",
            "checked_at": "2026-07-27T20:41:03Z"
        }
    ]
}
[2026-07-27T16:41:03-04:00] php runner end

[2026-07-27T16:46:04-04:00] php runner start
{
    "ran_at": "2026-07-27T20:46:03Z",
    "target_count": 1,
    "target_batch_limit": 2,
    "target_batch_offset": 0,
    "target_batch_next_offset": 0,
    "target_total_available": 1,
    "results": [
        {
            "market_type": "crypto",
            "symbol": "BTC-USD",
            "requested_url": "http://127.0.0.1:8081/index.php?market_type=crypto&symbol=BTC-USD&buy_multiplier=0.50&sell_multiplier=0.40&trust_percent=95.00&break_buy=0.50&break_gain=0.50&break_loss=0.50&run_analysis=1&live=1",
            "ok": true,
            "status": 200,
            "has_price_payload": true,
            "symbol_probe": null,
            "removed_from_list": false,
            "remove_reason": "",
            "checked_at": "2026-07-27T20:46:04Z"
        }
    ]
}
[2026-07-27T16:46:04-04:00] php runner end

[2026-07-27T16:51:04-04:00] php runner start
{
    "ran_at": "2026-07-27T20:51:03Z",
    "target_count": 1,
    "target_batch_limit": 2,
    "target_batch_offset": 0,
    "target_batch_next_offset": 0,
    "target_total_available": 1,
    "results": [
        {
            "market_type": "crypto",
            "symbol": "BTC-USD",
            "requested_url": "http://127.0.0.1:8081/index.php?market_type=crypto&symbol=BTC-USD&buy_multiplier=0.50&sell_multiplier=0.40&trust_percent=95.00&break_buy=0.50&break_gain=0.50&break_loss=0.50&run_analysis=1&live=1",
            "ok": true,
            "status": 200,
            "has_price_payload": true,
            "symbol_probe": null,
            "removed_from_list": false,
            "remove_reason": "",
            "checked_at": "2026-07-27T20:51:03Z"
        }
    ]
}
[2026-07-27T16:51:04-04:00] php runner end

[2026-07-27T16:56:05-04:00] php runner start
{
    "ran_at": "2026-07-27T20:56:03Z",
    "target_count": 1,
    "target_batch_limit": 2,
    "target_batch_offset": 0,
    "target_batch_next_offset": 0,
    "target_total_available": 1,
    "results": [
        {
            "market_type": "crypto",
            "symbol": "BTC-USD",
            "requested_url": "http://127.0.0.1:8081/index.php?market_type=crypto&symbol=BTC-USD&buy_multiplier=0.50&sell_multiplier=0.40&trust_percent=95.00&break_buy=0.50&break_gain=0.50&break_loss=0.50&run_analysis=1&live=1",
            "ok": true,
            "status": 200,
            "has_price_payload": true,
            "symbol_probe": null,
            "removed_from_list": false,
            "remove_reason": "",
            "checked_at": "2026-07-27T20:56:05Z"
        }
    ]
}
[2026-07-27T16:56:05-04:00] php runner end

[2026-07-27T17:01:04-04:00] php runner start
{
    "ran_at": "2026-07-27T21:01:03Z",
    "target_count": 1,
    "target_batch_limit": 2,
    "target_batch_offset": 0,
    "target_batch_next_offset": 0,
    "target_total_available": 1,
    "results": [
        {
            "market_type": "crypto",
            "symbol": "BTC-USD",
            "requested_url": "http://127.0.0.1:8081/index.php?market_type=crypto&symbol=BTC-USD&buy_multiplier=0.50&sell_multiplier=0.40&trust_percent=95.00&break_buy=0.50&break_gain=0.50&break_loss=0.50&run_analysis=1&live=1",
            "ok": true,
            "status": 200,
            "has_price_payload": true,
            "symbol_probe": null,
            "removed_from_list": false,
            "remove_reason": "",
            "checked_at": "2026-07-27T21:01:04Z"
        }
    ]
}
[2026-07-27T17:01:04-04:00] php runner end

[2026-07-27T17:06:04-04:00] php runner start
{
    "ran_at": "2026-07-27T21:06:03Z",
    "target_count": 1,
    "target_batch_limit": 2,
    "target_batch_offset": 0,
    "target_batch_next_offset": 0,
    "target_total_available": 1,
    "results": [
        {
            "market_type": "crypto",
            "symbol": "BTC-USD",
            "requested_url": "http://127.0.0.1:8081/index.php?market_type=crypto&symbol=BTC-USD&buy_multiplier=0.50&sell_multiplier=0.40&trust_percent=95.00&break_buy=0.50&break_gain=0.50&break_loss=0.50&run_analysis=1&live=1",
            "ok": true,
            "status": 200,
            "has_price_payload": true,
            "symbol_probe": null,
            "removed_from_list": false,
            "remove_reason": "",
            "checked_at": "2026-07-27T21:06:04Z"
        }
    ]
}
[2026-07-27T17:06:04-04:00] php runner end

[2026-07-27T17:11:05-04:00] php runner start
{
    "ran_at": "2026-07-27T21:11:03Z",
    "target_count": 1,
    "target_batch_limit": 2,
    "target_batch_offset": 0,
    "target_batch_next_offset": 0,
    "target_total_available": 1,
    "results": [
        {
            "market_type": "crypto",
            "symbol": "BTC-USD",
            "requested_url": "http://127.0.0.1:8081/index.php?market_type=crypto&symbol=BTC-USD&buy_multiplier=0.50&sell_multiplier=0.40&trust_percent=95.00&break_buy=0.50&break_gain=0.50&break_loss=0.50&run_analysis=1&live=1",
            "ok": true,
            "status": 200,
            "has_price_payload": true,
            "symbol_probe": null,
            "removed_from_list": false,
            "remove_reason": "",
            "checked_at": "2026-07-27T21:11:05Z"
        }
    ]
}
[2026-07-27T17:11:05-04:00] php runner end

[2026-07-27T17:16:05-04:00] php runner start
{
    "ran_at": "2026-07-27T21:16:03Z",
    "target_count": 1,
    "target_batch_limit": 2,
    "target_batch_offset": 0,
    "target_batch_next_offset": 0,
    "target_total_available": 1,
    "results": [
        {
            "market_type": "crypto",
            "symbol": "BTC-USD",
            "requested_url": "http://127.0.0.1:8081/index.php?market_type=crypto&symbol=BTC-USD&buy_multiplier=0.50&sell_multiplier=0.40&trust_percent=95.00&break_buy=0.50&break_gain=0.50&break_loss=0.50&run_analysis=1&live=1",
            "ok": true,
            "status": 200,
            "has_price_payload": true,
            "symbol_probe": null,
            "removed_from_list": false,
            "remove_reason": "",
            "checked_at": "2026-07-27T21:16:05Z"
        }
    ]
}
[2026-07-27T17:16:05-04:00] php runner end

[2026-07-27T17:21:04-04:00] php runner start
{
    "ran_at": "2026-07-27T21:21:03Z",
    "target_count": 1,
    "target_batch_limit": 2,
    "target_batch_offset": 0,
    "target_batch_next_offset": 0,
    "target_total_available": 1,
    "results": [
        {
            "market_type": "crypto",
            "symbol": "BTC-USD",
            "requested_url": "http://127.0.0.1:8081/index.php?market_type=crypto&symbol=BTC-USD&buy_multiplier=0.50&sell_multiplier=0.40&trust_percent=95.00&break_buy=0.50&break_gain=0.50&break_loss=0.50&run_analysis=1&live=1",
            "ok": true,
            "status": 200,
            "has_price_payload": true,
            "symbol_probe": null,
            "removed_from_list": false,
            "remove_reason": "",
            "checked_at": "2026-07-27T21:21:03Z"
        }
    ]
}
[2026-07-27T17:21:04-04:00] php runner end

[2026-07-27T17:26:05-04:00] php runner start
{
    "ran_at": "2026-07-27T21:26:03Z",
    "target_count": 1,
    "target_batch_limit": 2,
    "target_batch_offset": 0,
    "target_batch_next_offset": 0,
    "target_total_available": 1,
    "results": [
        {
            "market_type": "crypto",
            "symbol": "BTC-USD",
            "requested_url": "http://127.0.0.1:8081/index.php?market_type=crypto&symbol=BTC-USD&buy_multiplier=0.50&sell_multiplier=0.40&trust_percent=95.00&break_buy=0.50&break_gain=0.50&break_loss=0.50&run_analysis=1&live=1",
            "ok": true,
            "status": 200,
            "has_price_payload": true,
            "symbol_probe": null,
            "removed_from_list": false,
            "remove_reason": "",
            "checked_at": "2026-07-27T21:26:05Z"
        }
    ]
}
[2026-07-27T17:26:05-04:00] php runner end

[2026-07-27T17:31:05-04:00] php runner start
{
    "ran_at": "2026-07-27T21:31:03Z",
    "target_count": 1,
    "target_batch_limit": 2,
    "target_batch_offset": 0,
    "target_batch_next_offset": 0,
    "target_total_available": 1,
    "results": [
        {
            "market_type": "crypto",
            "symbol": "BTC-USD",
            "requested_url": "http://127.0.0.1:8081/index.php?market_type=crypto&symbol=BTC-USD&buy_multiplier=0.50&sell_multiplier=0.40&trust_percent=95.00&break_buy=0.50&break_gain=0.50&break_loss=0.50&run_analysis=1&live=1",
            "ok": true,
            "status": 200,
            "has_price_payload": true,
            "symbol_probe": null,
            "removed_from_list": false,
            "remove_reason": "",
            "checked_at": "2026-07-27T21:31:04Z"
        }
    ]
}
[2026-07-27T17:31:05-04:00] php runner end

[2026-07-27T17:36:15-04:00] php runner start
{
    "ran_at": "2026-07-27T21:36:03Z",
    "target_count": 1,
    "target_batch_limit": 2,
    "target_batch_offset": 0,
    "target_batch_next_offset": 0,
    "target_total_available": 1,
    "results": [
        {
            "market_type": "crypto",
            "symbol": "BTC-USD",
            "requested_url": "http://127.0.0.1:8081/index.php?market_type=crypto&symbol=BTC-USD&buy_multiplier=0.50&sell_multiplier=0.40&trust_percent=95.00&break_buy=0.50&break_gain=0.50&break_loss=0.50&run_analysis=1&live=1",
            "ok": false,
            "status": 0,
            "has_price_payload": false,
            "symbol_probe": {
                "url": "https://query1.finance.yahoo.com/v8/finance/chart/BTC-USD?range=1d&interval=5m&includePrePost=false",
                "ok": false,
                "status": 0,
                "looks_real": false
            },
            "removed_from_list": false,
            "remove_reason": "Kept symbol because the local market page did not respond, so this looked like an app availability issue rather than proof that the symbol was invalid.",
            "checked_at": "2026-07-27T21:36:15Z"
        }
    ]
}
[2026-07-27T17:36:15-04:00] php runner end

[2026-07-27T17:41:10-04:00] php runner start
{
    "ran_at": "2026-07-27T21:41:03Z",
    "target_count": 1,
    "target_batch_limit": 2,
    "target_batch_offset": 0,
    "target_batch_next_offset": 0,
    "target_total_available": 1,
    "results": [
        {
            "market_type": "crypto",
            "symbol": "BTC-USD",
            "requested_url": "http://127.0.0.1:8081/index.php?market_type=crypto&symbol=BTC-USD&buy_multiplier=0.50&sell_multiplier=0.40&trust_percent=95.00&break_buy=0.50&break_gain=0.50&break_loss=0.50&run_analysis=1&live=1",
            "ok": true,
            "status": 200,
            "has_price_payload": true,
            "symbol_probe": null,
            "removed_from_list": false,
            "remove_reason": "",
            "checked_at": "2026-07-27T21:41:10Z"
        }
    ]
}
[2026-07-27T17:41:10-04:00] php runner end

[2026-07-27T17:46:14-04:00] php runner start
{
    "ran_at": "2026-07-27T21:46:03Z",
    "target_count": 1,
    "target_batch_limit": 2,
    "target_batch_offset": 0,
    "target_batch_next_offset": 0,
    "target_total_available": 1,
    "results": [
        {
            "market_type": "crypto",
            "symbol": "BTC-USD",
            "requested_url": "http://127.0.0.1:8081/index.php?market_type=crypto&symbol=BTC-USD&buy_multiplier=0.50&sell_multiplier=0.40&trust_percent=95.00&break_buy=0.50&break_gain=0.50&break_loss=0.50&run_analysis=1&live=1",
            "ok": true,
            "status": 200,
            "has_price_payload": true,
            "symbol_probe": null,
            "removed_from_list": false,
            "remove_reason": "",
            "checked_at": "2026-07-27T21:46:14Z"
        }
    ]
}
[2026-07-27T17:46:14-04:00] php runner end

[2026-07-27T17:51:08-04:00] php runner start
{
    "ran_at": "2026-07-27T21:51:03Z",
    "target_count": 1,
    "target_batch_limit": 2,
    "target_batch_offset": 0,
    "target_batch_next_offset": 0,
    "target_total_available": 1,
    "results": [
        {
            "market_type": "crypto",
            "symbol": "BTC-USD",
            "requested_url": "http://127.0.0.1:8081/index.php?market_type=crypto&symbol=BTC-USD&buy_multiplier=0.50&sell_multiplier=0.40&trust_percent=95.00&break_buy=0.50&break_gain=0.50&break_loss=0.50&run_analysis=1&live=1",
            "ok": true,
            "status": 200,
            "has_price_payload": true,
            "symbol_probe": null,
            "removed_from_list": false,
            "remove_reason": "",
            "checked_at": "2026-07-27T21:51:08Z"
        }
    ]
}
[2026-07-27T17:51:08-04:00] php runner end

[2026-07-27T17:56:08-04:00] php runner start
{
    "ran_at": "2026-07-27T21:56:03Z",
    "target_count": 1,
    "target_batch_limit": 2,
    "target_batch_offset": 0,
    "target_batch_next_offset": 0,
    "target_total_available": 1,
    "results": [
        {
            "market_type": "crypto",
            "symbol": "BTC-USD",
            "requested_url": "http://127.0.0.1:8081/index.php?market_type=crypto&symbol=BTC-USD&buy_multiplier=0.50&sell_multiplier=0.40&trust_percent=95.00&break_buy=0.50&break_gain=0.50&break_loss=0.50&run_analysis=1&live=1",
            "ok": true,
            "status": 200,
            "has_price_payload": true,
            "symbol_probe": null,
            "removed_from_list": false,
            "remove_reason": "",
            "checked_at": "2026-07-27T21:56:07Z"
        }
    ]
}
[2026-07-27T17:56:08-04:00] php runner end

[2026-07-27T18:01:05-04:00] php runner start
{
    "ran_at": "2026-07-27T22:01:03Z",
    "target_count": 1,
    "target_batch_limit": 2,
    "target_batch_offset": 0,
    "target_batch_next_offset": 0,
    "target_total_available": 1,
    "results": [
        {
            "market_type": "crypto",
            "symbol": "BTC-USD",
            "requested_url": "http://127.0.0.1:8081/index.php?market_type=crypto&symbol=BTC-USD&buy_multiplier=0.50&sell_multiplier=0.40&trust_percent=95.00&break_buy=0.50&break_gain=0.50&break_loss=0.50&run_analysis=1&live=1",
            "ok": true,
            "status": 200,
            "has_price_payload": true,
            "symbol_probe": null,
            "removed_from_list": false,
            "remove_reason": "",
            "checked_at": "2026-07-27T22:01:05Z"
        }
    ]
}
[2026-07-27T18:01:05-04:00] php runner end

[2026-07-27T18:06:18-04:00] php runner start
{
    "ran_at": "2026-07-27T22:06:02Z",
    "target_count": 2,
    "target_batch_limit": 2,
    "target_batch_offset": 0,
    "target_batch_next_offset": 0,
    "target_total_available": 2,
    "results": [
        {
            "market_type": "crypto",
            "symbol": "BTC-USD",
            "requested_url": "http://localhost:8081/index.php?market_type=crypto&symbol=BTC-USD&buy_multiplier=0.50&sell_multiplier=0.40&trust_percent=95.00&break_buy=0.50&break_gain=0.50&break_loss=0.50&run_analysis=1&live=1",
            "ok": true,
            "status": 200,
            "has_price_payload": true,
            "symbol_probe": null,
            "removed_from_list": false,
            "remove_reason": "",
            "checked_at": "2026-07-27T22:06:15Z"
        },
        {
            "market_type": "crypto",
            "symbol": "ETH-USD",
            "requested_url": "http://localhost:8081/index.php?market_type=crypto&symbol=ETH-USD&buy_multiplier=0.90&sell_multiplier=0.80&trust_percent=95.00&break_buy=0.50&break_gain=0.50&break_loss=0.50&run_analysis=1&live=1",
            "ok": true,
            "status": 200,
            "has_price_payload": true,
            "symbol_probe": null,
            "removed_from_list": false,
            "remove_reason": "",
            "checked_at": "2026-07-27T22:06:18Z"
        }
    ]
}
[2026-07-27T18:06:18-04:00] php runner end

[2026-07-27T18:11:04-04:00] php runner start
{
    "ran_at": "2026-07-27T22:11:02Z",
    "target_count": 2,
    "target_batch_limit": 2,
    "target_batch_offset": 0,
    "target_batch_next_offset": 0,
    "target_total_available": 2,
    "results": [
        {
            "market_type": "crypto",
            "symbol": "BTC-USD",
            "requested_url": "http://127.0.0.1:8081/index.php?market_type=crypto&symbol=BTC-USD&buy_multiplier=0.50&sell_multiplier=0.40&trust_percent=95.00&break_buy=0.50&break_gain=0.50&break_loss=0.50&run_analysis=1&live=1",
            "ok": true,
            "status": 200,
            "has_price_payload": true,
            "symbol_probe": null,
            "removed_from_list": false,
            "remove_reason": "",
            "checked_at": "2026-07-27T22:11:03Z"
        },
        {
            "market_type": "crypto",
            "symbol": "ETH-USD",
            "requested_url": "http://127.0.0.1:8081/index.php?market_type=crypto&symbol=ETH-USD&buy_multiplier=0.90&sell_multiplier=0.80&trust_percent=95.00&break_buy=0.50&break_gain=0.50&break_loss=0.50&run_analysis=1&live=1",
            "ok": true,
            "status": 200,
            "has_price_payload": true,
            "symbol_probe": null,
            "removed_from_list": false,
            "remove_reason": "",
            "checked_at": "2026-07-27T22:11:04Z"
        }
    ]
}
[2026-07-27T18:11:04-04:00] php runner end

[2026-07-27T18:16:10-04:00] php runner start
{
    "ran_at": "2026-07-27T22:16:02Z",
    "target_count": 2,
    "target_batch_limit": 2,
    "target_batch_offset": 0,
    "target_batch_next_offset": 0,
    "target_total_available": 2,
    "results": [
        {
            "market_type": "crypto",
            "symbol": "BTC-USD",
            "requested_url": "http://127.0.0.1:8081/index.php?market_type=crypto&symbol=BTC-USD&buy_multiplier=0.50&sell_multiplier=0.40&trust_percent=95.00&break_buy=0.50&break_gain=0.50&break_loss=0.50&run_analysis=1&live=1",
            "ok": true,
            "status": 200,
            "has_price_payload": true,
            "symbol_probe": null,
            "removed_from_list": false,
            "remove_reason": "",
            "checked_at": "2026-07-27T22:16:05Z"
        },
        {
            "market_type": "crypto",
            "symbol": "ETH-USD",
            "requested_url": "http://127.0.0.1:8081/index.php?market_type=crypto&symbol=ETH-USD&buy_multiplier=0.90&sell_multiplier=0.80&trust_percent=95.00&break_buy=0.50&break_gain=0.50&break_loss=0.50&run_analysis=1&live=1",
            "ok": true,
            "status": 200,
            "has_price_payload": true,
            "symbol_probe": null,
            "removed_from_list": false,
            "remove_reason": "",
            "checked_at": "2026-07-27T22:16:10Z"
        }
    ]
}
[2026-07-27T18:16:10-04:00] php runner end

[2026-07-27T18:21:14-04:00] php runner start
{
    "ran_at": "2026-07-27T22:21:02Z",
    "target_count": 2,
    "target_batch_limit": 2,
    "target_batch_offset": 0,
    "target_batch_next_offset": 0,
    "target_total_available": 2,
    "results": [
        {
            "market_type": "crypto",
            "symbol": "BTC-USD",
            "requested_url": "http://127.0.0.1:8081/index.php?market_type=crypto&symbol=BTC-USD&buy_multiplier=0.50&sell_multiplier=0.40&trust_percent=95.00&break_buy=0.50&break_gain=0.50&break_loss=0.50&run_analysis=1&live=1",
            "ok": true,
            "status": 200,
            "has_price_payload": true,
            "symbol_probe": null,
            "removed_from_list": false,
            "remove_reason": "",
            "checked_at": "2026-07-27T22:21:08Z"
        },
        {
            "market_type": "crypto",
            "symbol": "ETH-USD",
            "requested_url": "http://127.0.0.1:8081/index.php?market_type=crypto&symbol=ETH-USD&buy_multiplier=0.90&sell_multiplier=0.80&trust_percent=95.00&break_buy=0.50&break_gain=0.50&break_loss=0.50&run_analysis=1&live=1",
            "ok": true,
            "status": 200,
            "has_price_payload": true,
            "symbol_probe": null,
            "removed_from_list": false,
            "remove_reason": "",
            "checked_at": "2026-07-27T22:21:14Z"
        }
    ]
}
[2026-07-27T18:21:14-04:00] php runner end

[2026-07-27T18:26:09-04:00] php runner start
{
    "ran_at": "2026-07-27T22:26:02Z",
    "target_count": 2,
    "target_batch_limit": 2,
    "target_batch_offset": 0,
    "target_batch_next_offset": 0,
    "target_total_available": 2,
    "results": [
        {
            "market_type": "crypto",
            "symbol": "BTC-USD",
            "requested_url": "http://localhost:8081/index.php?market_type=crypto&symbol=BTC-USD&buy_multiplier=0.50&sell_multiplier=0.40&trust_percent=95.00&break_buy=0.50&break_gain=0.50&break_loss=0.50&run_analysis=1&live=1",
            "ok": true,
            "status": 200,
            "has_price_payload": true,
            "symbol_probe": null,
            "removed_from_list": false,
            "remove_reason": "",
            "checked_at": "2026-07-27T22:26:07Z"
        },
        {
            "market_type": "crypto",
            "symbol": "ETH-USD",
            "requested_url": "http://127.0.0.1:8081/index.php?market_type=crypto&symbol=ETH-USD&buy_multiplier=0.90&sell_multiplier=0.80&trust_percent=95.00&break_buy=0.50&break_gain=0.50&break_loss=0.50&run_analysis=1&live=1",
            "ok": true,
            "status": 200,
            "has_price_payload": true,
            "symbol_probe": null,
            "removed_from_list": false,
            "remove_reason": "",
            "checked_at": "2026-07-27T22:26:09Z"
        }
    ]
}
[2026-07-27T18:26:09-04:00] php runner end

[2026-07-27T18:31:10-04:00] php runner start
{
    "ran_at": "2026-07-27T22:31:02Z",
    "target_count": 2,
    "target_batch_limit": 2,
    "target_batch_offset": 0,
    "target_batch_next_offset": 0,
    "target_total_available": 2,
    "results": [
        {
            "market_type": "crypto",
            "symbol": "BTC-USD",
            "requested_url": "http://localhost:8081/index.php?market_type=crypto&symbol=BTC-USD&buy_multiplier=0.50&sell_multiplier=0.40&trust_percent=95.00&break_buy=0.50&break_gain=0.50&break_loss=0.50&run_analysis=1&live=1",
            "ok": true,
            "status": 200,
            "has_price_payload": true,
            "symbol_probe": null,
            "removed_from_list": false,
            "remove_reason": "",
            "checked_at": "2026-07-27T22:31:08Z"
        },
        {
            "market_type": "crypto",
            "symbol": "ETH-USD",
            "requested_url": "http://127.0.0.1:8081/index.php?market_type=crypto&symbol=ETH-USD&buy_multiplier=0.90&sell_multiplier=0.80&trust_percent=95.00&break_buy=0.50&break_gain=0.50&break_loss=0.50&run_analysis=1&live=1",
            "ok": true,
            "status": 200,
            "has_price_payload": true,
            "symbol_probe": null,
            "removed_from_list": false,
            "remove_reason": "",
            "checked_at": "2026-07-27T22:31:10Z"
        }
    ]
}
[2026-07-27T18:31:10-04:00] php runner end

[2026-07-27T18:36:05-04:00] php runner start
{
    "ran_at": "2026-07-27T22:36:02Z",
    "target_count": 2,
    "target_batch_limit": 2,
    "target_batch_offset": 0,
    "target_batch_next_offset": 0,
    "target_total_available": 2,
    "results": [
        {
            "market_type": "crypto",
            "symbol": "BTC-USD",
            "requested_url": "http://127.0.0.1:8081/index.php?market_type=crypto&symbol=BTC-USD&buy_multiplier=0.50&sell_multiplier=0.40&trust_percent=95.00&break_buy=0.50&break_gain=0.50&break_loss=0.50&run_analysis=1&live=1",
            "ok": true,
            "status": 200,
            "has_price_payload": true,
            "symbol_probe": null,
            "removed_from_list": false,
            "remove_reason": "",
            "checked_at": "2026-07-27T22:36:03Z"
        },
        {
            "market_type": "crypto",
            "symbol": "ETH-USD",
            "requested_url": "http://127.0.0.1:8081/index.php?market_type=crypto&symbol=ETH-USD&buy_multiplier=0.90&sell_multiplier=0.80&trust_percent=95.00&break_buy=0.50&break_gain=0.50&break_loss=0.50&run_analysis=1&live=1",
            "ok": true,
            "status": 200,
            "has_price_payload": true,
            "symbol_probe": null,
            "removed_from_list": false,
            "remove_reason": "",
            "checked_at": "2026-07-27T22:36:04Z"
        }
    ]
}
[2026-07-27T18:36:05-04:00] php runner end

[2026-07-27T18:41:22-04:00] php runner start
{
    "ran_at": "2026-07-27T22:41:02Z",
    "target_count": 2,
    "target_batch_limit": 2,
    "target_batch_offset": 0,
    "target_batch_next_offset": 0,
    "target_total_available": 2,
    "results": [
        {
            "market_type": "crypto",
            "symbol": "BTC-USD",
            "requested_url": "http://localhost:8081/index.php?market_type=crypto&symbol=BTC-USD&buy_multiplier=0.50&sell_multiplier=0.40&trust_percent=95.00&break_buy=0.50&break_gain=0.50&break_loss=0.50&run_analysis=1&live=1",
            "ok": true,
            "status": 200,
            "has_price_payload": true,
            "symbol_probe": null,
            "removed_from_list": false,
            "remove_reason": "",
            "checked_at": "2026-07-27T22:41:10Z"
        },
        {
            "market_type": "crypto",
            "symbol": "ETH-USD",
            "requested_url": "http://127.0.0.1:8081/index.php?market_type=crypto&symbol=ETH-USD&buy_multiplier=0.90&sell_multiplier=0.80&trust_percent=95.00&break_buy=0.50&break_gain=0.50&break_loss=0.50&run_analysis=1&live=1",
            "ok": false,
            "status": 0,
            "has_price_payload": false,
            "symbol_probe": {
                "url": "https://query1.finance.yahoo.com/v8/finance/chart/ETH-USD?range=1d&interval=5m&includePrePost=false",
                "ok": false,
                "status": 0,
                "looks_real": false
            },
            "removed_from_list": false,
            "remove_reason": "Kept symbol because the local market page did not respond, so this looked like an app availability issue rather than proof that the symbol was invalid.",
            "checked_at": "2026-07-27T22:41:22Z"
        }
    ]
}
[2026-07-27T18:41:22-04:00] php runner end

[2026-07-27T18:46:04-04:00] php runner start
{
    "ran_at": "2026-07-27T22:46:02Z",
    "target_count": 2,
    "target_batch_limit": 2,
    "target_batch_offset": 0,
    "target_batch_next_offset": 0,
    "target_total_available": 2,
    "results": [
        {
            "market_type": "crypto",
            "symbol": "BTC-USD",
            "requested_url": "http://127.0.0.1:8081/index.php?market_type=crypto&symbol=BTC-USD&buy_multiplier=0.50&sell_multiplier=0.40&trust_percent=95.00&break_buy=0.50&break_gain=0.50&break_loss=0.50&run_analysis=1&live=1",
            "ok": true,
            "status": 200,
            "has_price_payload": true,
            "symbol_probe": null,
            "removed_from_list": false,
            "remove_reason": "",
            "checked_at": "2026-07-27T22:46:03Z"
        },
        {
            "market_type": "crypto",
            "symbol": "ETH-USD",
            "requested_url": "http://127.0.0.1:8081/index.php?market_type=crypto&symbol=ETH-USD&buy_multiplier=0.90&sell_multiplier=0.80&trust_percent=95.00&break_buy=0.50&break_gain=0.50&break_loss=0.50&run_analysis=1&live=1",
            "ok": true,
            "status": 200,
            "has_price_payload": true,
            "symbol_probe": null,
            "removed_from_list": false,
            "remove_reason": "",
            "checked_at": "2026-07-27T22:46:04Z"
        }
    ]
}
[2026-07-27T18:46:04-04:00] php runner end

[2026-07-27T18:51:08-04:00] php runner start
{
    "ran_at": "2026-07-27T22:51:02Z",
    "target_count": 2,
    "target_batch_limit": 2,
    "target_batch_offset": 0,
    "target_batch_next_offset": 0,
    "target_total_available": 2,
    "results": [
        {
            "market_type": "crypto",
            "symbol": "BTC-USD",
            "requested_url": "http://localhost:8081/index.php?market_type=crypto&symbol=BTC-USD&buy_multiplier=0.50&sell_multiplier=0.40&trust_percent=95.00&break_buy=0.50&break_gain=0.50&break_loss=0.50&run_analysis=1&live=1",
            "ok": true,
            "status": 200,
            "has_price_payload": true,
            "symbol_probe": null,
            "removed_from_list": false,
            "remove_reason": "",
            "checked_at": "2026-07-27T22:51:06Z"
        },
        {
            "market_type": "crypto",
            "symbol": "ETH-USD",
            "requested_url": "http://127.0.0.1:8081/index.php?market_type=crypto&symbol=ETH-USD&buy_multiplier=0.90&sell_multiplier=0.80&trust_percent=95.00&break_buy=0.50&break_gain=0.50&break_loss=0.50&run_analysis=1&live=1",
            "ok": true,
            "status": 200,
            "has_price_payload": true,
            "symbol_probe": null,
            "removed_from_list": false,
            "remove_reason": "",
            "checked_at": "2026-07-27T22:51:08Z"
        }
    ]
}
[2026-07-27T18:51:08-04:00] php runner end

[2026-07-27T18:56:13-04:00] php runner start
{
    "ran_at": "2026-07-27T22:56:02Z",
    "target_count": 2,
    "target_batch_limit": 2,
    "target_batch_offset": 0,
    "target_batch_next_offset": 0,
    "target_total_available": 2,
    "results": [
        {
            "market_type": "crypto",
            "symbol": "BTC-USD",
            "requested_url": "http://localhost:8081/index.php?market_type=crypto&symbol=BTC-USD&buy_multiplier=0.50&sell_multiplier=0.40&trust_percent=95.00&break_buy=0.50&break_gain=0.50&break_loss=0.50&run_analysis=1&live=1",
            "ok": true,
            "status": 200,
            "has_price_payload": true,
            "symbol_probe": null,
            "removed_from_list": false,
            "remove_reason": "",
            "checked_at": "2026-07-27T22:56:08Z"
        },
        {
            "market_type": "crypto",
            "symbol": "ETH-USD",
            "requested_url": "http://127.0.0.1:8081/index.php?market_type=crypto&symbol=ETH-USD&buy_multiplier=0.90&sell_multiplier=0.80&trust_percent=95.00&break_buy=0.50&break_gain=0.50&break_loss=0.50&run_analysis=1&live=1",
            "ok": true,
            "status": 200,
            "has_price_payload": true,
            "symbol_probe": null,
            "removed_from_list": false,
            "remove_reason": "",
            "checked_at": "2026-07-27T22:56:13Z"
        }
    ]
}
[2026-07-27T18:56:13-04:00] php runner end

[2026-07-27T19:01:26-04:00] php runner start
{
    "ran_at": "2026-07-27T23:01:02Z",
    "target_count": 2,
    "target_batch_limit": 2,
    "target_batch_offset": 0,
    "target_batch_next_offset": 0,
    "target_total_available": 2,
    "results": [
        {
            "market_type": "crypto",
            "symbol": "BTC-USD",
            "requested_url": "http://localhost:8081/index.php?market_type=crypto&symbol=BTC-USD&buy_multiplier=0.50&sell_multiplier=0.40&trust_percent=95.00&break_buy=0.50&break_gain=0.50&break_loss=0.50&run_analysis=1&live=1",
            "ok": false,
            "status": 0,
            "has_price_payload": false,
            "symbol_probe": {
                "url": "https://query1.finance.yahoo.com/v8/finance/chart/BTC-USD?range=1d&interval=5m&includePrePost=false",
                "ok": false,
                "status": 0,
                "looks_real": false
            },
            "removed_from_list": false,
            "remove_reason": "Kept symbol because the local market page did not respond, so this looked like an app availability issue rather than proof that the symbol was invalid.",
            "checked_at": "2026-07-27T23:01:16Z"
        },
        {
            "market_type": "crypto",
            "symbol": "ETH-USD",
            "requested_url": "http://127.0.0.1:8081/index.php?market_type=crypto&symbol=ETH-USD&buy_multiplier=0.90&sell_multiplier=0.80&trust_percent=95.00&break_buy=0.50&break_gain=0.50&break_loss=0.50&run_analysis=1&live=1",
            "ok": true,
            "status": 200,
            "has_price_payload": true,
            "symbol_probe": null,
            "removed_from_list": false,
            "remove_reason": "",
            "checked_at": "2026-07-27T23:01:26Z"
        }
    ]
}
[2026-07-27T19:01:26-04:00] php runner end

[2026-07-27T19:06:17-04:00] php runner start
{
    "ran_at": "2026-07-27T23:06:02Z",
    "target_count": 2,
    "target_batch_limit": 2,
    "target_batch_offset": 0,
    "target_batch_next_offset": 0,
    "target_total_available": 2,
    "results": [
        {
            "market_type": "crypto",
            "symbol": "BTC-USD",
            "requested_url": "http://localhost:8081/index.php?market_type=crypto&symbol=BTC-USD&buy_multiplier=0.50&sell_multiplier=0.40&trust_percent=95.00&break_buy=0.50&break_gain=0.50&break_loss=0.50&run_analysis=1&live=1",
            "ok": true,
            "status": 200,
            "has_price_payload": true,
            "symbol_probe": null,
            "removed_from_list": false,
            "remove_reason": "",
            "checked_at": "2026-07-27T23:06:16Z"
        },
        {
            "market_type": "crypto",
            "symbol": "ETH-USD",
            "requested_url": "http://127.0.0.1:8081/index.php?market_type=crypto&symbol=ETH-USD&buy_multiplier=0.90&sell_multiplier=0.80&trust_percent=95.00&break_buy=0.50&break_gain=0.50&break_loss=0.50&run_analysis=1&live=1",
            "ok": true,
            "status": 200,
            "has_price_payload": true,
            "symbol_probe": null,
            "removed_from_list": false,
            "remove_reason": "",
            "checked_at": "2026-07-27T23:06:17Z"
        }
    ]
}
[2026-07-27T19:06:17-04:00] php runner end

[2026-07-27T19:11:06-04:00] php runner start
{
    "ran_at": "2026-07-27T23:11:02Z",
    "target_count": 2,
    "target_batch_limit": 2,
    "target_batch_offset": 0,
    "target_batch_next_offset": 0,
    "target_total_available": 2,
    "results": [
        {
            "market_type": "crypto",
            "symbol": "BTC-USD",
            "requested_url": "http://localhost:8081/index.php?market_type=crypto&symbol=BTC-USD&buy_multiplier=0.50&sell_multiplier=0.40&trust_percent=95.00&break_buy=0.50&break_gain=0.50&break_loss=0.50&run_analysis=1&live=1",
            "ok": true,
            "status": 200,
            "has_price_payload": true,
            "symbol_probe": null,
            "removed_from_list": false,
            "remove_reason": "",
            "checked_at": "2026-07-27T23:11:05Z"
        },
        {
            "market_type": "crypto",
            "symbol": "ETH-USD",
            "requested_url": "http://127.0.0.1:8081/index.php?market_type=crypto&symbol=ETH-USD&buy_multiplier=0.90&sell_multiplier=0.80&trust_percent=95.00&break_buy=0.50&break_gain=0.50&break_loss=0.50&run_analysis=1&live=1",
            "ok": true,
            "status": 200,
            "has_price_payload": true,
            "symbol_probe": null,
            "removed_from_list": false,
            "remove_reason": "",
            "checked_at": "2026-07-27T23:11:06Z"
        }
    ]
}
[2026-07-27T19:11:06-04:00] php runner end

[2026-07-27T19:16:15-04:00] php runner start
{
    "ran_at": "2026-07-27T23:16:02Z",
    "target_count": 2,
    "target_batch_limit": 2,
    "target_batch_offset": 0,
    "target_batch_next_offset": 0,
    "target_total_available": 2,
    "results": [
        {
            "market_type": "crypto",
            "symbol": "BTC-USD",
            "requested_url": "http://127.0.0.1:8081/index.php?market_type=crypto&symbol=BTC-USD&buy_multiplier=0.50&sell_multiplier=0.40&trust_percent=95.00&break_buy=0.50&break_gain=0.50&break_loss=0.50&run_analysis=1&live=1",
            "ok": true,
            "status": 200,
            "has_price_payload": true,
            "symbol_probe": null,
            "removed_from_list": false,
            "remove_reason": "",
            "checked_at": "2026-07-27T23:16:08Z"
        },
        {
            "market_type": "crypto",
            "symbol": "ETH-USD",
            "requested_url": "http://127.0.0.1:8081/index.php?market_type=crypto&symbol=ETH-USD&buy_multiplier=0.90&sell_multiplier=0.80&trust_percent=95.00&break_buy=0.50&break_gain=0.50&break_loss=0.50&run_analysis=1&live=1",
            "ok": true,
            "status": 200,
            "has_price_payload": true,
            "symbol_probe": null,
            "removed_from_list": false,
            "remove_reason": "",
            "checked_at": "2026-07-27T23:16:15Z"
        }
    ]
}
[2026-07-27T19:16:15-04:00] php runner end

[2026-07-27T19:21:07-04:00] php runner start
{
    "ran_at": "2026-07-27T23:21:02Z",
    "target_count": 2,
    "target_batch_limit": 2,
    "target_batch_offset": 0,
    "target_batch_next_offset": 0,
    "target_total_available": 2,
    "results": [
        {
            "market_type": "crypto",
            "symbol": "BTC-USD",
            "requested_url": "http://127.0.0.1:8081/index.php?market_type=crypto&symbol=BTC-USD&buy_multiplier=0.50&sell_multiplier=0.40&trust_percent=95.00&break_buy=0.50&break_gain=0.50&break_loss=0.50&run_analysis=1&live=1",
            "ok": true,
            "status": 200,
            "has_price_payload": true,
            "symbol_probe": null,
            "removed_from_list": false,
            "remove_reason": "",
            "checked_at": "2026-07-27T23:21:06Z"
        },
        {
            "market_type": "crypto",
            "symbol": "ETH-USD",
            "requested_url": "http://127.0.0.1:8081/index.php?market_type=crypto&symbol=ETH-USD&buy_multiplier=0.90&sell_multiplier=0.80&trust_percent=95.00&break_buy=0.50&break_gain=0.50&break_loss=0.50&run_analysis=1&live=1",
            "ok": true,
            "status": 200,
            "has_price_payload": true,
            "symbol_probe": null,
            "removed_from_list": false,
            "remove_reason": "",
            "checked_at": "2026-07-27T23:21:07Z"
        }
    ]
}
[2026-07-27T19:21:07-04:00] php runner end

[2026-07-27T19:26:12-04:00] php runner start
{
    "ran_at": "2026-07-27T23:26:02Z",
    "target_count": 2,
    "target_batch_limit": 2,
    "target_batch_offset": 0,
    "target_batch_next_offset": 0,
    "target_total_available": 2,
    "results": [
        {
            "market_type": "crypto",
            "symbol": "BTC-USD",
            "requested_url": "http://127.0.0.1:8081/index.php?market_type=crypto&symbol=BTC-USD&buy_multiplier=0.50&sell_multiplier=0.40&trust_percent=95.00&break_buy=0.50&break_gain=0.50&break_loss=0.50&run_analysis=1&live=1",
            "ok": true,
            "status": 200,
            "has_price_payload": true,
            "symbol_probe": null,
            "removed_from_list": false,
            "remove_reason": "",
            "checked_at": "2026-07-27T23:26:05Z"
        },
        {
            "market_type": "crypto",
            "symbol": "ETH-USD",
            "requested_url": "http://127.0.0.1:8081/index.php?market_type=crypto&symbol=ETH-USD&buy_multiplier=0.90&sell_multiplier=0.80&trust_percent=95.00&break_buy=0.50&break_gain=0.50&break_loss=0.50&run_analysis=1&live=1",
            "ok": true,
            "status": 200,
            "has_price_payload": true,
            "symbol_probe": null,
            "removed_from_list": false,
            "remove_reason": "",
            "checked_at": "2026-07-27T23:26:12Z"
        }
    ]
}
[2026-07-27T19:26:12-04:00] php runner end

[2026-07-27T19:31:06-04:00] php runner start
{
    "ran_at": "2026-07-27T23:31:02Z",
    "target_count": 2,
    "target_batch_limit": 2,
    "target_batch_offset": 0,
    "target_batch_next_offset": 0,
    "target_total_available": 2,
    "results": [
        {
            "market_type": "crypto",
            "symbol": "BTC-USD",
            "requested_url": "http://127.0.0.1:8081/index.php?market_type=crypto&symbol=BTC-USD&buy_multiplier=0.50&sell_multiplier=0.40&trust_percent=95.00&break_buy=0.50&break_gain=0.50&break_loss=0.50&run_analysis=1&live=1",
            "ok": true,
            "status": 200,
            "has_price_payload": true,
            "symbol_probe": null,
            "removed_from_list": false,
            "remove_reason": "",
            "checked_at": "2026-07-27T23:31:05Z"
        },
        {
            "market_type": "crypto",
            "symbol": "ETH-USD",
            "requested_url": "http://127.0.0.1:8081/index.php?market_type=crypto&symbol=ETH-USD&buy_multiplier=0.90&sell_multiplier=0.80&trust_percent=95.00&break_buy=0.50&break_gain=0.50&break_loss=0.50&run_analysis=1&live=1",
            "ok": true,
            "status": 200,
            "has_price_payload": true,
            "symbol_probe": null,
            "removed_from_list": false,
            "remove_reason": "",
            "checked_at": "2026-07-27T23:31:06Z"
        }
    ]
}
[2026-07-27T19:31:06-04:00] php runner end

[2026-07-27T19:36:20-04:00] php runner start
{
    "ran_at": "2026-07-27T23:36:02Z",
    "target_count": 2,
    "target_batch_limit": 2,
    "target_batch_offset": 0,
    "target_batch_next_offset": 0,
    "target_total_available": 2,
    "results": [
        {
            "market_type": "crypto",
            "symbol": "BTC-USD",
            "requested_url": "http://127.0.0.1:8081/index.php?market_type=crypto&symbol=BTC-USD&buy_multiplier=0.50&sell_multiplier=0.40&trust_percent=95.00&break_buy=0.50&break_gain=0.50&break_loss=0.50&run_analysis=1&live=1",
            "ok": false,
            "status": 0,
            "has_price_payload": false,
            "symbol_probe": {
                "url": "https://query1.finance.yahoo.com/v8/finance/chart/BTC-USD?range=1d&interval=5m&includePrePost=false",
                "ok": false,
                "status": 0,
                "looks_real": false
            },
            "removed_from_list": false,
            "remove_reason": "Kept symbol because the local market page did not respond, so this looked like an app availability issue rather than proof that the symbol was invalid.",
            "checked_at": "2026-07-27T23:36:14Z"
        },
        {
            "market_type": "crypto",
            "symbol": "ETH-USD",
            "requested_url": "http://127.0.0.1:8081/index.php?market_type=crypto&symbol=ETH-USD&buy_multiplier=0.90&sell_multiplier=0.80&trust_percent=95.00&break_buy=0.50&break_gain=0.50&break_loss=0.50&run_analysis=1&live=1",
            "ok": true,
            "status": 200,
            "has_price_payload": true,
            "symbol_probe": null,
            "removed_from_list": false,
            "remove_reason": "",
            "checked_at": "2026-07-27T23:36:20Z"
        }
    ]
}
[2026-07-27T19:36:20-04:00] php runner end

[2026-07-27T19:41:06-04:00] php runner start
{
    "ran_at": "2026-07-27T23:41:02Z",
    "target_count": 2,
    "target_batch_limit": 2,
    "target_batch_offset": 0,
    "target_batch_next_offset": 0,
    "target_total_available": 2,
    "results": [
        {
            "market_type": "crypto",
            "symbol": "BTC-USD",
            "requested_url": "http://127.0.0.1:8081/index.php?market_type=crypto&symbol=BTC-USD&buy_multiplier=0.50&sell_multiplier=0.40&trust_percent=95.00&break_buy=0.50&break_gain=0.50&break_loss=0.50&run_analysis=1&live=1",
            "ok": true,
            "status": 200,
            "has_price_payload": true,
            "symbol_probe": null,
            "removed_from_list": false,
            "remove_reason": "",
            "checked_at": "2026-07-27T23:41:04Z"
        },
        {
            "market_type": "crypto",
            "symbol": "ETH-USD",
            "requested_url": "http://127.0.0.1:8081/index.php?market_type=crypto&symbol=ETH-USD&buy_multiplier=0.90&sell_multiplier=0.80&trust_percent=95.00&break_buy=0.50&break_gain=0.50&break_loss=0.50&run_analysis=1&live=1",
            "ok": true,
            "status": 200,
            "has_price_payload": true,
            "symbol_probe": null,
            "removed_from_list": false,
            "remove_reason": "",
            "checked_at": "2026-07-27T23:41:06Z"
        }
    ]
}
[2026-07-27T19:41:06-04:00] php runner end

[2026-07-27T19:46:10-04:00] php runner start
{
    "ran_at": "2026-07-27T23:46:02Z",
    "target_count": 2,
    "target_batch_limit": 2,
    "target_batch_offset": 0,
    "target_batch_next_offset": 0,
    "target_total_available": 2,
    "results": [
        {
            "market_type": "crypto",
            "symbol": "BTC-USD",
            "requested_url": "http://localhost:8081/index.php?market_type=crypto&symbol=BTC-USD&buy_multiplier=0.50&sell_multiplier=0.40&trust_percent=95.00&break_buy=0.50&break_gain=0.50&break_loss=0.50&run_analysis=1&live=1",
            "ok": true,
            "status": 200,
            "has_price_payload": true,
            "symbol_probe": null,
            "removed_from_list": false,
            "remove_reason": "",
            "checked_at": "2026-07-27T23:46:08Z"
        },
        {
            "market_type": "crypto",
            "symbol": "ETH-USD",
            "requested_url": "http://127.0.0.1:8081/index.php?market_type=crypto&symbol=ETH-USD&buy_multiplier=0.90&sell_multiplier=0.80&trust_percent=95.00&break_buy=0.50&break_gain=0.50&break_loss=0.50&run_analysis=1&live=1",
            "ok": true,
            "status": 200,
            "has_price_payload": true,
            "symbol_probe": null,
            "removed_from_list": false,
            "remove_reason": "",
            "checked_at": "2026-07-27T23:46:10Z"
        }
    ]
}
[2026-07-27T19:46:10-04:00] php runner end

[2026-07-27T19:51:11-04:00] php runner start
{
    "ran_at": "2026-07-27T23:51:02Z",
    "target_count": 2,
    "target_batch_limit": 2,
    "target_batch_offset": 0,
    "target_batch_next_offset": 0,
    "target_total_available": 2,
    "results": [
        {
            "market_type": "crypto",
            "symbol": "BTC-USD",
            "requested_url": "http://localhost:8081/index.php?market_type=crypto&symbol=BTC-USD&buy_multiplier=0.50&sell_multiplier=0.40&trust_percent=95.00&break_buy=0.50&break_gain=0.50&break_loss=0.50&run_analysis=1&live=1",
            "ok": true,
            "status": 200,
            "has_price_payload": true,
            "symbol_probe": null,
            "removed_from_list": false,
            "remove_reason": "",
            "checked_at": "2026-07-27T23:51:10Z"
        },
        {
            "market_type": "crypto",
            "symbol": "ETH-USD",
            "requested_url": "http://127.0.0.1:8081/index.php?market_type=crypto&symbol=ETH-USD&buy_multiplier=0.90&sell_multiplier=0.80&trust_percent=95.00&break_buy=0.50&break_gain=0.50&break_loss=0.50&run_analysis=1&live=1",
            "ok": true,
            "status": 200,
            "has_price_payload": true,
            "symbol_probe": null,
            "removed_from_list": false,
            "remove_reason": "",
            "checked_at": "2026-07-27T23:51:11Z"
        }
    ]
}
[2026-07-27T19:51:11-04:00] php runner end

[2026-07-27T19:56:14-04:00] php runner start
{
    "ran_at": "2026-07-27T23:56:05Z",
    "target_count": 2,
    "target_batch_limit": 2,
    "target_batch_offset": 0,
    "target_batch_next_offset": 0,
    "target_total_available": 2,
    "results": [
        {
            "market_type": "crypto",
            "symbol": "BTC-USD",
            "requested_url": "http://localhost:8081/index.php?market_type=crypto&symbol=BTC-USD&buy_multiplier=0.50&sell_multiplier=0.40&trust_percent=95.00&break_buy=0.50&break_gain=0.50&break_loss=0.50&run_analysis=1&live=1",
            "ok": true,
            "status": 200,
            "has_price_payload": true,
            "symbol_probe": null,
            "removed_from_list": false,
            "remove_reason": "",
            "checked_at": "2026-07-27T23:56:13Z"
        },
        {
            "market_type": "crypto",
            "symbol": "ETH-USD",
            "requested_url": "http://127.0.0.1:8081/index.php?market_type=crypto&symbol=ETH-USD&buy_multiplier=0.90&sell_multiplier=0.80&trust_percent=95.00&break_buy=0.50&break_gain=0.50&break_loss=0.50&run_analysis=1&live=1",
            "ok": true,
            "status": 200,
            "has_price_payload": true,
            "symbol_probe": null,
            "removed_from_list": false,
            "remove_reason": "",
            "checked_at": "2026-07-27T23:56:14Z"
        }
    ]
}
[2026-07-27T19:56:14-04:00] php runner end

[2026-07-27T20:01:08-04:00] php runner start
{
    "ran_at": "2026-07-28T00:01:03Z",
    "target_count": 2,
    "target_batch_limit": 2,
    "target_batch_offset": 0,
    "target_batch_next_offset": 0,
    "target_total_available": 2,
    "results": [
        {
            "market_type": "crypto",
            "symbol": "BTC-USD",
            "requested_url": "http://localhost:8081/index.php?market_type=crypto&symbol=BTC-USD&buy_multiplier=0.50&sell_multiplier=0.40&trust_percent=95.00&break_buy=0.50&break_gain=0.50&break_loss=0.50&run_analysis=1&live=1",
            "ok": true,
            "status": 200,
            "has_price_payload": true,
            "symbol_probe": null,
            "removed_from_list": false,
            "remove_reason": "",
            "checked_at": "2026-07-28T00:01:07Z"
        },
        {
            "market_type": "crypto",
            "symbol": "ETH-USD",
            "requested_url": "http://127.0.0.1:8081/index.php?market_type=crypto&symbol=ETH-USD&buy_multiplier=0.90&sell_multiplier=0.80&trust_percent=95.00&break_buy=0.50&break_gain=0.50&break_loss=0.50&run_analysis=1&live=1",
            "ok": true,
            "status": 200,
            "has_price_payload": true,
            "symbol_probe": null,
            "removed_from_list": false,
            "remove_reason": "",
            "checked_at": "2026-07-28T00:01:07Z"
        }
    ]
}
[2026-07-27T20:01:08-04:00] php runner end

[2026-07-27T20:06:07-04:00] php runner start
{
    "ran_at": "2026-07-28T00:06:03Z",
    "target_count": 2,
    "target_batch_limit": 2,
    "target_batch_offset": 0,
    "target_batch_next_offset": 0,
    "target_total_available": 2,
    "results": [
        {
            "market_type": "crypto",
            "symbol": "BTC-USD",
            "requested_url": "http://localhost:8081/index.php?market_type=crypto&symbol=BTC-USD&buy_multiplier=0.50&sell_multiplier=0.40&trust_percent=95.00&break_buy=0.50&break_gain=0.50&break_loss=0.50&run_analysis=1&live=1",
            "ok": true,
            "status": 200,
            "has_price_payload": true,
            "symbol_probe": null,
            "removed_from_list": false,
            "remove_reason": "",
            "checked_at": "2026-07-28T00:06:06Z"
        },
        {
            "market_type": "crypto",
            "symbol": "ETH-USD",
            "requested_url": "http://127.0.0.1:8081/index.php?market_type=crypto&symbol=ETH-USD&buy_multiplier=0.90&sell_multiplier=0.80&trust_percent=95.00&break_buy=0.50&break_gain=0.50&break_loss=0.50&run_analysis=1&live=1",
            "ok": true,
            "status": 200,
            "has_price_payload": true,
            "symbol_probe": null,
            "removed_from_list": false,
            "remove_reason": "",
            "checked_at": "2026-07-28T00:06:07Z"
        }
    ]
}
[2026-07-27T20:06:07-04:00] php runner end

[2026-07-27T20:11:05-04:00] php runner start
{
    "ran_at": "2026-07-28T00:11:03Z",
    "target_count": 2,
    "target_batch_limit": 2,
    "target_batch_offset": 0,
    "target_batch_next_offset": 0,
    "target_total_available": 2,
    "results": [
        {
            "market_type": "crypto",
            "symbol": "BTC-USD",
            "requested_url": "http://localhost:8081/index.php?market_type=crypto&symbol=BTC-USD&buy_multiplier=0.50&sell_multiplier=0.40&trust_percent=95.00&break_buy=0.50&break_gain=0.50&break_loss=0.50&run_analysis=1&live=1",
            "ok": false,
            "status": 500,
            "has_price_payload": false,
            "symbol_probe": {
                "url": "https://query1.finance.yahoo.com/v8/finance/chart/BTC-USD?range=1d&interval=5m&includePrePost=false",
                "ok": false,
                "status": 0,
                "looks_real": false
            },
            "removed_from_list": true,
            "remove_reason": "Removed after missing usable price CSV/JSON and failing the direct crypto symbol probe while Google or Microsoft connectivity probe succeeded.",
            "checked_at": "2026-07-28T00:11:05Z"
        },
        {
            "market_type": "crypto",
            "symbol": "ETH-USD",
            "requested_url": "http://127.0.0.1:8081/index.php?market_type=crypto&symbol=ETH-USD&buy_multiplier=0.90&sell_multiplier=0.80&trust_percent=95.00&break_buy=0.50&break_gain=0.50&break_loss=0.50&run_analysis=1&live=1",
            "ok": false,
            "status": 500,
            "has_price_payload": false,
            "symbol_probe": {
                "url": "https://query1.finance.yahoo.com/v8/finance/chart/ETH-USD?range=1d&interval=5m&includePrePost=false",
                "ok": false,
                "status": 0,
                "looks_real": false
            },
            "removed_from_list": true,
            "remove_reason": "Removed after missing usable price CSV/JSON and failing the direct crypto symbol probe while Google or Microsoft connectivity probe succeeded.",
            "checked_at": "2026-07-28T00:11:05Z"
        }
    ]
}
[2026-07-27T20:11:05-04:00] php runner end

[2026-07-27T20:16:04-04:00] php runner start
{
    "ran_at": "2026-07-28T00:16:03Z",
    "target_count": 1,
    "target_batch_limit": 1,
    "target_batch_offset": 0,
    "target_batch_next_offset": 0,
    "target_total_available": 1,
    "results": [
        {
            "market_type": "crypto",
            "symbol": "BTC-USD",
            "requested_url": "http://127.0.0.1:8081/index.php?market_type=crypto&symbol=BTC-USD&buy_multiplier=0.50&sell_multiplier=0.40&trust_percent=95.00&break_buy=0.50&break_gain=0.50&break_loss=0.50&run_analysis=1&live=1",
            "ok": true,
            "status": 200,
            "has_price_payload": true,
            "symbol_probe": null,
            "removed_from_list": false,
            "remove_reason": "",
            "checked_at": "2026-07-28T00:16:04Z"
        }
    ]
}
[2026-07-27T20:16:04-04:00] php runner end

[2026-07-27T20:21:07-04:00] php runner start
{
    "ran_at": "2026-07-28T00:21:03Z",
    "target_count": 1,
    "target_batch_limit": 1,
    "target_batch_offset": 0,
    "target_batch_next_offset": 0,
    "target_total_available": 1,
    "results": [
        {
            "market_type": "crypto",
            "symbol": "BTC-USD",
            "requested_url": "http://127.0.0.1:8081/index.php?market_type=crypto&symbol=BTC-USD&buy_multiplier=0.50&sell_multiplier=0.40&trust_percent=95.00&break_buy=0.50&break_gain=0.50&break_loss=0.50&run_analysis=1&live=1",
            "ok": true,
            "status": 200,
            "has_price_payload": true,
            "symbol_probe": null,
            "removed_from_list": false,
            "remove_reason": "",
            "checked_at": "2026-07-28T00:21:07Z"
        }
    ]
}
[2026-07-27T20:21:07-04:00] php runner end

[2026-07-27T20:26:09-04:00] php runner start
{
    "ran_at": "2026-07-28T00:26:02Z",
    "target_count": 2,
    "target_batch_limit": 2,
    "target_batch_offset": 0,
    "target_batch_next_offset": 0,
    "target_total_available": 2,
    "results": [
        {
            "market_type": "crypto",
            "symbol": "BTC-USD",
            "requested_url": "http://localhost:8081/index.php?market_type=crypto&symbol=BTC-USD&buy_multiplier=0.50&sell_multiplier=0.40&trust_percent=95.00&break_buy=0.50&break_gain=0.50&break_loss=0.50&run_analysis=1&live=1",
            "ok": true,
            "status": 200,
            "has_price_payload": true,
            "symbol_probe": null,
            "removed_from_list": false,
            "remove_reason": "",
            "checked_at": "2026-07-28T00:26:08Z"
        },
        {
            "market_type": "crypto",
            "symbol": "ETH-USD",
            "requested_url": "http://127.0.0.1:8081/index.php?market_type=crypto&symbol=ETH-USD&buy_multiplier=0.50&sell_multiplier=0.40&trust_percent=95.00&break_buy=0.50&break_gain=0.50&break_loss=0.50&run_analysis=1&live=1",
            "ok": true,
            "status": 200,
            "has_price_payload": true,
            "symbol_probe": null,
            "removed_from_list": false,
            "remove_reason": "",
            "checked_at": "2026-07-28T00:26:09Z"
        }
    ]
}
[2026-07-27T20:26:09-04:00] php runner end

[2026-07-27T20:31:08-04:00] php runner start
{
    "ran_at": "2026-07-28T00:31:03Z",
    "target_count": 2,
    "target_batch_limit": 2,
    "target_batch_offset": 0,
    "target_batch_next_offset": 0,
    "target_total_available": 2,
    "results": [
        {
            "market_type": "crypto",
            "symbol": "BTC-USD",
            "requested_url": "http://localhost:8081/index.php?market_type=crypto&symbol=BTC-USD&buy_multiplier=0.50&sell_multiplier=0.40&trust_percent=95.00&break_buy=0.50&break_gain=0.50&break_loss=0.50&run_analysis=1&live=1",
            "ok": true,
            "status": 200,
            "has_price_payload": true,
            "symbol_probe": null,
            "removed_from_list": false,
            "remove_reason": "",
            "checked_at": "2026-07-28T00:31:06Z"
        },
        {
            "market_type": "crypto",
            "symbol": "ETH-USD",
            "requested_url": "http://127.0.0.1:8081/index.php?market_type=crypto&symbol=ETH-USD&buy_multiplier=0.50&sell_multiplier=0.40&trust_percent=95.00&break_buy=0.50&break_gain=0.50&break_loss=0.50&run_analysis=1&live=1",
            "ok": true,
            "status": 200,
            "has_price_payload": true,
            "symbol_probe": null,
            "removed_from_list": false,
            "remove_reason": "",
            "checked_at": "2026-07-28T00:31:08Z"
        }
    ]
}
[2026-07-27T20:31:08-04:00] php runner end

[2026-07-27T20:36:10-04:00] php runner start
{
    "ran_at": "2026-07-28T00:36:03Z",
    "target_count": 2,
    "target_batch_limit": 2,
    "target_batch_offset": 0,
    "target_batch_next_offset": 0,
    "target_total_available": 2,
    "results": [
        {
            "market_type": "crypto",
            "symbol": "BTC-USD",
            "requested_url": "http://localhost:8081/index.php?market_type=crypto&symbol=BTC-USD&buy_multiplier=0.50&sell_multiplier=0.40&trust_percent=95.00&break_buy=0.50&break_gain=0.50&break_loss=0.50&run_analysis=1&live=1",
            "ok": true,
            "status": 200,
            "has_price_payload": true,
            "symbol_probe": null,
            "removed_from_list": false,
            "remove_reason": "",
            "checked_at": "2026-07-28T00:36:08Z"
        },
        {
            "market_type": "crypto",
            "symbol": "ETH-USD",
            "requested_url": "http://127.0.0.1:8081/index.php?market_type=crypto&symbol=ETH-USD&buy_multiplier=0.50&sell_multiplier=0.40&trust_percent=95.00&break_buy=0.50&break_gain=0.50&break_loss=0.50&run_analysis=1&live=1",
            "ok": true,
            "status": 200,
            "has_price_payload": true,
            "symbol_probe": null,
            "removed_from_list": false,
            "remove_reason": "",
            "checked_at": "2026-07-28T00:36:10Z"
        }
    ]
}
[2026-07-27T20:36:10-04:00] php runner end

[2026-07-27T20:41:13-04:00] php runner start
{
    "ran_at": "2026-07-28T00:41:02Z",
    "target_count": 2,
    "target_batch_limit": 2,
    "target_batch_offset": 0,
    "target_batch_next_offset": 0,
    "target_total_available": 2,
    "results": [
        {
            "market_type": "crypto",
            "symbol": "BTC-USD",
            "requested_url": "http://127.0.0.1:8081/index.php?market_type=crypto&symbol=BTC-USD&buy_multiplier=0.50&sell_multiplier=0.40&trust_percent=95.00&break_buy=0.50&break_gain=0.50&break_loss=0.50&run_analysis=1&live=1",
            "ok": true,
            "status": 200,
            "has_price_payload": true,
            "symbol_probe": null,
            "removed_from_list": false,
            "remove_reason": "",
            "checked_at": "2026-07-28T00:41:06Z"
        },
        {
            "market_type": "crypto",
            "symbol": "ETH-USD",
            "requested_url": "http://127.0.0.1:8081/index.php?market_type=crypto&symbol=ETH-USD&buy_multiplier=0.50&sell_multiplier=0.40&trust_percent=50.00&break_buy=0.50&break_gain=0.50&break_loss=0.50&run_analysis=1&live=1",
            "ok": true,
            "status": 200,
            "has_price_payload": true,
            "symbol_probe": null,
            "removed_from_list": false,
            "remove_reason": "",
            "checked_at": "2026-07-28T00:41:13Z"
        }
    ]
}
[2026-07-27T20:41:13-04:00] php runner end

[2026-07-27T20:46:04-04:00] php runner start
{
    "ran_at": "2026-07-28T00:46:03Z",
    "target_count": 2,
    "target_batch_limit": 2,
    "target_batch_offset": 0,
    "target_batch_next_offset": 0,
    "target_total_available": 2,
    "results": [
        {
            "market_type": "crypto",
            "symbol": "BTC-USD",
            "requested_url": "http://127.0.0.1:8081/index.php?market_type=crypto&symbol=BTC-USD&buy_multiplier=0.50&sell_multiplier=0.40&trust_percent=95.00&break_buy=0.50&break_gain=0.50&break_loss=0.50&run_analysis=1&live=1",
            "ok": true,
            "status": 200,
            "has_price_payload": true,
            "symbol_probe": null,
            "removed_from_list": false,
            "remove_reason": "",
            "checked_at": "2026-07-28T00:46:03Z"
        },
        {
            "market_type": "crypto",
            "symbol": "ETH-USD",
            "requested_url": "http://127.0.0.1:8081/index.php?market_type=crypto&symbol=ETH-USD&buy_multiplier=0.50&sell_multiplier=0.40&trust_percent=50.00&break_buy=0.50&break_gain=0.50&break_loss=0.50&run_analysis=1&live=1",
            "ok": true,
            "status": 200,
            "has_price_payload": true,
            "symbol_probe": null,
            "removed_from_list": false,
            "remove_reason": "",
            "checked_at": "2026-07-28T00:46:04Z"
        }
    ]
}
[2026-07-27T20:46:04-04:00] php runner end

[2026-07-27T20:51:05-04:00] php runner start
{
    "ran_at": "2026-07-28T00:51:02Z",
    "target_count": 2,
    "target_batch_limit": 2,
    "target_batch_offset": 0,
    "target_batch_next_offset": 0,
    "target_total_available": 2,
    "results": [
        {
            "market_type": "crypto",
            "symbol": "BTC-USD",
            "requested_url": "http://127.0.0.1:8081/index.php?market_type=crypto&symbol=BTC-USD&buy_multiplier=0.50&sell_multiplier=0.40&trust_percent=95.00&break_buy=0.50&break_gain=0.50&break_loss=0.50&run_analysis=1&live=1",
            "ok": true,
            "status": 200,
            "has_price_payload": true,
            "symbol_probe": null,
            "removed_from_list": false,
            "remove_reason": "",
            "checked_at": "2026-07-28T00:51:03Z"
        },
        {
            "market_type": "crypto",
            "symbol": "ETH-USD",
            "requested_url": "http://127.0.0.1:8081/index.php?market_type=crypto&symbol=ETH-USD&buy_multiplier=0.50&sell_multiplier=0.40&trust_percent=50.00&break_buy=0.50&break_gain=0.50&break_loss=0.50&run_analysis=1&live=1",
            "ok": true,
            "status": 200,
            "has_price_payload": true,
            "symbol_probe": null,
            "removed_from_list": false,
            "remove_reason": "",
            "checked_at": "2026-07-28T00:51:05Z"
        }
    ]
}
[2026-07-27T20:51:05-04:00] php runner end

[2026-07-27T20:56:06-04:00] php runner start
{
    "ran_at": "2026-07-28T00:56:03Z",
    "target_count": 2,
    "target_batch_limit": 2,
    "target_batch_offset": 0,
    "target_batch_next_offset": 0,
    "target_total_available": 2,
    "results": [
        {
            "market_type": "crypto",
            "symbol": "BTC-USD",
            "requested_url": "http://127.0.0.1:8081/index.php?market_type=crypto&symbol=BTC-USD&buy_multiplier=0.50&sell_multiplier=0.40&trust_percent=50.00&break_buy=0.50&break_gain=0.50&break_loss=0.50&run_analysis=1&live=1",
            "ok": true,
            "status": 200,
            "has_price_payload": true,
            "symbol_probe": null,
            "removed_from_list": false,
            "remove_reason": "",
            "checked_at": "2026-07-28T00:56:04Z"
        },
        {
            "market_type": "crypto",
            "symbol": "ETH-USD",
            "requested_url": "http://127.0.0.1:8081/index.php?market_type=crypto&symbol=ETH-USD&buy_multiplier=0.50&sell_multiplier=0.40&trust_percent=50.00&break_buy=0.50&break_gain=0.50&break_loss=0.50&run_analysis=1&live=1",
            "ok": true,
            "status": 200,
            "has_price_payload": true,
            "symbol_probe": null,
            "removed_from_list": false,
            "remove_reason": "",
            "checked_at": "2026-07-28T00:56:06Z"
        }
    ]
}
[2026-07-27T20:56:06-04:00] php runner end

[2026-07-27T21:01:06-04:00] php runner start
{
    "ran_at": "2026-07-28T01:01:03Z",
    "target_count": 2,
    "target_batch_limit": 2,
    "target_batch_offset": 0,
    "target_batch_next_offset": 0,
    "target_total_available": 2,
    "results": [
        {
            "market_type": "crypto",
            "symbol": "BTC-USD",
            "requested_url": "http://127.0.0.1:8081/index.php?market_type=crypto&symbol=BTC-USD&buy_multiplier=0.50&sell_multiplier=0.40&trust_percent=50.00&break_buy=0.50&break_gain=0.50&break_loss=0.50&run_analysis=1&live=1",
            "ok": true,
            "status": 200,
            "has_price_payload": true,
            "symbol_probe": null,
            "removed_from_list": false,
            "remove_reason": "",
            "checked_at": "2026-07-28T01:01:04Z"
        },
        {
            "market_type": "crypto",
            "symbol": "ETH-USD",
            "requested_url": "http://127.0.0.1:8081/index.php?market_type=crypto&symbol=ETH-USD&buy_multiplier=0.50&sell_multiplier=0.40&trust_percent=50.00&break_buy=0.50&break_gain=0.50&break_loss=0.50&run_analysis=1&live=1",
            "ok": true,
            "status": 200,
            "has_price_payload": true,
            "symbol_probe": null,
            "removed_from_list": false,
            "remove_reason": "",
            "checked_at": "2026-07-28T01:01:05Z"
        }
    ]
}
[2026-07-27T21:01:06-04:00] php runner end

[2026-07-27T21:06:10-04:00] php runner start
{
    "ran_at": "2026-07-28T01:06:03Z",
    "target_count": 2,
    "target_batch_limit": 2,
    "target_batch_offset": 0,
    "target_batch_next_offset": 0,
    "target_total_available": 2,
    "results": [
        {
            "market_type": "crypto",
            "symbol": "BTC-USD",
            "requested_url": "http://127.0.0.1:8081/index.php?market_type=crypto&symbol=BTC-USD&buy_multiplier=0.50&sell_multiplier=0.40&trust_percent=50.00&break_buy=0.50&break_gain=0.50&break_loss=0.50&run_analysis=1&live=1",
            "ok": true,
            "status": 200,
            "has_price_payload": true,
            "symbol_probe": null,
            "removed_from_list": false,
            "remove_reason": "",
            "checked_at": "2026-07-28T01:06:07Z"
        },
        {
            "market_type": "crypto",
            "symbol": "ETH-USD",
            "requested_url": "http://127.0.0.1:8081/index.php?market_type=crypto&symbol=ETH-USD&buy_multiplier=0.50&sell_multiplier=0.40&trust_percent=50.00&break_buy=0.50&break_gain=0.50&break_loss=0.50&run_analysis=1&live=1",
            "ok": true,
            "status": 200,
            "has_price_payload": true,
            "symbol_probe": null,
            "removed_from_list": false,
            "remove_reason": "",
            "checked_at": "2026-07-28T01:06:10Z"
        }
    ]
}
[2026-07-27T21:06:10-04:00] php runner end

[2026-07-27T21:11:09-04:00] php runner start
{
    "ran_at": "2026-07-28T01:11:03Z",
    "target_count": 2,
    "target_batch_limit": 2,
    "target_batch_offset": 0,
    "target_batch_next_offset": 0,
    "target_total_available": 2,
    "results": [
        {
            "market_type": "crypto",
            "symbol": "BTC-USD",
            "requested_url": "http://localhost:8081/index.php?market_type=crypto&symbol=BTC-USD&buy_multiplier=0.50&sell_multiplier=0.40&trust_percent=95.00&break_buy=0.50&break_gain=0.50&break_loss=0.50&run_analysis=1&live=1",
            "ok": false,
            "status": 500,
            "has_price_payload": false,
            "symbol_probe": {
                "url": "https://query1.finance.yahoo.com/v8/finance/chart/BTC-USD?range=1d&interval=5m&includePrePost=false",
                "ok": false,
                "status": 0,
                "looks_real": false
            },
            "removed_from_list": true,
            "remove_reason": "Removed after missing usable price CSV/JSON and failing the direct crypto symbol probe while Google or Microsoft connectivity probe succeeded.",
            "checked_at": "2026-07-28T01:11:06Z"
        },
        {
            "market_type": "crypto",
            "symbol": "ETH-USD",
            "requested_url": "http://127.0.0.1:8081/index.php?market_type=crypto&symbol=ETH-USD&buy_multiplier=0.50&sell_multiplier=0.40&trust_percent=50.00&break_buy=0.50&break_gain=0.50&break_loss=0.50&run_analysis=1&live=1",
            "ok": false,
            "status": 500,
            "has_price_payload": false,
            "symbol_probe": {
                "url": "https://query1.finance.yahoo.com/v8/finance/chart/ETH-USD?range=1d&interval=5m&includePrePost=false",
                "ok": false,
                "status": 0,
                "looks_real": false
            },
            "removed_from_list": true,
            "remove_reason": "Removed after missing usable price CSV/JSON and failing the direct crypto symbol probe while Google or Microsoft connectivity probe succeeded.",
            "checked_at": "2026-07-28T01:11:09Z"
        }
    ]
}
[2026-07-27T21:11:09-04:00] php runner end

[2026-07-27T21:16:11-04:00] php runner start
{
    "ran_at": "2026-07-28T01:16:02Z",
    "target_count": 2,
    "target_batch_limit": 2,
    "target_batch_offset": 0,
    "target_batch_next_offset": 0,
    "target_total_available": 2,
    "results": [
        {
            "market_type": "crypto",
            "symbol": "BTC-USD",
            "requested_url": "http://localhost:8081/index.php?market_type=crypto&symbol=BTC-USD&buy_multiplier=0.50&sell_multiplier=0.40&trust_percent=95.00&break_buy=0.50&break_gain=0.50&break_loss=0.50&run_analysis=1&live=1",
            "ok": false,
            "status": 500,
            "has_price_payload": false,
            "symbol_probe": {
                "url": "https://query1.finance.yahoo.com/v8/finance/chart/BTC-USD?range=1d&interval=5m&includePrePost=false",
                "ok": false,
                "status": 0,
                "looks_real": false
            },
            "removed_from_list": true,
            "remove_reason": "Removed after missing usable price CSV/JSON and failing the direct crypto symbol probe while Google or Microsoft connectivity probe succeeded.",
            "checked_at": "2026-07-28T01:16:09Z"
        },
        {
            "market_type": "crypto",
            "symbol": "ETH-USD",
            "requested_url": "http://127.0.0.1:8081/index.php?market_type=crypto&symbol=ETH-USD&buy_multiplier=0.50&sell_multiplier=0.40&trust_percent=50.00&break_buy=0.50&break_gain=0.50&break_loss=0.50&run_analysis=1&live=1",
            "ok": true,
            "status": 200,
            "has_price_payload": true,
            "symbol_probe": null,
            "removed_from_list": false,
            "remove_reason": "",
            "checked_at": "2026-07-28T01:16:11Z"
        }
    ]
}
[2026-07-27T21:16:11-04:00] php runner end

[2026-07-27T21:21:10-04:00] php runner start
{
    "ran_at": "2026-07-28T01:21:02Z",
    "target_count": 2,
    "target_batch_limit": 2,
    "target_batch_offset": 0,
    "target_batch_next_offset": 0,
    "target_total_available": 2,
    "results": [
        {
            "market_type": "crypto",
            "symbol": "BTC-USD",
            "requested_url": "http://127.0.0.1:8081/index.php?market_type=crypto&symbol=BTC-USD&buy_multiplier=0.90&sell_multiplier=0.80&trust_percent=90.00&break_buy=0.50&break_gain=0.50&break_loss=0.50&run_analysis=1&live=1",
            "ok": true,
            "status": 200,
            "has_price_payload": true,
            "symbol_probe": null,
            "removed_from_list": false,
            "remove_reason": "",
            "checked_at": "2026-07-28T01:21:07Z"
        },
        {
            "market_type": "crypto",
            "symbol": "ETH-USD",
            "requested_url": "http://127.0.0.1:8081/index.php?market_type=crypto&symbol=ETH-USD&buy_multiplier=0.50&sell_multiplier=0.40&trust_percent=50.00&break_buy=0.50&break_gain=0.50&break_loss=0.50&run_analysis=1&live=1",
            "ok": true,
            "status": 200,
            "has_price_payload": true,
            "symbol_probe": null,
            "removed_from_list": false,
            "remove_reason": "",
            "checked_at": "2026-07-28T01:21:10Z"
        }
    ]
}
[2026-07-27T21:21:10-04:00] php runner end

[2026-07-27T21:26:13-04:00] php runner start
{
    "ran_at": "2026-07-28T01:26:02Z",
    "target_count": 2,
    "target_batch_limit": 2,
    "target_batch_offset": 0,
    "target_batch_next_offset": 0,
    "target_total_available": 2,
    "results": [
        {
            "market_type": "crypto",
            "symbol": "BTC-USD",
            "requested_url": "http://127.0.0.1:8081/index.php?market_type=crypto&symbol=BTC-USD&buy_multiplier=0.90&sell_multiplier=0.80&trust_percent=90.00&break_buy=0.50&break_gain=0.50&break_loss=0.50&run_analysis=1&live=1",
            "ok": true,
            "status": 200,
            "has_price_payload": true,
            "symbol_probe": null,
            "removed_from_list": false,
            "remove_reason": "",
            "checked_at": "2026-07-28T01:26:11Z"
        },
        {
            "market_type": "crypto",
            "symbol": "ETH-USD",
            "requested_url": "http://127.0.0.1:8081/index.php?market_type=crypto&symbol=ETH-USD&buy_multiplier=0.50&sell_multiplier=0.40&trust_percent=50.00&break_buy=0.50&break_gain=0.50&break_loss=0.50&run_analysis=1&live=1",
            "ok": true,
            "status": 200,
            "has_price_payload": true,
            "symbol_probe": null,
            "removed_from_list": false,
            "remove_reason": "",
            "checked_at": "2026-07-28T01:26:13Z"
        }
    ]
}
[2026-07-27T21:26:13-04:00] php runner end

[2026-07-27T21:31:20-04:00] php runner start
{
    "ran_at": "2026-07-28T01:31:02Z",
    "target_count": 2,
    "target_batch_limit": 2,
    "target_batch_offset": 0,
    "target_batch_next_offset": 0,
    "target_total_available": 2,
    "results": [
        {
            "market_type": "crypto",
            "symbol": "BTC-USD",
            "requested_url": "http://127.0.0.1:8081/index.php?market_type=crypto&symbol=BTC-USD&buy_multiplier=0.90&sell_multiplier=0.80&trust_percent=90.00&break_buy=0.50&break_gain=0.50&break_loss=0.50&run_analysis=1&live=1",
            "ok": false,
            "status": 0,
            "has_price_payload": false,
            "symbol_probe": {
                "url": "https://query1.finance.yahoo.com/v8/finance/chart/BTC-USD?range=1d&interval=5m&includePrePost=false",
                "ok": false,
                "status": 0,
                "looks_real": false
            },
            "removed_from_list": false,
            "remove_reason": "Kept symbol because the local market page did not respond, so this looked like an app availability issue rather than proof that the symbol was invalid.",
            "checked_at": "2026-07-28T01:31:14Z"
        },
        {
            "market_type": "crypto",
            "symbol": "ETH-USD",
            "requested_url": "http://127.0.0.1:8081/index.php?market_type=crypto&symbol=ETH-USD&buy_multiplier=0.50&sell_multiplier=0.40&trust_percent=50.00&break_buy=0.50&break_gain=0.50&break_loss=0.50&run_analysis=1&live=1",
            "ok": true,
            "status": 200,
            "has_price_payload": true,
            "symbol_probe": null,
            "removed_from_list": false,
            "remove_reason": "",
            "checked_at": "2026-07-28T01:31:20Z"
        }
    ]
}
[2026-07-27T21:31:20-04:00] php runner end

[2026-07-27T21:36:05-04:00] php runner start
{
    "ran_at": "2026-07-28T01:36:02Z",
    "target_count": 2,
    "target_batch_limit": 2,
    "target_batch_offset": 0,
    "target_batch_next_offset": 0,
    "target_total_available": 2,
    "results": [
        {
            "market_type": "crypto",
            "symbol": "BTC-USD",
            "requested_url": "http://127.0.0.1:8081/index.php?market_type=crypto&symbol=BTC-USD&buy_multiplier=0.90&sell_multiplier=0.80&trust_percent=90.00&break_buy=0.50&break_gain=0.50&break_loss=0.50&run_analysis=1&live=1",
            "ok": true,
            "status": 200,
            "has_price_payload": true,
            "symbol_probe": null,
            "removed_from_list": false,
            "remove_reason": "",
            "checked_at": "2026-07-28T01:36:03Z"
        },
        {
            "market_type": "crypto",
            "symbol": "ETH-USD",
            "requested_url": "http://127.0.0.1:8081/index.php?market_type=crypto&symbol=ETH-USD&buy_multiplier=0.50&sell_multiplier=0.40&trust_percent=50.00&break_buy=0.50&break_gain=0.50&break_loss=0.50&run_analysis=1&live=1",
            "ok": true,
            "status": 200,
            "has_price_payload": true,
            "symbol_probe": null,
            "removed_from_list": false,
            "remove_reason": "",
            "checked_at": "2026-07-28T01:36:05Z"
        }
    ]
}
[2026-07-27T21:36:05-04:00] php runner end

[2026-07-27T21:41:04-04:00] php runner start
{
    "ran_at": "2026-07-28T01:41:03Z",
    "target_count": 2,
    "target_batch_limit": 2,
    "target_batch_offset": 0,
    "target_batch_next_offset": 0,
    "target_total_available": 2,
    "results": [
        {
            "market_type": "crypto",
            "symbol": "BTC-USD",
            "requested_url": "http://127.0.0.1:8081/index.php?market_type=crypto&symbol=BTC-USD&buy_multiplier=0.90&sell_multiplier=0.80&trust_percent=90.00&break_buy=0.50&break_gain=0.50&break_loss=0.50&run_analysis=1&live=1",
            "ok": true,
            "status": 200,
            "has_price_payload": true,
            "symbol_probe": null,
            "removed_from_list": false,
            "remove_reason": "",
            "checked_at": "2026-07-28T01:41:04Z"
        },
        {
            "market_type": "crypto",
            "symbol": "ETH-USD",
            "requested_url": "http://127.0.0.1:8081/index.php?market_type=crypto&symbol=ETH-USD&buy_multiplier=0.50&sell_multiplier=0.40&trust_percent=50.00&break_buy=0.50&break_gain=0.50&break_loss=0.50&run_analysis=1&live=1",
            "ok": true,
            "status": 200,
            "has_price_payload": true,
            "symbol_probe": null,
            "removed_from_list": false,
            "remove_reason": "",
            "checked_at": "2026-07-28T01:41:04Z"
        }
    ]
}
[2026-07-27T21:41:04-04:00] php runner end

[2026-07-27T21:46:09-04:00] php runner start
{
    "ran_at": "2026-07-28T01:46:02Z",
    "target_count": 2,
    "target_batch_limit": 2,
    "target_batch_offset": 0,
    "target_batch_next_offset": 0,
    "target_total_available": 2,
    "results": [
        {
            "market_type": "crypto",
            "symbol": "BTC-USD",
            "requested_url": "http://127.0.0.1:8081/index.php?market_type=crypto&symbol=BTC-USD&buy_multiplier=0.90&sell_multiplier=0.80&trust_percent=90.00&break_buy=0.50&break_gain=0.50&break_loss=0.50&run_analysis=1&live=1",
            "ok": true,
            "status": 200,
            "has_price_payload": true,
            "symbol_probe": null,
            "removed_from_list": false,
            "remove_reason": "",
            "checked_at": "2026-07-28T01:46:06Z"
        },
        {
            "market_type": "crypto",
            "symbol": "ETH-USD",
            "requested_url": "http://127.0.0.1:8081/index.php?market_type=crypto&symbol=ETH-USD&buy_multiplier=0.50&sell_multiplier=0.40&trust_percent=50.00&break_buy=0.50&break_gain=0.50&break_loss=0.50&run_analysis=1&live=1",
            "ok": true,
            "status": 200,
            "has_price_payload": true,
            "symbol_probe": null,
            "removed_from_list": false,
            "remove_reason": "",
            "checked_at": "2026-07-28T01:46:09Z"
        }
    ]
}
[2026-07-27T21:46:09-04:00] php runner end

[2026-07-27T21:51:05-04:00] php runner start
{
    "ran_at": "2026-07-28T01:51:02Z",
    "target_count": 2,
    "target_batch_limit": 2,
    "target_batch_offset": 0,
    "target_batch_next_offset": 0,
    "target_total_available": 2,
    "results": [
        {
            "market_type": "crypto",
            "symbol": "BTC-USD",
            "requested_url": "http://127.0.0.1:8081/index.php?market_type=crypto&symbol=BTC-USD&buy_multiplier=0.90&sell_multiplier=0.80&trust_percent=90.00&break_buy=0.50&break_gain=0.50&break_loss=0.50&run_analysis=1&live=1",
            "ok": true,
            "status": 200,
            "has_price_payload": true,
            "symbol_probe": null,
            "removed_from_list": false,
            "remove_reason": "",
            "checked_at": "2026-07-28T01:51:04Z"
        },
        {
            "market_type": "crypto",
            "symbol": "ETH-USD",
            "requested_url": "http://127.0.0.1:8081/index.php?market_type=crypto&symbol=ETH-USD&buy_multiplier=0.50&sell_multiplier=0.40&trust_percent=50.00&break_buy=0.50&break_gain=0.50&break_loss=0.50&run_analysis=1&live=1",
            "ok": true,
            "status": 200,
            "has_price_payload": true,
            "symbol_probe": null,
            "removed_from_list": false,
            "remove_reason": "",
            "checked_at": "2026-07-28T01:51:05Z"
        }
    ]
}
[2026-07-27T21:51:05-04:00] php runner end

[2026-07-27T21:56:10-04:00] php runner start
{
    "ran_at": "2026-07-28T01:56:03Z",
    "target_count": 2,
    "target_batch_limit": 2,
    "target_batch_offset": 0,
    "target_batch_next_offset": 0,
    "target_total_available": 2,
    "results": [
        {
            "market_type": "crypto",
            "symbol": "BTC-USD",
            "requested_url": "http://127.0.0.1:8081/index.php?market_type=crypto&symbol=BTC-USD&buy_multiplier=0.90&sell_multiplier=0.80&trust_percent=90.00&break_buy=0.50&break_gain=0.50&break_loss=0.50&run_analysis=1&live=1",
            "ok": true,
            "status": 200,
            "has_price_payload": true,
            "symbol_probe": null,
            "removed_from_list": false,
            "remove_reason": "",
            "checked_at": "2026-07-28T01:56:07Z"
        },
        {
            "market_type": "crypto",
            "symbol": "ETH-USD",
            "requested_url": "http://127.0.0.1:8081/index.php?market_type=crypto&symbol=ETH-USD&buy_multiplier=0.50&sell_multiplier=0.40&trust_percent=50.00&break_buy=0.50&break_gain=0.50&break_loss=0.50&run_analysis=1&live=1",
            "ok": true,
            "status": 200,
            "has_price_payload": true,
            "symbol_probe": null,
            "removed_from_list": false,
            "remove_reason": "",
            "checked_at": "2026-07-28T01:56:10Z"
        }
    ]
}
[2026-07-27T21:56:10-04:00] php runner end

[2026-07-27T22:01:07-04:00] php runner start
{
    "ran_at": "2026-07-28T02:01:02Z",
    "target_count": 2,
    "target_batch_limit": 2,
    "target_batch_offset": 0,
    "target_batch_next_offset": 0,
    "target_total_available": 2,
    "results": [
        {
            "market_type": "crypto",
            "symbol": "BTC-USD",
            "requested_url": "http://127.0.0.1:8081/index.php?market_type=crypto&symbol=BTC-USD&buy_multiplier=0.90&sell_multiplier=0.80&trust_percent=90.00&break_buy=0.50&break_gain=0.50&break_loss=0.50&run_analysis=1&live=1",
            "ok": true,
            "status": 200,
            "has_price_payload": true,
            "symbol_probe": null,
            "removed_from_list": false,
            "remove_reason": "",
            "checked_at": "2026-07-28T02:01:06Z"
        },
        {
            "market_type": "crypto",
            "symbol": "ETH-USD",
            "requested_url": "http://127.0.0.1:8081/index.php?market_type=crypto&symbol=ETH-USD&buy_multiplier=0.50&sell_multiplier=0.40&trust_percent=50.00&break_buy=0.50&break_gain=0.50&break_loss=0.50&run_analysis=1&live=1",
            "ok": true,
            "status": 200,
            "has_price_payload": true,
            "symbol_probe": null,
            "removed_from_list": false,
            "remove_reason": "",
            "checked_at": "2026-07-28T02:01:07Z"
        }
    ]
}
[2026-07-27T22:01:07-04:00] php runner end

[2026-07-27T22:06:06-04:00] php runner start
{
    "ran_at": "2026-07-28T02:06:02Z",
    "target_count": 2,
    "target_batch_limit": 2,
    "target_batch_offset": 0,
    "target_batch_next_offset": 0,
    "target_total_available": 2,
    "results": [
        {
            "market_type": "crypto",
            "symbol": "BTC-USD",
            "requested_url": "http://127.0.0.1:8081/index.php?market_type=crypto&symbol=BTC-USD&buy_multiplier=0.90&sell_multiplier=0.80&trust_percent=90.00&break_buy=0.50&break_gain=0.50&break_loss=0.50&run_analysis=1&live=1",
            "ok": true,
            "status": 200,
            "has_price_payload": true,
            "symbol_probe": null,
            "removed_from_list": false,
            "remove_reason": "",
            "checked_at": "2026-07-28T02:06:04Z"
        },
        {
            "market_type": "crypto",
            "symbol": "ETH-USD",
            "requested_url": "http://127.0.0.1:8081/index.php?market_type=crypto&symbol=ETH-USD&buy_multiplier=0.50&sell_multiplier=0.40&trust_percent=50.00&break_buy=0.50&break_gain=0.50&break_loss=0.50&run_analysis=1&live=1",
            "ok": true,
            "status": 200,
            "has_price_payload": true,
            "symbol_probe": null,
            "removed_from_list": false,
            "remove_reason": "",
            "checked_at": "2026-07-28T02:06:06Z"
        }
    ]
}
[2026-07-27T22:06:06-04:00] php runner end

[2026-07-27T22:11:05-04:00] php runner start
{
    "ran_at": "2026-07-28T02:11:03Z",
    "target_count": 2,
    "target_batch_limit": 2,
    "target_batch_offset": 0,
    "target_batch_next_offset": 0,
    "target_total_available": 2,
    "results": [
        {
            "market_type": "crypto",
            "symbol": "BTC-USD",
            "requested_url": "http://127.0.0.1:8081/index.php?market_type=crypto&symbol=BTC-USD&buy_multiplier=0.90&sell_multiplier=0.80&trust_percent=90.00&break_buy=0.50&break_gain=0.50&break_loss=0.50&run_analysis=1&live=1",
            "ok": true,
            "status": 200,
            "has_price_payload": true,
            "symbol_probe": null,
            "removed_from_list": false,
            "remove_reason": "",
            "checked_at": "2026-07-28T02:11:04Z"
        },
        {
            "market_type": "crypto",
            "symbol": "ETH-USD",
            "requested_url": "http://127.0.0.1:8081/index.php?market_type=crypto&symbol=ETH-USD&buy_multiplier=0.50&sell_multiplier=0.40&trust_percent=50.00&break_buy=0.50&break_gain=0.50&break_loss=0.50&run_analysis=1&live=1",
            "ok": true,
            "status": 200,
            "has_price_payload": true,
            "symbol_probe": null,
            "removed_from_list": false,
            "remove_reason": "",
            "checked_at": "2026-07-28T02:11:04Z"
        }
    ]
}
[2026-07-27T22:11:05-04:00] php runner end

[2026-07-27T22:16:06-04:00] php runner start
{
    "ran_at": "2026-07-28T02:16:03Z",
    "target_count": 2,
    "target_batch_limit": 2,
    "target_batch_offset": 0,
    "target_batch_next_offset": 0,
    "target_total_available": 2,
    "results": [
        {
            "market_type": "crypto",
            "symbol": "BTC-USD",
            "requested_url": "http://127.0.0.1:8081/index.php?market_type=crypto&symbol=BTC-USD&buy_multiplier=0.90&sell_multiplier=0.80&trust_percent=90.00&break_buy=0.50&break_gain=0.50&break_loss=0.50&run_analysis=1&live=1",
            "ok": true,
            "status": 200,
            "has_price_payload": true,
            "symbol_probe": null,
            "removed_from_list": false,
            "remove_reason": "",
            "checked_at": "2026-07-28T02:16:04Z"
        },
        {
            "market_type": "crypto",
            "symbol": "ETH-USD",
            "requested_url": "http://127.0.0.1:8081/index.php?market_type=crypto&symbol=ETH-USD&buy_multiplier=0.50&sell_multiplier=0.40&trust_percent=50.00&break_buy=0.50&break_gain=0.50&break_loss=0.50&run_analysis=1&live=1",
            "ok": true,
            "status": 200,
            "has_price_payload": true,
            "symbol_probe": null,
            "removed_from_list": false,
            "remove_reason": "",
            "checked_at": "2026-07-28T02:16:05Z"
        }
    ]
}
[2026-07-27T22:16:06-04:00] php runner end

[2026-07-27T22:21:09-04:00] php runner start
{
    "ran_at": "2026-07-28T02:21:03Z",
    "target_count": 2,
    "target_batch_limit": 2,
    "target_batch_offset": 0,
    "target_batch_next_offset": 0,
    "target_total_available": 2,
    "results": [
        {
            "market_type": "crypto",
            "symbol": "BTC-USD",
            "requested_url": "http://127.0.0.1:8081/index.php?market_type=crypto&symbol=BTC-USD&buy_multiplier=0.90&sell_multiplier=0.80&trust_percent=90.00&break_buy=0.50&break_gain=0.50&break_loss=0.50&run_analysis=1&live=1",
            "ok": true,
            "status": 200,
            "has_price_payload": true,
            "symbol_probe": null,
            "removed_from_list": false,
            "remove_reason": "",
            "checked_at": "2026-07-28T02:21:07Z"
        },
        {
            "market_type": "crypto",
            "symbol": "ETH-USD",
            "requested_url": "http://127.0.0.1:8081/index.php?market_type=crypto&symbol=ETH-USD&buy_multiplier=0.50&sell_multiplier=0.40&trust_percent=50.00&break_buy=0.50&break_gain=0.50&break_loss=0.50&run_analysis=1&live=1",
            "ok": true,
            "status": 200,
            "has_price_payload": true,
            "symbol_probe": null,
            "removed_from_list": false,
            "remove_reason": "",
            "checked_at": "2026-07-28T02:21:09Z"
        }
    ]
}
[2026-07-27T22:21:09-04:00] php runner end

[2026-07-27T22:26:07-04:00] php runner start
{
    "ran_at": "2026-07-28T02:26:03Z",
    "target_count": 2,
    "target_batch_limit": 2,
    "target_batch_offset": 0,
    "target_batch_next_offset": 0,
    "target_total_available": 2,
    "results": [
        {
            "market_type": "crypto",
            "symbol": "BTC-USD",
            "requested_url": "http://127.0.0.1:8081/index.php?market_type=crypto&symbol=BTC-USD&buy_multiplier=0.90&sell_multiplier=0.80&trust_percent=90.00&break_buy=0.50&break_gain=0.50&break_loss=0.50&run_analysis=1&live=1",
            "ok": true,
            "status": 200,
            "has_price_payload": true,
            "symbol_probe": null,
            "removed_from_list": false,
            "remove_reason": "",
            "checked_at": "2026-07-28T02:26:06Z"
        },
        {
            "market_type": "crypto",
            "symbol": "ETH-USD",
            "requested_url": "http://127.0.0.1:8081/index.php?market_type=crypto&symbol=ETH-USD&buy_multiplier=0.50&sell_multiplier=0.40&trust_percent=50.00&break_buy=0.50&break_gain=0.50&break_loss=0.50&run_analysis=1&live=1",
            "ok": true,
            "status": 200,
            "has_price_payload": true,
            "symbol_probe": null,
            "removed_from_list": false,
            "remove_reason": "",
            "checked_at": "2026-07-28T02:26:07Z"
        }
    ]
}
[2026-07-27T22:26:07-04:00] php runner end

[2026-07-27T22:31:08-04:00] php runner start
{
    "ran_at": "2026-07-28T02:31:02Z",
    "target_count": 2,
    "target_batch_limit": 2,
    "target_batch_offset": 0,
    "target_batch_next_offset": 0,
    "target_total_available": 2,
    "results": [
        {
            "market_type": "crypto",
            "symbol": "BTC-USD",
            "requested_url": "http://127.0.0.1:8081/index.php?market_type=crypto&symbol=BTC-USD&buy_multiplier=0.90&sell_multiplier=0.80&trust_percent=90.00&break_buy=0.50&break_gain=0.50&break_loss=0.50&run_analysis=1&live=1",
            "ok": true,
            "status": 200,
            "has_price_payload": true,
            "symbol_probe": null,
            "removed_from_list": false,
            "remove_reason": "",
            "checked_at": "2026-07-28T02:31:05Z"
        },
        {
            "market_type": "crypto",
            "symbol": "ETH-USD",
            "requested_url": "http://127.0.0.1:8081/index.php?market_type=crypto&symbol=ETH-USD&buy_multiplier=0.50&sell_multiplier=0.40&trust_percent=50.00&break_buy=0.50&break_gain=0.50&break_loss=0.50&run_analysis=1&live=1",
            "ok": true,
            "status": 200,
            "has_price_payload": true,
            "symbol_probe": null,
            "removed_from_list": false,
            "remove_reason": "",
            "checked_at": "2026-07-28T02:31:07Z"
        }
    ]
}
[2026-07-27T22:31:08-04:00] php runner end

[2026-07-27T22:36:09-04:00] php runner start
{
    "ran_at": "2026-07-28T02:36:03Z",
    "target_count": 2,
    "target_batch_limit": 2,
    "target_batch_offset": 0,
    "target_batch_next_offset": 0,
    "target_total_available": 2,
    "results": [
        {
            "market_type": "crypto",
            "symbol": "BTC-USD",
            "requested_url": "http://127.0.0.1:8081/index.php?market_type=crypto&symbol=BTC-USD&buy_multiplier=0.90&sell_multiplier=0.80&trust_percent=90.00&break_buy=0.50&break_gain=0.50&break_loss=0.50&run_analysis=1&live=1",
            "ok": true,
            "status": 200,
            "has_price_payload": true,
            "symbol_probe": null,
            "removed_from_list": false,
            "remove_reason": "",
            "checked_at": "2026-07-28T02:36:07Z"
        },
        {
            "market_type": "crypto",
            "symbol": "ETH-USD",
            "requested_url": "http://127.0.0.1:8081/index.php?market_type=crypto&symbol=ETH-USD&buy_multiplier=0.50&sell_multiplier=0.40&trust_percent=50.00&break_buy=0.50&break_gain=0.50&break_loss=0.50&run_analysis=1&live=1",
            "ok": true,
            "status": 200,
            "has_price_payload": true,
            "symbol_probe": null,
            "removed_from_list": false,
            "remove_reason": "",
            "checked_at": "2026-07-28T02:36:09Z"
        }
    ]
}
[2026-07-27T22:36:09-04:00] php runner end

[2026-07-27T22:41:05-04:00] php runner start
{
    "ran_at": "2026-07-28T02:41:03Z",
    "target_count": 2,
    "target_batch_limit": 2,
    "target_batch_offset": 0,
    "target_batch_next_offset": 0,
    "target_total_available": 2,
    "results": [
        {
            "market_type": "crypto",
            "symbol": "BTC-USD",
            "requested_url": "http://127.0.0.1:8081/index.php?market_type=crypto&symbol=BTC-USD&buy_multiplier=0.90&sell_multiplier=0.80&trust_percent=90.00&break_buy=0.50&break_gain=0.50&break_loss=0.50&run_analysis=1&live=1",
            "ok": true,
            "status": 200,
            "has_price_payload": true,
            "symbol_probe": null,
            "removed_from_list": false,
            "remove_reason": "",
            "checked_at": "2026-07-28T02:41:04Z"
        },
        {
            "market_type": "crypto",
            "symbol": "ETH-USD",
            "requested_url": "http://127.0.0.1:8081/index.php?market_type=crypto&symbol=ETH-USD&buy_multiplier=0.50&sell_multiplier=0.40&trust_percent=50.00&break_buy=0.50&break_gain=0.50&break_loss=0.50&run_analysis=1&live=1",
            "ok": true,
            "status": 200,
            "has_price_payload": true,
            "symbol_probe": null,
            "removed_from_list": false,
            "remove_reason": "",
            "checked_at": "2026-07-28T02:41:05Z"
        }
    ]
}
[2026-07-27T22:41:05-04:00] php runner end

[2026-07-27T22:46:17-04:00] php runner start
{
    "ran_at": "2026-07-28T02:46:03Z",
    "target_count": 2,
    "target_batch_limit": 2,
    "target_batch_offset": 0,
    "target_batch_next_offset": 0,
    "target_total_available": 2,
    "results": [
        {
            "market_type": "crypto",
            "symbol": "BTC-USD",
            "requested_url": "http://127.0.0.1:8081/index.php?market_type=crypto&symbol=BTC-USD&buy_multiplier=0.90&sell_multiplier=0.80&trust_percent=90.00&break_buy=0.50&break_gain=0.50&break_loss=0.50&run_analysis=1&live=1",
            "ok": true,
            "status": 200,
            "has_price_payload": true,
            "symbol_probe": null,
            "removed_from_list": false,
            "remove_reason": "",
            "checked_at": "2026-07-28T02:46:09Z"
        },
        {
            "market_type": "crypto",
            "symbol": "ETH-USD",
            "requested_url": "http://127.0.0.1:8081/index.php?market_type=crypto&symbol=ETH-USD&buy_multiplier=0.50&sell_multiplier=0.40&trust_percent=50.00&break_buy=0.50&break_gain=0.50&break_loss=0.50&run_analysis=1&live=1",
            "ok": true,
            "status": 200,
            "has_price_payload": true,
            "symbol_probe": null,
            "removed_from_list": false,
            "remove_reason": "",
            "checked_at": "2026-07-28T02:46:17Z"
        }
    ]
}
[2026-07-27T22:46:17-04:00] php runner end

[2026-07-27T22:51:18-04:00] php runner start
{
    "ran_at": "2026-07-28T02:51:03Z",
    "target_count": 2,
    "target_batch_limit": 2,
    "target_batch_offset": 0,
    "target_batch_next_offset": 0,
    "target_total_available": 2,
    "results": [
        {
            "market_type": "crypto",
            "symbol": "BTC-USD",
            "requested_url": "http://127.0.0.1:8081/index.php?market_type=crypto&symbol=BTC-USD&buy_multiplier=0.90&sell_multiplier=0.80&trust_percent=90.00&break_buy=0.50&break_gain=0.50&break_loss=0.50&run_analysis=1&live=1",
            "ok": true,
            "status": 200,
            "has_price_payload": true,
            "symbol_probe": null,
            "removed_from_list": false,
            "remove_reason": "",
            "checked_at": "2026-07-28T02:51:07Z"
        },
        {
            "market_type": "crypto",
            "symbol": "ETH-USD",
            "requested_url": "http://127.0.0.1:8081/index.php?market_type=crypto&symbol=ETH-USD&buy_multiplier=0.50&sell_multiplier=0.40&trust_percent=50.00&break_buy=0.50&break_gain=0.50&break_loss=0.50&run_analysis=1&live=1",
            "ok": true,
            "status": 200,
            "has_price_payload": true,
            "symbol_probe": null,
            "removed_from_list": false,
            "remove_reason": "",
            "checked_at": "2026-07-28T02:51:18Z"
        }
    ]
}
[2026-07-27T22:51:18-04:00] php runner end

[2026-07-27T22:56:21-04:00] php runner start
{
    "ran_at": "2026-07-28T02:56:03Z",
    "target_count": 2,
    "target_batch_limit": 2,
    "target_batch_offset": 0,
    "target_batch_next_offset": 0,
    "target_total_available": 2,
    "results": [
        {
            "market_type": "crypto",
            "symbol": "BTC-USD",
            "requested_url": "http://127.0.0.1:8081/index.php?market_type=crypto&symbol=BTC-USD&buy_multiplier=0.90&sell_multiplier=0.80&trust_percent=90.00&break_buy=0.50&break_gain=0.50&break_loss=0.50&run_analysis=1&live=1",
            "ok": true,
            "status": 200,
            "has_price_payload": true,
            "symbol_probe": null,
            "removed_from_list": false,
            "remove_reason": "",
            "checked_at": "2026-07-28T02:56:10Z"
        },
        {
            "market_type": "crypto",
            "symbol": "ETH-USD",
            "requested_url": "http://127.0.0.1:8081/index.php?market_type=crypto&symbol=ETH-USD&buy_multiplier=0.50&sell_multiplier=0.40&trust_percent=50.00&break_buy=0.50&break_gain=0.50&break_loss=0.50&run_analysis=1&live=1",
            "ok": true,
            "status": 200,
            "has_price_payload": true,
            "symbol_probe": null,
            "removed_from_list": false,
            "remove_reason": "",
            "checked_at": "2026-07-28T02:56:21Z"
        }
    ]
}
[2026-07-27T22:56:21-04:00] php runner end

[2026-07-27T23:01:18-04:00] php runner start
{
    "ran_at": "2026-07-28T03:01:02Z",
    "target_count": 2,
    "target_batch_limit": 2,
    "target_batch_offset": 0,
    "target_batch_next_offset": 0,
    "target_total_available": 2,
    "results": [
        {
            "market_type": "crypto",
            "symbol": "BTC-USD",
            "requested_url": "http://127.0.0.1:8081/index.php?market_type=crypto&symbol=BTC-USD&buy_multiplier=0.90&sell_multiplier=0.80&trust_percent=90.00&break_buy=0.50&break_gain=0.50&break_loss=0.50&run_analysis=1&live=1",
            "ok": false,
            "status": 0,
            "has_price_payload": false,
            "symbol_probe": {
                "url": "https://query1.finance.yahoo.com/v8/finance/chart/BTC-USD?range=1d&interval=5m&includePrePost=false",
                "ok": false,
                "status": 0,
                "looks_real": false
            },
            "removed_from_list": false,
            "remove_reason": "Kept symbol because the local market page did not respond, so this looked like an app availability issue rather than proof that the symbol was invalid.",
            "checked_at": "2026-07-28T03:01:15Z"
        },
        {
            "market_type": "crypto",
            "symbol": "ETH-USD",
            "requested_url": "http://127.0.0.1:8081/index.php?market_type=crypto&symbol=ETH-USD&buy_multiplier=0.50&sell_multiplier=0.40&trust_percent=50.00&break_buy=0.50&break_gain=0.50&break_loss=0.50&run_analysis=1&live=1",
            "ok": true,
            "status": 200,
            "has_price_payload": true,
            "symbol_probe": null,
            "removed_from_list": false,
            "remove_reason": "",
            "checked_at": "2026-07-28T03:01:18Z"
        }
    ]
}
[2026-07-27T23:01:18-04:00] php runner end

[2026-07-27T23:06:09-04:00] php runner start
{
    "ran_at": "2026-07-28T03:06:03Z",
    "target_count": 2,
    "target_batch_limit": 2,
    "target_batch_offset": 0,
    "target_batch_next_offset": 0,
    "target_total_available": 2,
    "results": [
        {
            "market_type": "crypto",
            "symbol": "BTC-USD",
            "requested_url": "http://127.0.0.1:8081/index.php?market_type=crypto&symbol=BTC-USD&buy_multiplier=0.90&sell_multiplier=0.80&trust_percent=90.00&break_buy=0.50&break_gain=0.50&break_loss=0.50&run_analysis=1&live=1",
            "ok": true,
            "status": 200,
            "has_price_payload": true,
            "symbol_probe": null,
            "removed_from_list": false,
            "remove_reason": "",
            "checked_at": "2026-07-28T03:06:05Z"
        },
        {
            "market_type": "crypto",
            "symbol": "ETH-USD",
            "requested_url": "http://127.0.0.1:8081/index.php?market_type=crypto&symbol=ETH-USD&buy_multiplier=0.50&sell_multiplier=0.40&trust_percent=50.00&break_buy=0.50&break_gain=0.50&break_loss=0.50&run_analysis=1&live=1",
            "ok": true,
            "status": 200,
            "has_price_payload": true,
            "symbol_probe": null,
            "removed_from_list": false,
            "remove_reason": "",
            "checked_at": "2026-07-28T03:06:08Z"
        }
    ]
}
[2026-07-27T23:06:09-04:00] php runner end

[2026-07-27T23:11:05-04:00] php runner start
{
    "ran_at": "2026-07-28T03:11:03Z",
    "target_count": 2,
    "target_batch_limit": 2,
    "target_batch_offset": 0,
    "target_batch_next_offset": 0,
    "target_total_available": 2,
    "results": [
        {
            "market_type": "crypto",
            "symbol": "BTC-USD",
            "requested_url": "http://127.0.0.1:8081/index.php?market_type=crypto&symbol=BTC-USD&buy_multiplier=0.90&sell_multiplier=0.80&trust_percent=90.00&break_buy=0.50&break_gain=0.50&break_loss=0.50&run_analysis=1&live=1",
            "ok": true,
            "status": 200,
            "has_price_payload": true,
            "symbol_probe": null,
            "removed_from_list": false,
            "remove_reason": "",
            "checked_at": "2026-07-28T03:11:04Z"
        },
        {
            "market_type": "crypto",
            "symbol": "ETH-USD",
            "requested_url": "http://127.0.0.1:8081/index.php?market_type=crypto&symbol=ETH-USD&buy_multiplier=0.50&sell_multiplier=0.40&trust_percent=50.00&break_buy=0.50&break_gain=0.50&break_loss=0.50&run_analysis=1&live=1",
            "ok": true,
            "status": 200,
            "has_price_payload": true,
            "symbol_probe": null,
            "removed_from_list": false,
            "remove_reason": "",
            "checked_at": "2026-07-28T03:11:05Z"
        }
    ]
}
[2026-07-27T23:11:05-04:00] php runner end

[2026-07-27T23:16:04-04:00] php runner start
{
    "ran_at": "2026-07-28T03:16:03Z",
    "target_count": 2,
    "target_batch_limit": 2,
    "target_batch_offset": 0,
    "target_batch_next_offset": 0,
    "target_total_available": 2,
    "results": [
        {
            "market_type": "crypto",
            "symbol": "BTC-USD",
            "requested_url": "http://127.0.0.1:8081/index.php?market_type=crypto&symbol=BTC-USD&buy_multiplier=0.90&sell_multiplier=0.80&trust_percent=90.00&break_buy=0.50&break_gain=0.50&break_loss=0.50&run_analysis=1&live=1",
            "ok": true,
            "status": 200,
            "has_price_payload": true,
            "symbol_probe": null,
            "removed_from_list": false,
            "remove_reason": "",
            "checked_at": "2026-07-28T03:16:04Z"
        },
        {
            "market_type": "crypto",
            "symbol": "ETH-USD",
            "requested_url": "http://127.0.0.1:8081/index.php?market_type=crypto&symbol=ETH-USD&buy_multiplier=0.50&sell_multiplier=0.40&trust_percent=50.00&break_buy=0.50&break_gain=0.50&break_loss=0.50&run_analysis=1&live=1",
            "ok": true,
            "status": 200,
            "has_price_payload": true,
            "symbol_probe": null,
            "removed_from_list": false,
            "remove_reason": "",
            "checked_at": "2026-07-28T03:16:04Z"
        }
    ]
}
[2026-07-27T23:16:04-04:00] php runner end

[2026-07-27T23:21:06-04:00] php runner start
{
    "ran_at": "2026-07-28T03:21:03Z",
    "target_count": 2,
    "target_batch_limit": 2,
    "target_batch_offset": 0,
    "target_batch_next_offset": 0,
    "target_total_available": 2,
    "results": [
        {
            "market_type": "crypto",
            "symbol": "BTC-USD",
            "requested_url": "http://127.0.0.1:8081/index.php?market_type=crypto&symbol=BTC-USD&buy_multiplier=0.90&sell_multiplier=0.80&trust_percent=90.00&break_buy=0.50&break_gain=0.50&break_loss=0.50&run_analysis=1&live=1",
            "ok": true,
            "status": 200,
            "has_price_payload": true,
            "symbol_probe": null,
            "removed_from_list": false,
            "remove_reason": "",
            "checked_at": "2026-07-28T03:21:05Z"
        },
        {
            "market_type": "crypto",
            "symbol": "ETH-USD",
            "requested_url": "http://127.0.0.1:8081/index.php?market_type=crypto&symbol=ETH-USD&buy_multiplier=0.50&sell_multiplier=0.40&trust_percent=50.00&break_buy=0.50&break_gain=0.50&break_loss=0.50&run_analysis=1&live=1",
            "ok": true,
            "status": 200,
            "has_price_payload": true,
            "symbol_probe": null,
            "removed_from_list": false,
            "remove_reason": "",
            "checked_at": "2026-07-28T03:21:06Z"
        }
    ]
}
[2026-07-27T23:21:06-04:00] php runner end

[2026-07-27T23:26:09-04:00] php runner start
{
    "ran_at": "2026-07-28T03:26:03Z",
    "target_count": 2,
    "target_batch_limit": 2,
    "target_batch_offset": 0,
    "target_batch_next_offset": 0,
    "target_total_available": 2,
    "results": [
        {
            "market_type": "crypto",
            "symbol": "BTC-USD",
            "requested_url": "http://127.0.0.1:8081/index.php?market_type=crypto&symbol=BTC-USD&buy_multiplier=0.90&sell_multiplier=0.80&trust_percent=90.00&break_buy=0.50&break_gain=0.50&break_loss=0.50&run_analysis=1&live=1",
            "ok": true,
            "status": 200,
            "has_price_payload": true,
            "symbol_probe": null,
            "removed_from_list": false,
            "remove_reason": "",
            "checked_at": "2026-07-28T03:26:05Z"
        },
        {
            "market_type": "crypto",
            "symbol": "ETH-USD",
            "requested_url": "http://127.0.0.1:8081/index.php?market_type=crypto&symbol=ETH-USD&buy_multiplier=0.50&sell_multiplier=0.40&trust_percent=50.00&break_buy=0.50&break_gain=0.50&break_loss=0.50&run_analysis=1&live=1",
            "ok": true,
            "status": 200,
            "has_price_payload": true,
            "symbol_probe": null,
            "removed_from_list": false,
            "remove_reason": "",
            "checked_at": "2026-07-28T03:26:09Z"
        }
    ]
}
[2026-07-27T23:26:09-04:00] php runner end

[2026-07-27T23:31:07-04:00] php runner start
{
    "ran_at": "2026-07-28T03:31:03Z",
    "target_count": 2,
    "target_batch_limit": 2,
    "target_batch_offset": 0,
    "target_batch_next_offset": 0,
    "target_total_available": 2,
    "results": [
        {
            "market_type": "crypto",
            "symbol": "BTC-USD",
            "requested_url": "http://127.0.0.1:8081/index.php?market_type=crypto&symbol=BTC-USD&buy_multiplier=0.90&sell_multiplier=0.80&trust_percent=90.00&break_buy=0.50&break_gain=0.50&break_loss=0.50&run_analysis=1&live=1",
            "ok": true,
            "status": 200,
            "has_price_payload": true,
            "symbol_probe": null,
            "removed_from_list": false,
            "remove_reason": "",
            "checked_at": "2026-07-28T03:31:05Z"
        },
        {
            "market_type": "crypto",
            "symbol": "ETH-USD",
            "requested_url": "http://127.0.0.1:8081/index.php?market_type=crypto&symbol=ETH-USD&buy_multiplier=0.50&sell_multiplier=0.40&trust_percent=50.00&break_buy=0.50&break_gain=0.50&break_loss=0.50&run_analysis=1&live=1",
            "ok": true,
            "status": 200,
            "has_price_payload": true,
            "symbol_probe": null,
            "removed_from_list": false,
            "remove_reason": "",
            "checked_at": "2026-07-28T03:31:06Z"
        }
    ]
}
[2026-07-27T23:31:07-04:00] php runner end

[2026-07-27T23:36:09-04:00] php runner start
{
    "ran_at": "2026-07-28T03:36:03Z",
    "target_count": 2,
    "target_batch_limit": 2,
    "target_batch_offset": 0,
    "target_batch_next_offset": 0,
    "target_total_available": 2,
    "results": [
        {
            "market_type": "crypto",
            "symbol": "BTC-USD",
            "requested_url": "http://127.0.0.1:8081/index.php?market_type=crypto&symbol=BTC-USD&buy_multiplier=0.90&sell_multiplier=0.80&trust_percent=90.00&break_buy=0.50&break_gain=0.50&break_loss=0.50&run_analysis=1&live=1",
            "ok": true,
            "status": 200,
            "has_price_payload": true,
            "symbol_probe": null,
            "removed_from_list": false,
            "remove_reason": "",
            "checked_at": "2026-07-28T03:36:06Z"
        },
        {
            "market_type": "crypto",
            "symbol": "ETH-USD",
            "requested_url": "http://127.0.0.1:8081/index.php?market_type=crypto&symbol=ETH-USD&buy_multiplier=0.50&sell_multiplier=0.40&trust_percent=50.00&break_buy=0.50&break_gain=0.50&break_loss=0.50&run_analysis=1&live=1",
            "ok": true,
            "status": 200,
            "has_price_payload": true,
            "symbol_probe": null,
            "removed_from_list": false,
            "remove_reason": "",
            "checked_at": "2026-07-28T03:36:09Z"
        }
    ]
}
[2026-07-27T23:36:09-04:00] php runner end

[2026-07-27T23:41:09-04:00] php runner start
{
    "ran_at": "2026-07-28T03:41:03Z",
    "target_count": 2,
    "target_batch_limit": 2,
    "target_batch_offset": 0,
    "target_batch_next_offset": 0,
    "target_total_available": 2,
    "results": [
        {
            "market_type": "crypto",
            "symbol": "BTC-USD",
            "requested_url": "http://127.0.0.1:8081/index.php?market_type=crypto&symbol=BTC-USD&buy_multiplier=0.90&sell_multiplier=0.80&trust_percent=90.00&break_buy=0.50&break_gain=0.50&break_loss=0.50&run_analysis=1&live=1",
            "ok": true,
            "status": 200,
            "has_price_payload": true,
            "symbol_probe": null,
            "removed_from_list": false,
            "remove_reason": "",
            "checked_at": "2026-07-28T03:41:05Z"
        },
        {
            "market_type": "crypto",
            "symbol": "ETH-USD",
            "requested_url": "http://127.0.0.1:8081/index.php?market_type=crypto&symbol=ETH-USD&buy_multiplier=0.50&sell_multiplier=0.40&trust_percent=50.00&break_buy=0.50&break_gain=0.50&break_loss=0.50&run_analysis=1&live=1",
            "ok": true,
            "status": 200,
            "has_price_payload": true,
            "symbol_probe": null,
            "removed_from_list": false,
            "remove_reason": "",
            "checked_at": "2026-07-28T03:41:09Z"
        }
    ]
}
[2026-07-27T23:41:09-04:00] php runner end

[2026-07-27T23:46:07-04:00] php runner start
{
    "ran_at": "2026-07-28T03:46:03Z",
    "target_count": 2,
    "target_batch_limit": 2,
    "target_batch_offset": 0,
    "target_batch_next_offset": 0,
    "target_total_available": 2,
    "results": [
        {
            "market_type": "crypto",
            "symbol": "BTC-USD",
            "requested_url": "http://127.0.0.1:8081/index.php?market_type=crypto&symbol=BTC-USD&buy_multiplier=0.90&sell_multiplier=0.80&trust_percent=90.00&break_buy=0.50&break_gain=0.50&break_loss=0.50&run_analysis=1&live=1",
            "ok": true,
            "status": 200,
            "has_price_payload": true,
            "symbol_probe": null,
            "removed_from_list": false,
            "remove_reason": "",
            "checked_at": "2026-07-28T03:46:05Z"
        },
        {
            "market_type": "crypto",
            "symbol": "ETH-USD",
            "requested_url": "http://127.0.0.1:8081/index.php?market_type=crypto&symbol=ETH-USD&buy_multiplier=0.50&sell_multiplier=0.40&trust_percent=50.00&break_buy=0.50&break_gain=0.50&break_loss=0.50&run_analysis=1&live=1",
            "ok": true,
            "status": 200,
            "has_price_payload": true,
            "symbol_probe": null,
            "removed_from_list": false,
            "remove_reason": "",
            "checked_at": "2026-07-28T03:46:07Z"
        }
    ]
}
[2026-07-27T23:46:07-04:00] php runner end

[2026-07-27T23:51:07-04:00] php runner start
{
    "ran_at": "2026-07-28T03:51:03Z",
    "target_count": 2,
    "target_batch_limit": 2,
    "target_batch_offset": 0,
    "target_batch_next_offset": 0,
    "target_total_available": 2,
    "results": [
        {
            "market_type": "crypto",
            "symbol": "BTC-USD",
            "requested_url": "http://127.0.0.1:8081/index.php?market_type=crypto&symbol=BTC-USD&buy_multiplier=0.90&sell_multiplier=0.80&trust_percent=90.00&break_buy=0.50&break_gain=0.50&break_loss=0.50&run_analysis=1&live=1",
            "ok": true,
            "status": 200,
            "has_price_payload": true,
            "symbol_probe": null,
            "removed_from_list": false,
            "remove_reason": "",
            "checked_at": "2026-07-28T03:51:05Z"
        },
        {
            "market_type": "crypto",
            "symbol": "ETH-USD",
            "requested_url": "http://127.0.0.1:8081/index.php?market_type=crypto&symbol=ETH-USD&buy_multiplier=0.50&sell_multiplier=0.40&trust_percent=50.00&break_buy=0.50&break_gain=0.50&break_loss=0.50&run_analysis=1&live=1",
            "ok": true,
            "status": 200,
            "has_price_payload": true,
            "symbol_probe": null,
            "removed_from_list": false,
            "remove_reason": "",
            "checked_at": "2026-07-28T03:51:06Z"
        }
    ]
}
[2026-07-27T23:51:07-04:00] php runner end

[2026-07-27T23:56:08-04:00] php runner start
{
    "ran_at": "2026-07-28T03:56:03Z",
    "target_count": 2,
    "target_batch_limit": 2,
    "target_batch_offset": 0,
    "target_batch_next_offset": 0,
    "target_total_available": 2,
    "results": [
        {
            "market_type": "crypto",
            "symbol": "BTC-USD",
            "requested_url": "http://127.0.0.1:8081/index.php?market_type=crypto&symbol=BTC-USD&buy_multiplier=0.90&sell_multiplier=0.80&trust_percent=90.00&break_buy=0.50&break_gain=0.50&break_loss=0.50&run_analysis=1&live=1",
            "ok": true,
            "status": 200,
            "has_price_payload": true,
            "symbol_probe": null,
            "removed_from_list": false,
            "remove_reason": "",
            "checked_at": "2026-07-28T03:56:05Z"
        },
        {
            "market_type": "crypto",
            "symbol": "ETH-USD",
            "requested_url": "http://127.0.0.1:8081/index.php?market_type=crypto&symbol=ETH-USD&buy_multiplier=0.50&sell_multiplier=0.40&trust_percent=50.00&break_buy=0.50&break_gain=0.50&break_loss=0.50&run_analysis=1&live=1",
            "ok": true,
            "status": 200,
            "has_price_payload": true,
            "symbol_probe": null,
            "removed_from_list": false,
            "remove_reason": "",
            "checked_at": "2026-07-28T03:56:08Z"
        }
    ]
}
[2026-07-27T23:56:08-04:00] php runner end

[2026-07-28T00:01:05-04:00] php runner start
{
    "ran_at": "2026-07-28T04:01:03Z",
    "target_count": 2,
    "target_batch_limit": 2,
    "target_batch_offset": 0,
    "target_batch_next_offset": 0,
    "target_total_available": 2,
    "results": [
        {
            "market_type": "crypto",
            "symbol": "BTC-USD",
            "requested_url": "http://127.0.0.1:8081/index.php?market_type=crypto&symbol=BTC-USD&buy_multiplier=0.90&sell_multiplier=0.80&trust_percent=90.00&break_buy=0.50&break_gain=0.50&break_loss=0.50&run_analysis=1&live=1",
            "ok": true,
            "status": 200,
            "has_price_payload": true,
            "symbol_probe": null,
            "removed_from_list": false,
            "remove_reason": "",
            "checked_at": "2026-07-28T04:01:04Z"
        },
        {
            "market_type": "crypto",
            "symbol": "ETH-USD",
            "requested_url": "http://127.0.0.1:8081/index.php?market_type=crypto&symbol=ETH-USD&buy_multiplier=0.50&sell_multiplier=0.40&trust_percent=50.00&break_buy=0.50&break_gain=0.50&break_loss=0.50&run_analysis=1&live=1",
            "ok": true,
            "status": 200,
            "has_price_payload": true,
            "symbol_probe": null,
            "removed_from_list": false,
            "remove_reason": "",
            "checked_at": "2026-07-28T04:01:05Z"
        }
    ]
}
[2026-07-28T00:01:05-04:00] php runner end

[2026-07-28T00:06:08-04:00] php runner start
{
    "ran_at": "2026-07-28T04:06:03Z",
    "target_count": 2,
    "target_batch_limit": 2,
    "target_batch_offset": 0,
    "target_batch_next_offset": 0,
    "target_total_available": 2,
    "results": [
        {
            "market_type": "crypto",
            "symbol": "BTC-USD",
            "requested_url": "http://127.0.0.1:8081/index.php?market_type=crypto&symbol=BTC-USD&buy_multiplier=0.90&sell_multiplier=0.80&trust_percent=90.00&break_buy=0.50&break_gain=0.50&break_loss=0.50&run_analysis=1&live=1",
            "ok": true,
            "status": 200,
            "has_price_payload": true,
            "symbol_probe": null,
            "removed_from_list": false,
            "remove_reason": "",
            "checked_at": "2026-07-28T04:06:04Z"
        },
        {
            "market_type": "crypto",
            "symbol": "ETH-USD",
            "requested_url": "http://127.0.0.1:8081/index.php?market_type=crypto&symbol=ETH-USD&buy_multiplier=0.50&sell_multiplier=0.40&trust_percent=50.00&break_buy=0.50&break_gain=0.50&break_loss=0.50&run_analysis=1&live=1",
            "ok": true,
            "status": 200,
            "has_price_payload": true,
            "symbol_probe": null,
            "removed_from_list": false,
            "remove_reason": "",
            "checked_at": "2026-07-28T04:06:07Z"
        }
    ]
}
[2026-07-28T00:06:08-04:00] php runner end

[2026-07-28T00:11:05-04:00] php runner start
{
    "ran_at": "2026-07-28T04:11:03Z",
    "target_count": 2,
    "target_batch_limit": 2,
    "target_batch_offset": 0,
    "target_batch_next_offset": 0,
    "target_total_available": 2,
    "results": [
        {
            "market_type": "crypto",
            "symbol": "BTC-USD",
            "requested_url": "http://127.0.0.1:8081/index.php?market_type=crypto&symbol=BTC-USD&buy_multiplier=0.90&sell_multiplier=0.80&trust_percent=90.00&break_buy=0.50&break_gain=0.50&break_loss=0.50&run_analysis=1&live=1",
            "ok": true,
            "status": 200,
            "has_price_payload": true,
            "symbol_probe": null,
            "removed_from_list": false,
            "remove_reason": "",
            "checked_at": "2026-07-28T04:11:04Z"
        },
        {
            "market_type": "crypto",
            "symbol": "ETH-USD",
            "requested_url": "http://127.0.0.1:8081/index.php?market_type=crypto&symbol=ETH-USD&buy_multiplier=0.50&sell_multiplier=0.40&trust_percent=50.00&break_buy=0.50&break_gain=0.50&break_loss=0.50&run_analysis=1&live=1",
            "ok": true,
            "status": 200,
            "has_price_payload": true,
            "symbol_probe": null,
            "removed_from_list": false,
            "remove_reason": "",
            "checked_at": "2026-07-28T04:11:05Z"
        }
    ]
}
[2026-07-28T00:11:05-04:00] php runner end

[2026-07-28T00:16:06-04:00] php runner start
{
    "ran_at": "2026-07-28T04:16:03Z",
    "target_count": 2,
    "target_batch_limit": 2,
    "target_batch_offset": 0,
    "target_batch_next_offset": 0,
    "target_total_available": 2,
    "results": [
        {
            "market_type": "crypto",
            "symbol": "BTC-USD",
            "requested_url": "http://127.0.0.1:8081/index.php?market_type=crypto&symbol=BTC-USD&buy_multiplier=0.90&sell_multiplier=0.80&trust_percent=90.00&break_buy=0.50&break_gain=0.50&break_loss=0.50&run_analysis=1&live=1",
            "ok": true,
            "status": 200,
            "has_price_payload": true,
            "symbol_probe": null,
            "removed_from_list": false,
            "remove_reason": "",
            "checked_at": "2026-07-28T04:16:04Z"
        },
        {
            "market_type": "crypto",
            "symbol": "ETH-USD",
            "requested_url": "http://127.0.0.1:8081/index.php?market_type=crypto&symbol=ETH-USD&buy_multiplier=0.50&sell_multiplier=0.40&trust_percent=50.00&break_buy=0.50&break_gain=0.50&break_loss=0.50&run_analysis=1&live=1",
            "ok": true,
            "status": 200,
            "has_price_payload": true,
            "symbol_probe": null,
            "removed_from_list": false,
            "remove_reason": "",
            "checked_at": "2026-07-28T04:16:06Z"
        }
    ]
}
[2026-07-28T00:16:06-04:00] php runner end

[2026-07-28T00:21:09-04:00] php runner start
{
    "ran_at": "2026-07-28T04:21:03Z",
    "target_count": 2,
    "target_batch_limit": 2,
    "target_batch_offset": 0,
    "target_batch_next_offset": 0,
    "target_total_available": 2,
    "results": [
        {
            "market_type": "crypto",
            "symbol": "BTC-USD",
            "requested_url": "http://127.0.0.1:8081/index.php?market_type=crypto&symbol=BTC-USD&buy_multiplier=0.90&sell_multiplier=0.80&trust_percent=90.00&break_buy=0.50&break_gain=0.50&break_loss=0.50&run_analysis=1&live=1",
            "ok": true,
            "status": 200,
            "has_price_payload": true,
            "symbol_probe": null,
            "removed_from_list": false,
            "remove_reason": "",
            "checked_at": "2026-07-28T04:21:07Z"
        },
        {
            "market_type": "crypto",
            "symbol": "ETH-USD",
            "requested_url": "http://127.0.0.1:8081/index.php?market_type=crypto&symbol=ETH-USD&buy_multiplier=0.50&sell_multiplier=0.40&trust_percent=50.00&break_buy=0.50&break_gain=0.50&break_loss=0.50&run_analysis=1&live=1",
            "ok": true,
            "status": 200,
            "has_price_payload": true,
            "symbol_probe": null,
            "removed_from_list": false,
            "remove_reason": "",
            "checked_at": "2026-07-28T04:21:08Z"
        }
    ]
}
[2026-07-28T00:21:09-04:00] php runner end

[2026-07-28T00:26:06-04:00] php runner start
{
    "ran_at": "2026-07-28T04:26:03Z",
    "target_count": 2,
    "target_batch_limit": 2,
    "target_batch_offset": 0,
    "target_batch_next_offset": 0,
    "target_total_available": 2,
    "results": [
        {
            "market_type": "crypto",
            "symbol": "BTC-USD",
            "requested_url": "http://127.0.0.1:8081/index.php?market_type=crypto&symbol=BTC-USD&buy_multiplier=0.90&sell_multiplier=0.80&trust_percent=90.00&break_buy=0.50&break_gain=0.50&break_loss=0.50&run_analysis=1&live=1",
            "ok": true,
            "status": 200,
            "has_price_payload": true,
            "symbol_probe": null,
            "removed_from_list": false,
            "remove_reason": "",
            "checked_at": "2026-07-28T04:26:04Z"
        },
        {
            "market_type": "crypto",
            "symbol": "ETH-USD",
            "requested_url": "http://127.0.0.1:8081/index.php?market_type=crypto&symbol=ETH-USD&buy_multiplier=0.50&sell_multiplier=0.40&trust_percent=50.00&break_buy=0.50&break_gain=0.50&break_loss=0.50&run_analysis=1&live=1",
            "ok": true,
            "status": 200,
            "has_price_payload": true,
            "symbol_probe": null,
            "removed_from_list": false,
            "remove_reason": "",
            "checked_at": "2026-07-28T04:26:05Z"
        }
    ]
}
[2026-07-28T00:26:06-04:00] php runner end

[2026-07-28T00:31:04-04:00] php runner start
{
    "ran_at": "2026-07-28T04:31:03Z",
    "target_count": 2,
    "target_batch_limit": 2,
    "target_batch_offset": 0,
    "target_batch_next_offset": 0,
    "target_total_available": 2,
    "results": [
        {
            "market_type": "crypto",
            "symbol": "BTC-USD",
            "requested_url": "http://127.0.0.1:8081/index.php?market_type=crypto&symbol=BTC-USD&buy_multiplier=0.90&sell_multiplier=0.80&trust_percent=90.00&break_buy=0.50&break_gain=0.50&break_loss=0.50&run_analysis=1&live=1",
            "ok": true,
            "status": 200,
            "has_price_payload": true,
            "symbol_probe": null,
            "removed_from_list": false,
            "remove_reason": "",
            "checked_at": "2026-07-28T04:31:04Z"
        },
        {
            "market_type": "crypto",
            "symbol": "ETH-USD",
            "requested_url": "http://127.0.0.1:8081/index.php?market_type=crypto&symbol=ETH-USD&buy_multiplier=0.50&sell_multiplier=0.40&trust_percent=50.00&break_buy=0.50&break_gain=0.50&break_loss=0.50&run_analysis=1&live=1",
            "ok": true,
            "status": 200,
            "has_price_payload": true,
            "symbol_probe": null,
            "removed_from_list": false,
            "remove_reason": "",
            "checked_at": "2026-07-28T04:31:04Z"
        }
    ]
}
[2026-07-28T00:31:04-04:00] php runner end

[2026-07-28T00:36:07-04:00] php runner start
{
    "ran_at": "2026-07-28T04:36:03Z",
    "target_count": 2,
    "target_batch_limit": 2,
    "target_batch_offset": 0,
    "target_batch_next_offset": 0,
    "target_total_available": 2,
    "results": [
        {
            "market_type": "crypto",
            "symbol": "BTC-USD",
            "requested_url": "http://127.0.0.1:8081/index.php?market_type=crypto&symbol=BTC-USD&buy_multiplier=0.90&sell_multiplier=0.80&trust_percent=90.00&break_buy=0.50&break_gain=0.50&break_loss=0.50&run_analysis=1&live=1",
            "ok": true,
            "status": 200,
            "has_price_payload": true,
            "symbol_probe": null,
            "removed_from_list": false,
            "remove_reason": "",
            "checked_at": "2026-07-28T04:36:05Z"
        },
        {
            "market_type": "crypto",
            "symbol": "ETH-USD",
            "requested_url": "http://127.0.0.1:8081/index.php?market_type=crypto&symbol=ETH-USD&buy_multiplier=0.50&sell_multiplier=0.40&trust_percent=50.00&break_buy=0.50&break_gain=0.50&break_loss=0.50&run_analysis=1&live=1",
            "ok": true,
            "status": 200,
            "has_price_payload": true,
            "symbol_probe": null,
            "removed_from_list": false,
            "remove_reason": "",
            "checked_at": "2026-07-28T04:36:07Z"
        }
    ]
}
[2026-07-28T00:36:07-04:00] php runner end

[2026-07-28T00:41:05-04:00] php runner start
{
    "ran_at": "2026-07-28T04:41:03Z",
    "target_count": 2,
    "target_batch_limit": 2,
    "target_batch_offset": 0,
    "target_batch_next_offset": 0,
    "target_total_available": 2,
    "results": [
        {
            "market_type": "crypto",
            "symbol": "BTC-USD",
            "requested_url": "http://127.0.0.1:8081/index.php?market_type=crypto&symbol=BTC-USD&buy_multiplier=0.90&sell_multiplier=0.80&trust_percent=90.00&break_buy=0.50&break_gain=0.50&break_loss=0.50&run_analysis=1&live=1",
            "ok": true,
            "status": 200,
            "has_price_payload": true,
            "symbol_probe": null,
            "removed_from_list": false,
            "remove_reason": "",
            "checked_at": "2026-07-28T04:41:04Z"
        },
        {
            "market_type": "crypto",
            "symbol": "ETH-USD",
            "requested_url": "http://127.0.0.1:8081/index.php?market_type=crypto&symbol=ETH-USD&buy_multiplier=0.50&sell_multiplier=0.40&trust_percent=50.00&break_buy=0.50&break_gain=0.50&break_loss=0.50&run_analysis=1&live=1",
            "ok": true,
            "status": 200,
            "has_price_payload": true,
            "symbol_probe": null,
            "removed_from_list": false,
            "remove_reason": "",
            "checked_at": "2026-07-28T04:41:05Z"
        }
    ]
}
[2026-07-28T00:41:05-04:00] php runner end

[2026-07-28T00:46:06-04:00] php runner start
{
    "ran_at": "2026-07-28T04:46:03Z",
    "target_count": 2,
    "target_batch_limit": 2,
    "target_batch_offset": 0,
    "target_batch_next_offset": 0,
    "target_total_available": 2,
    "results": [
        {
            "market_type": "crypto",
            "symbol": "BTC-USD",
            "requested_url": "http://127.0.0.1:8081/index.php?market_type=crypto&symbol=BTC-USD&buy_multiplier=0.90&sell_multiplier=0.80&trust_percent=90.00&break_buy=0.50&break_gain=0.50&break_loss=0.50&run_analysis=1&live=1",
            "ok": true,
            "status": 200,
            "has_price_payload": true,
            "symbol_probe": null,
            "removed_from_list": false,
            "remove_reason": "",
            "checked_at": "2026-07-28T04:46:04Z"
        },
        {
            "market_type": "crypto",
            "symbol": "ETH-USD",
            "requested_url": "http://127.0.0.1:8081/index.php?market_type=crypto&symbol=ETH-USD&buy_multiplier=0.50&sell_multiplier=0.40&trust_percent=50.00&break_buy=0.50&break_gain=0.50&break_loss=0.50&run_analysis=1&live=1",
            "ok": true,
            "status": 200,
            "has_price_payload": true,
            "symbol_probe": null,
            "removed_from_list": false,
            "remove_reason": "",
            "checked_at": "2026-07-28T04:46:06Z"
        }
    ]
}
[2026-07-28T00:46:06-04:00] php runner end

[2026-07-28T00:51:27-04:00] php runner start
{
    "ran_at": "2026-07-28T04:51:03Z",
    "target_count": 2,
    "target_batch_limit": 2,
    "target_batch_offset": 0,
    "target_batch_next_offset": 0,
    "target_total_available": 2,
    "results": [
        {
            "market_type": "crypto",
            "symbol": "BTC-USD",
            "requested_url": "http://127.0.0.1:8081/index.php?market_type=crypto&symbol=BTC-USD&buy_multiplier=0.90&sell_multiplier=0.80&trust_percent=90.00&break_buy=0.50&break_gain=0.50&break_loss=0.50&run_analysis=1&live=1",
            "ok": false,
            "status": 0,
            "has_price_payload": false,
            "symbol_probe": {
                "url": "https://query1.finance.yahoo.com/v8/finance/chart/BTC-USD?range=1d&interval=5m&includePrePost=false",
                "ok": false,
                "status": 0,
                "looks_real": false
            },
            "removed_from_list": false,
            "remove_reason": "Kept symbol because the local market page did not respond, so this looked like an app availability issue rather than proof that the symbol was invalid.",
            "checked_at": "2026-07-28T04:51:15Z"
        },
        {
            "market_type": "crypto",
            "symbol": "ETH-USD",
            "requested_url": "http://127.0.0.1:8081/index.php?market_type=crypto&symbol=ETH-USD&buy_multiplier=0.50&sell_multiplier=0.40&trust_percent=50.00&break_buy=0.50&break_gain=0.50&break_loss=0.50&run_analysis=1&live=1",
            "ok": false,
            "status": 0,
            "has_price_payload": false,
            "symbol_probe": {
                "url": "https://query1.finance.yahoo.com/v8/finance/chart/ETH-USD?range=1d&interval=5m&includePrePost=false",
                "ok": false,
                "status": 0,
                "looks_real": false
            },
            "removed_from_list": false,
            "remove_reason": "Kept symbol because the local market page did not respond, so this looked like an app availability issue rather than proof that the symbol was invalid.",
            "checked_at": "2026-07-28T04:51:27Z"
        }
    ]
}
[2026-07-28T00:51:27-04:00] php runner end

[2026-07-28T00:56:03-04:00] php runner start
{
    "ran_at": "2026-07-28T04:56:03Z",
    "target_count": 2,
    "target_batch_limit": 2,
    "target_batch_offset": 0,
    "target_batch_next_offset": 0,
    "target_total_available": 2,
    "results": [
        {
            "market_type": "crypto",
            "symbol": "BTC-USD",
            "requested_url": "http://127.0.0.1:8081/index.php?market_type=crypto&symbol=BTC-USD&buy_multiplier=0.90&sell_multiplier=0.80&trust_percent=90.00&break_buy=0.50&break_gain=0.50&break_loss=0.50&run_analysis=1&live=1",
            "ok": true,
            "status": 200,
            "has_price_payload": true,
            "symbol_probe": null,
            "removed_from_list": false,
            "remove_reason": "",
            "checked_at": "2026-07-28T04:56:03Z"
        },
        {
            "market_type": "crypto",
            "symbol": "ETH-USD",
            "requested_url": "http://127.0.0.1:8081/index.php?market_type=crypto&symbol=ETH-USD&buy_multiplier=0.50&sell_multiplier=0.40&trust_percent=50.00&break_buy=0.50&break_gain=0.50&break_loss=0.50&run_analysis=1&live=1",
            "ok": true,
            "status": 200,
            "has_price_payload": true,
            "symbol_probe": null,
            "removed_from_list": false,
            "remove_reason": "",
            "checked_at": "2026-07-28T04:56:03Z"
        }
    ]
}
[2026-07-28T00:56:03-04:00] php runner end

[2026-07-28T01:01:03-04:00] php runner start
{
    "ran_at": "2026-07-28T05:01:03Z",
    "target_count": 2,
    "target_batch_limit": 2,
    "target_batch_offset": 0,
    "target_batch_next_offset": 0,
    "target_total_available": 2,
    "results": [
        {
            "market_type": "crypto",
            "symbol": "BTC-USD",
            "requested_url": "http://127.0.0.1:8081/index.php?market_type=crypto&symbol=BTC-USD&buy_multiplier=0.90&sell_multiplier=0.80&trust_percent=90.00&break_buy=0.50&break_gain=0.50&break_loss=0.50&run_analysis=1&live=1",
            "ok": true,
            "status": 200,
            "has_price_payload": true,
            "symbol_probe": null,
            "removed_from_list": false,
            "remove_reason": "",
            "checked_at": "2026-07-28T05:01:03Z"
        },
        {
            "market_type": "crypto",
            "symbol": "ETH-USD",
            "requested_url": "http://127.0.0.1:8081/index.php?market_type=crypto&symbol=ETH-USD&buy_multiplier=0.50&sell_multiplier=0.40&trust_percent=50.00&break_buy=0.50&break_gain=0.50&break_loss=0.50&run_analysis=1&live=1",
            "ok": true,
            "status": 200,
            "has_price_payload": true,
            "symbol_probe": null,
            "removed_from_list": false,
            "remove_reason": "",
            "checked_at": "2026-07-28T05:01:03Z"
        }
    ]
}
[2026-07-28T01:01:03-04:00] php runner end

[2026-07-28T01:06:03-04:00] php runner start
{
    "ran_at": "2026-07-28T05:06:03Z",
    "target_count": 2,
    "target_batch_limit": 2,
    "target_batch_offset": 0,
    "target_batch_next_offset": 0,
    "target_total_available": 2,
    "results": [
        {
            "market_type": "crypto",
            "symbol": "BTC-USD",
            "requested_url": "http://127.0.0.1:8081/index.php?market_type=crypto&symbol=BTC-USD&buy_multiplier=0.90&sell_multiplier=0.80&trust_percent=90.00&break_buy=0.50&break_gain=0.50&break_loss=0.50&run_analysis=1&live=1",
            "ok": true,
            "status": 200,
            "has_price_payload": true,
            "symbol_probe": null,
            "removed_from_list": false,
            "remove_reason": "",
            "checked_at": "2026-07-28T05:06:03Z"
        },
        {
            "market_type": "crypto",
            "symbol": "ETH-USD",
            "requested_url": "http://127.0.0.1:8081/index.php?market_type=crypto&symbol=ETH-USD&buy_multiplier=0.50&sell_multiplier=0.40&trust_percent=50.00&break_buy=0.50&break_gain=0.50&break_loss=0.50&run_analysis=1&live=1",
            "ok": true,
            "status": 200,
            "has_price_payload": true,
            "symbol_probe": null,
            "removed_from_list": false,
            "remove_reason": "",
            "checked_at": "2026-07-28T05:06:03Z"
        }
    ]
}
[2026-07-28T01:06:03-04:00] php runner end

[2026-07-28T01:11:03-04:00] php runner start
{
    "ran_at": "2026-07-28T05:11:03Z",
    "target_count": 2,
    "target_batch_limit": 2,
    "target_batch_offset": 0,
    "target_batch_next_offset": 0,
    "target_total_available": 2,
    "results": [
        {
            "market_type": "crypto",
            "symbol": "BTC-USD",
            "requested_url": "http://127.0.0.1:8081/index.php?market_type=crypto&symbol=BTC-USD&buy_multiplier=0.90&sell_multiplier=0.80&trust_percent=90.00&break_buy=0.50&break_gain=0.50&break_loss=0.50&run_analysis=1&live=1",
            "ok": true,
            "status": 200,
            "has_price_payload": true,
            "symbol_probe": null,
            "removed_from_list": false,
            "remove_reason": "",
            "checked_at": "2026-07-28T05:11:03Z"
        },
        {
            "market_type": "crypto",
            "symbol": "ETH-USD",
            "requested_url": "http://127.0.0.1:8081/index.php?market_type=crypto&symbol=ETH-USD&buy_multiplier=0.50&sell_multiplier=0.40&trust_percent=50.00&break_buy=0.50&break_gain=0.50&break_loss=0.50&run_analysis=1&live=1",
            "ok": true,
            "status": 200,
            "has_price_payload": true,
            "symbol_probe": null,
            "removed_from_list": false,
            "remove_reason": "",
            "checked_at": "2026-07-28T05:11:03Z"
        }
    ]
}
[2026-07-28T01:11:03-04:00] php runner end

[2026-07-28T01:16:26-04:00] php runner start
{
    "ran_at": "2026-07-28T05:16:03Z",
    "target_count": 2,
    "target_batch_limit": 2,
    "target_batch_offset": 0,
    "target_batch_next_offset": 0,
    "target_total_available": 2,
    "results": [
        {
            "market_type": "crypto",
            "symbol": "BTC-USD",
            "requested_url": "http://127.0.0.1:8081/index.php?market_type=crypto&symbol=BTC-USD&buy_multiplier=0.90&sell_multiplier=0.80&trust_percent=90.00&break_buy=0.50&break_gain=0.50&break_loss=0.50&run_analysis=1&live=1",
            "ok": false,
            "status": 0,
            "has_price_payload": false,
            "symbol_probe": {
                "url": "https://query1.finance.yahoo.com/v8/finance/chart/BTC-USD?range=1d&interval=5m&includePrePost=false",
                "ok": false,
                "status": 0,
                "looks_real": false
            },
            "removed_from_list": false,
            "remove_reason": "Kept symbol because the local market page did not respond, so this looked like an app availability issue rather than proof that the symbol was invalid.",
            "checked_at": "2026-07-28T05:16:15Z"
        },
        {
            "market_type": "crypto",
            "symbol": "ETH-USD",
            "requested_url": "http://127.0.0.1:8081/index.php?market_type=crypto&symbol=ETH-USD&buy_multiplier=0.50&sell_multiplier=0.40&trust_percent=50.00&break_buy=0.50&break_gain=0.50&break_loss=0.50&run_analysis=1&live=1",
            "ok": true,
            "status": 200,
            "has_price_payload": true,
            "symbol_probe": null,
            "removed_from_list": false,
            "remove_reason": "",
            "checked_at": "2026-07-28T05:16:26Z"
        }
    ]
}
[2026-07-28T01:16:26-04:00] php runner end

[2026-07-28T01:21:04-04:00] php runner start
{
    "ran_at": "2026-07-28T05:21:03Z",
    "target_count": 2,
    "target_batch_limit": 2,
    "target_batch_offset": 0,
    "target_batch_next_offset": 0,
    "target_total_available": 2,
    "results": [
        {
            "market_type": "crypto",
            "symbol": "BTC-USD",
            "requested_url": "http://127.0.0.1:8081/index.php?market_type=crypto&symbol=BTC-USD&buy_multiplier=0.90&sell_multiplier=0.80&trust_percent=90.00&break_buy=0.50&break_gain=0.50&break_loss=0.50&run_analysis=1&live=1",
            "ok": true,
            "status": 200,
            "has_price_payload": true,
            "symbol_probe": null,
            "removed_from_list": false,
            "remove_reason": "",
            "checked_at": "2026-07-28T05:21:03Z"
        },
        {
            "market_type": "crypto",
            "symbol": "ETH-USD",
            "requested_url": "http://127.0.0.1:8081/index.php?market_type=crypto&symbol=ETH-USD&buy_multiplier=0.50&sell_multiplier=0.40&trust_percent=50.00&break_buy=0.50&break_gain=0.50&break_loss=0.50&run_analysis=1&live=1",
            "ok": true,
            "status": 200,
            "has_price_payload": true,
            "symbol_probe": null,
            "removed_from_list": false,
            "remove_reason": "",
            "checked_at": "2026-07-28T05:21:04Z"
        }
    ]
}
[2026-07-28T01:21:04-04:00] php runner end

[2026-07-28T01:26:06-04:00] php runner start
{
    "ran_at": "2026-07-28T05:26:03Z",
    "target_count": 2,
    "target_batch_limit": 2,
    "target_batch_offset": 0,
    "target_batch_next_offset": 0,
    "target_total_available": 2,
    "results": [
        {
            "market_type": "crypto",
            "symbol": "BTC-USD",
            "requested_url": "http://127.0.0.1:8081/index.php?market_type=crypto&symbol=BTC-USD&buy_multiplier=0.90&sell_multiplier=0.80&trust_percent=90.00&break_buy=0.50&break_gain=0.50&break_loss=0.50&run_analysis=1&live=1",
            "ok": true,
            "status": 200,
            "has_price_payload": true,
            "symbol_probe": null,
            "removed_from_list": false,
            "remove_reason": "",
            "checked_at": "2026-07-28T05:26:04Z"
        },
        {
            "market_type": "crypto",
            "symbol": "ETH-USD",
            "requested_url": "http://127.0.0.1:8081/index.php?market_type=crypto&symbol=ETH-USD&buy_multiplier=0.50&sell_multiplier=0.40&trust_percent=50.00&break_buy=0.50&break_gain=0.50&break_loss=0.50&run_analysis=1&live=1",
            "ok": true,
            "status": 200,
            "has_price_payload": true,
            "symbol_probe": null,
            "removed_from_list": false,
            "remove_reason": "",
            "checked_at": "2026-07-28T05:26:06Z"
        }
    ]
}
[2026-07-28T01:26:06-04:00] php runner end

[2026-07-28T01:31:06-04:00] php runner start
{
    "ran_at": "2026-07-28T05:31:03Z",
    "target_count": 2,
    "target_batch_limit": 2,
    "target_batch_offset": 0,
    "target_batch_next_offset": 0,
    "target_total_available": 2,
    "results": [
        {
            "market_type": "crypto",
            "symbol": "BTC-USD",
            "requested_url": "http://127.0.0.1:8081/index.php?market_type=crypto&symbol=BTC-USD&buy_multiplier=0.90&sell_multiplier=0.80&trust_percent=90.00&break_buy=0.50&break_gain=0.50&break_loss=0.50&run_analysis=1&live=1",
            "ok": true,
            "status": 200,
            "has_price_payload": true,
            "symbol_probe": null,
            "removed_from_list": false,
            "remove_reason": "",
            "checked_at": "2026-07-28T05:31:04Z"
        },
        {
            "market_type": "crypto",
            "symbol": "ETH-USD",
            "requested_url": "http://127.0.0.1:8081/index.php?market_type=crypto&symbol=ETH-USD&buy_multiplier=0.50&sell_multiplier=0.40&trust_percent=50.00&break_buy=0.50&break_gain=0.50&break_loss=0.50&run_analysis=1&live=1",
            "ok": true,
            "status": 200,
            "has_price_payload": true,
            "symbol_probe": null,
            "removed_from_list": false,
            "remove_reason": "",
            "checked_at": "2026-07-28T05:31:06Z"
        }
    ]
}
[2026-07-28T01:31:06-04:00] php runner end

[2026-07-28T01:36:05-04:00] php runner start
{
    "ran_at": "2026-07-28T05:36:03Z",
    "target_count": 2,
    "target_batch_limit": 2,
    "target_batch_offset": 0,
    "target_batch_next_offset": 0,
    "target_total_available": 2,
    "results": [
        {
            "market_type": "crypto",
            "symbol": "BTC-USD",
            "requested_url": "http://127.0.0.1:8081/index.php?market_type=crypto&symbol=BTC-USD&buy_multiplier=0.90&sell_multiplier=0.80&trust_percent=90.00&break_buy=0.50&break_gain=0.50&break_loss=0.50&run_analysis=1&live=1",
            "ok": true,
            "status": 200,
            "has_price_payload": true,
            "symbol_probe": null,
            "removed_from_list": false,
            "remove_reason": "",
            "checked_at": "2026-07-28T05:36:04Z"
        },
        {
            "market_type": "crypto",
            "symbol": "ETH-USD",
            "requested_url": "http://127.0.0.1:8081/index.php?market_type=crypto&symbol=ETH-USD&buy_multiplier=0.50&sell_multiplier=0.40&trust_percent=50.00&break_buy=0.50&break_gain=0.50&break_loss=0.50&run_analysis=1&live=1",
            "ok": true,
            "status": 200,
            "has_price_payload": true,
            "symbol_probe": null,
            "removed_from_list": false,
            "remove_reason": "",
            "checked_at": "2026-07-28T05:36:05Z"
        }
    ]
}
[2026-07-28T01:36:05-04:00] php runner end

[2026-07-28T01:41:05-04:00] php runner start
{
    "ran_at": "2026-07-28T05:41:03Z",
    "target_count": 2,
    "target_batch_limit": 2,
    "target_batch_offset": 0,
    "target_batch_next_offset": 0,
    "target_total_available": 2,
    "results": [
        {
            "market_type": "crypto",
            "symbol": "BTC-USD",
            "requested_url": "http://127.0.0.1:8081/index.php?market_type=crypto&symbol=BTC-USD&buy_multiplier=0.90&sell_multiplier=0.80&trust_percent=90.00&break_buy=0.50&break_gain=0.50&break_loss=0.50&run_analysis=1&live=1",
            "ok": true,
            "status": 200,
            "has_price_payload": true,
            "symbol_probe": null,
            "removed_from_list": false,
            "remove_reason": "",
            "checked_at": "2026-07-28T05:41:04Z"
        },
        {
            "market_type": "crypto",
            "symbol": "ETH-USD",
            "requested_url": "http://127.0.0.1:8081/index.php?market_type=crypto&symbol=ETH-USD&buy_multiplier=0.50&sell_multiplier=0.40&trust_percent=50.00&break_buy=0.50&break_gain=0.50&break_loss=0.50&run_analysis=1&live=1",
            "ok": true,
            "status": 200,
            "has_price_payload": true,
            "symbol_probe": null,
            "removed_from_list": false,
            "remove_reason": "",
            "checked_at": "2026-07-28T05:41:05Z"
        }
    ]
}
[2026-07-28T01:41:05-04:00] php runner end

[2026-07-28T01:46:06-04:00] php runner start
{
    "ran_at": "2026-07-28T05:46:03Z",
    "target_count": 2,
    "target_batch_limit": 2,
    "target_batch_offset": 0,
    "target_batch_next_offset": 0,
    "target_total_available": 2,
    "results": [
        {
            "market_type": "crypto",
            "symbol": "BTC-USD",
            "requested_url": "http://127.0.0.1:8081/index.php?market_type=crypto&symbol=BTC-USD&buy_multiplier=0.90&sell_multiplier=0.80&trust_percent=90.00&break_buy=0.50&break_gain=0.50&break_loss=0.50&run_analysis=1&live=1",
            "ok": true,
            "status": 200,
            "has_price_payload": true,
            "symbol_probe": null,
            "removed_from_list": false,
            "remove_reason": "",
            "checked_at": "2026-07-28T05:46:05Z"
        },
        {
            "market_type": "crypto",
            "symbol": "ETH-USD",
            "requested_url": "http://127.0.0.1:8081/index.php?market_type=crypto&symbol=ETH-USD&buy_multiplier=0.50&sell_multiplier=0.40&trust_percent=50.00&break_buy=0.50&break_gain=0.50&break_loss=0.50&run_analysis=1&live=1",
            "ok": true,
            "status": 200,
            "has_price_payload": true,
            "symbol_probe": null,
            "removed_from_list": false,
            "remove_reason": "",
            "checked_at": "2026-07-28T05:46:06Z"
        }
    ]
}
[2026-07-28T01:46:06-04:00] php runner end

[2026-07-28T01:51:08-04:00] php runner start
{
    "ran_at": "2026-07-28T05:51:03Z",
    "target_count": 2,
    "target_batch_limit": 2,
    "target_batch_offset": 0,
    "target_batch_next_offset": 0,
    "target_total_available": 2,
    "results": [
        {
            "market_type": "crypto",
            "symbol": "BTC-USD",
            "requested_url": "http://127.0.0.1:8081/index.php?market_type=crypto&symbol=BTC-USD&buy_multiplier=0.90&sell_multiplier=0.80&trust_percent=90.00&break_buy=0.50&break_gain=0.50&break_loss=0.50&run_analysis=1&live=1",
            "ok": true,
            "status": 200,
            "has_price_payload": true,
            "symbol_probe": null,
            "removed_from_list": false,
            "remove_reason": "",
            "checked_at": "2026-07-28T05:51:05Z"
        },
        {
            "market_type": "crypto",
            "symbol": "ETH-USD",
            "requested_url": "http://127.0.0.1:8081/index.php?market_type=crypto&symbol=ETH-USD&buy_multiplier=0.50&sell_multiplier=0.40&trust_percent=50.00&break_buy=0.50&break_gain=0.50&break_loss=0.50&run_analysis=1&live=1",
            "ok": true,
            "status": 200,
            "has_price_payload": true,
            "symbol_probe": null,
            "removed_from_list": false,
            "remove_reason": "",
            "checked_at": "2026-07-28T05:51:08Z"
        }
    ]
}
[2026-07-28T01:51:08-04:00] php runner end

[2026-07-28T01:56:05-04:00] php runner start
{
    "ran_at": "2026-07-28T05:56:03Z",
    "target_count": 2,
    "target_batch_limit": 2,
    "target_batch_offset": 0,
    "target_batch_next_offset": 0,
    "target_total_available": 2,
    "results": [
        {
            "market_type": "crypto",
            "symbol": "BTC-USD",
            "requested_url": "http://127.0.0.1:8081/index.php?market_type=crypto&symbol=BTC-USD&buy_multiplier=0.90&sell_multiplier=0.80&trust_percent=90.00&break_buy=0.50&break_gain=0.50&break_loss=0.50&run_analysis=1&live=1",
            "ok": true,
            "status": 200,
            "has_price_payload": true,
            "symbol_probe": null,
            "removed_from_list": false,
            "remove_reason": "",
            "checked_at": "2026-07-28T05:56:04Z"
        },
        {
            "market_type": "crypto",
            "symbol": "ETH-USD",
            "requested_url": "http://127.0.0.1:8081/index.php?market_type=crypto&symbol=ETH-USD&buy_multiplier=0.50&sell_multiplier=0.40&trust_percent=50.00&break_buy=0.50&break_gain=0.50&break_loss=0.50&run_analysis=1&live=1",
            "ok": true,
            "status": 200,
            "has_price_payload": true,
            "symbol_probe": null,
            "removed_from_list": false,
            "remove_reason": "",
            "checked_at": "2026-07-28T05:56:05Z"
        }
    ]
}
[2026-07-28T01:56:05-04:00] php runner end

[2026-07-28T02:01:06-04:00] php runner start
{
    "ran_at": "2026-07-28T06:01:03Z",
    "target_count": 2,
    "target_batch_limit": 2,
    "target_batch_offset": 0,
    "target_batch_next_offset": 0,
    "target_total_available": 2,
    "results": [
        {
            "market_type": "crypto",
            "symbol": "BTC-USD",
            "requested_url": "http://127.0.0.1:8081/index.php?market_type=crypto&symbol=BTC-USD&buy_multiplier=0.90&sell_multiplier=0.80&trust_percent=90.00&break_buy=0.50&break_gain=0.50&break_loss=0.50&run_analysis=1&live=1",
            "ok": true,
            "status": 200,
            "has_price_payload": true,
            "symbol_probe": null,
            "removed_from_list": false,
            "remove_reason": "",
            "checked_at": "2026-07-28T06:01:04Z"
        },
        {
            "market_type": "crypto",
            "symbol": "ETH-USD",
            "requested_url": "http://127.0.0.1:8081/index.php?market_type=crypto&symbol=ETH-USD&buy_multiplier=0.50&sell_multiplier=0.40&trust_percent=50.00&break_buy=0.50&break_gain=0.50&break_loss=0.50&run_analysis=1&live=1",
            "ok": true,
            "status": 200,
            "has_price_payload": true,
            "symbol_probe": null,
            "removed_from_list": false,
            "remove_reason": "",
            "checked_at": "2026-07-28T06:01:06Z"
        }
    ]
}
[2026-07-28T02:01:06-04:00] php runner end

[2026-07-28T02:06:08-04:00] php runner start
{
    "ran_at": "2026-07-28T06:06:03Z",
    "target_count": 2,
    "target_batch_limit": 2,
    "target_batch_offset": 0,
    "target_batch_next_offset": 0,
    "target_total_available": 2,
    "results": [
        {
            "market_type": "crypto",
            "symbol": "BTC-USD",
            "requested_url": "http://127.0.0.1:8081/index.php?market_type=crypto&symbol=BTC-USD&buy_multiplier=0.90&sell_multiplier=0.80&trust_percent=90.00&break_buy=0.50&break_gain=0.50&break_loss=0.50&run_analysis=1&live=1",
            "ok": true,
            "status": 200,
            "has_price_payload": true,
            "symbol_probe": null,
            "removed_from_list": false,
            "remove_reason": "",
            "checked_at": "2026-07-28T06:06:05Z"
        },
        {
            "market_type": "crypto",
            "symbol": "ETH-USD",
            "requested_url": "http://127.0.0.1:8081/index.php?market_type=crypto&symbol=ETH-USD&buy_multiplier=0.50&sell_multiplier=0.40&trust_percent=50.00&break_buy=0.50&break_gain=0.50&break_loss=0.50&run_analysis=1&live=1",
            "ok": true,
            "status": 200,
            "has_price_payload": true,
            "symbol_probe": null,
            "removed_from_list": false,
            "remove_reason": "",
            "checked_at": "2026-07-28T06:06:07Z"
        }
    ]
}
[2026-07-28T02:06:08-04:00] php runner end

[2026-07-28T02:11:05-04:00] php runner start
{
    "ran_at": "2026-07-28T06:11:03Z",
    "target_count": 2,
    "target_batch_limit": 2,
    "target_batch_offset": 0,
    "target_batch_next_offset": 0,
    "target_total_available": 2,
    "results": [
        {
            "market_type": "crypto",
            "symbol": "BTC-USD",
            "requested_url": "http://127.0.0.1:8081/index.php?market_type=crypto&symbol=BTC-USD&buy_multiplier=0.90&sell_multiplier=0.80&trust_percent=90.00&break_buy=0.50&break_gain=0.50&break_loss=0.50&run_analysis=1&live=1",
            "ok": true,
            "status": 200,
            "has_price_payload": true,
            "symbol_probe": null,
            "removed_from_list": false,
            "remove_reason": "",
            "checked_at": "2026-07-28T06:11:04Z"
        },
        {
            "market_type": "crypto",
            "symbol": "ETH-USD",
            "requested_url": "http://127.0.0.1:8081/index.php?market_type=crypto&symbol=ETH-USD&buy_multiplier=0.50&sell_multiplier=0.40&trust_percent=50.00&break_buy=0.50&break_gain=0.50&break_loss=0.50&run_analysis=1&live=1",
            "ok": true,
            "status": 200,
            "has_price_payload": true,
            "symbol_probe": null,
            "removed_from_list": false,
            "remove_reason": "",
            "checked_at": "2026-07-28T06:11:04Z"
        }
    ]
}
[2026-07-28T02:11:05-04:00] php runner end

[2026-07-28T02:16:04-04:00] php runner start
{
    "ran_at": "2026-07-28T06:16:03Z",
    "target_count": 2,
    "target_batch_limit": 2,
    "target_batch_offset": 0,
    "target_batch_next_offset": 0,
    "target_total_available": 2,
    "results": [
        {
            "market_type": "crypto",
            "symbol": "BTC-USD",
            "requested_url": "http://127.0.0.1:8081/index.php?market_type=crypto&symbol=BTC-USD&buy_multiplier=0.90&sell_multiplier=0.80&trust_percent=90.00&break_buy=0.50&break_gain=0.50&break_loss=0.50&run_analysis=1&live=1",
            "ok": true,
            "status": 200,
            "has_price_payload": true,
            "symbol_probe": null,
            "removed_from_list": false,
            "remove_reason": "",
            "checked_at": "2026-07-28T06:16:04Z"
        },
        {
            "market_type": "crypto",
            "symbol": "ETH-USD",
            "requested_url": "http://127.0.0.1:8081/index.php?market_type=crypto&symbol=ETH-USD&buy_multiplier=0.50&sell_multiplier=0.40&trust_percent=50.00&break_buy=0.50&break_gain=0.50&break_loss=0.50&run_analysis=1&live=1",
            "ok": true,
            "status": 200,
            "has_price_payload": true,
            "symbol_probe": null,
            "removed_from_list": false,
            "remove_reason": "",
            "checked_at": "2026-07-28T06:16:04Z"
        }
    ]
}
[2026-07-28T02:16:04-04:00] php runner end

[2026-07-28T02:21:06-04:00] php runner start
{
    "ran_at": "2026-07-28T06:21:03Z",
    "target_count": 2,
    "target_batch_limit": 2,
    "target_batch_offset": 0,
    "target_batch_next_offset": 0,
    "target_total_available": 2,
    "results": [
        {
            "market_type": "crypto",
            "symbol": "BTC-USD",
            "requested_url": "http://127.0.0.1:8081/index.php?market_type=crypto&symbol=BTC-USD&buy_multiplier=0.90&sell_multiplier=0.80&trust_percent=90.00&break_buy=0.50&break_gain=0.50&break_loss=0.50&run_analysis=1&live=1",
            "ok": true,
            "status": 200,
            "has_price_payload": true,
            "symbol_probe": null,
            "removed_from_list": false,
            "remove_reason": "",
            "checked_at": "2026-07-28T06:21:04Z"
        },
        {
            "market_type": "crypto",
            "symbol": "ETH-USD",
            "requested_url": "http://127.0.0.1:8081/index.php?market_type=crypto&symbol=ETH-USD&buy_multiplier=0.50&sell_multiplier=0.40&trust_percent=50.00&break_buy=0.50&break_gain=0.50&break_loss=0.50&run_analysis=1&live=1",
            "ok": true,
            "status": 200,
            "has_price_payload": true,
            "symbol_probe": null,
            "removed_from_list": false,
            "remove_reason": "",
            "checked_at": "2026-07-28T06:21:06Z"
        }
    ]
}
[2026-07-28T02:21:06-04:00] php runner end

[2026-07-28T02:26:18-04:00] php runner start
{
    "ran_at": "2026-07-28T06:26:03Z",
    "target_count": 2,
    "target_batch_limit": 2,
    "target_batch_offset": 0,
    "target_batch_next_offset": 0,
    "target_total_available": 2,
    "results": [
        {
            "market_type": "crypto",
            "symbol": "BTC-USD",
            "requested_url": "http://127.0.0.1:8081/index.php?market_type=crypto&symbol=BTC-USD&buy_multiplier=0.90&sell_multiplier=0.80&trust_percent=90.00&break_buy=0.50&break_gain=0.50&break_loss=0.50&run_analysis=1&live=1",
            "ok": true,
            "status": 200,
            "has_price_payload": true,
            "symbol_probe": null,
            "removed_from_list": false,
            "remove_reason": "",
            "checked_at": "2026-07-28T06:26:11Z"
        },
        {
            "market_type": "crypto",
            "symbol": "ETH-USD",
            "requested_url": "http://127.0.0.1:8081/index.php?market_type=crypto&symbol=ETH-USD&buy_multiplier=0.50&sell_multiplier=0.40&trust_percent=50.00&break_buy=0.50&break_gain=0.50&break_loss=0.50&run_analysis=1&live=1",
            "ok": true,
            "status": 200,
            "has_price_payload": true,
            "symbol_probe": null,
            "removed_from_list": false,
            "remove_reason": "",
            "checked_at": "2026-07-28T06:26:18Z"
        }
    ]
}
[2026-07-28T02:26:18-04:00] php runner end

[2026-07-28T02:31:05-04:00] php runner start
{
    "ran_at": "2026-07-28T06:31:03Z",
    "target_count": 2,
    "target_batch_limit": 2,
    "target_batch_offset": 0,
    "target_batch_next_offset": 0,
    "target_total_available": 2,
    "results": [
        {
            "market_type": "crypto",
            "symbol": "BTC-USD",
            "requested_url": "http://127.0.0.1:8081/index.php?market_type=crypto&symbol=BTC-USD&buy_multiplier=0.90&sell_multiplier=0.80&trust_percent=90.00&break_buy=0.50&break_gain=0.50&break_loss=0.50&run_analysis=1&live=1",
            "ok": true,
            "status": 200,
            "has_price_payload": true,
            "symbol_probe": null,
            "removed_from_list": false,
            "remove_reason": "",
            "checked_at": "2026-07-28T06:31:04Z"
        },
        {
            "market_type": "crypto",
            "symbol": "ETH-USD",
            "requested_url": "http://127.0.0.1:8081/index.php?market_type=crypto&symbol=ETH-USD&buy_multiplier=0.50&sell_multiplier=0.40&trust_percent=50.00&break_buy=0.50&break_gain=0.50&break_loss=0.50&run_analysis=1&live=1",
            "ok": true,
            "status": 200,
            "has_price_payload": true,
            "symbol_probe": null,
            "removed_from_list": false,
            "remove_reason": "",
            "checked_at": "2026-07-28T06:31:05Z"
        }
    ]
}
[2026-07-28T02:31:05-04:00] php runner end

[2026-07-28T02:36:10-04:00] php runner start
{
    "ran_at": "2026-07-28T06:36:03Z",
    "target_count": 2,
    "target_batch_limit": 2,
    "target_batch_offset": 0,
    "target_batch_next_offset": 0,
    "target_total_available": 2,
    "results": [
        {
            "market_type": "crypto",
            "symbol": "BTC-USD",
            "requested_url": "http://127.0.0.1:8081/index.php?market_type=crypto&symbol=BTC-USD&buy_multiplier=0.90&sell_multiplier=0.80&trust_percent=90.00&break_buy=0.50&break_gain=0.50&break_loss=0.50&run_analysis=1&live=1",
            "ok": true,
            "status": 200,
            "has_price_payload": true,
            "symbol_probe": null,
            "removed_from_list": false,
            "remove_reason": "",
            "checked_at": "2026-07-28T06:36:08Z"
        },
        {
            "market_type": "crypto",
            "symbol": "ETH-USD",
            "requested_url": "http://127.0.0.1:8081/index.php?market_type=crypto&symbol=ETH-USD&buy_multiplier=0.50&sell_multiplier=0.40&trust_percent=50.00&break_buy=0.50&break_gain=0.50&break_loss=0.50&run_analysis=1&live=1",
            "ok": true,
            "status": 200,
            "has_price_payload": true,
            "symbol_probe": null,
            "removed_from_list": false,
            "remove_reason": "",
            "checked_at": "2026-07-28T06:36:10Z"
        }
    ]
}
[2026-07-28T02:36:10-04:00] php runner end

[2026-07-28T02:41:06-04:00] php runner start
{
    "ran_at": "2026-07-28T06:41:03Z",
    "target_count": 2,
    "target_batch_limit": 2,
    "target_batch_offset": 0,
    "target_batch_next_offset": 0,
    "target_total_available": 2,
    "results": [
        {
            "market_type": "crypto",
            "symbol": "BTC-USD",
            "requested_url": "http://127.0.0.1:8081/index.php?market_type=crypto&symbol=BTC-USD&buy_multiplier=0.90&sell_multiplier=0.80&trust_percent=90.00&break_buy=0.50&break_gain=0.50&break_loss=0.50&run_analysis=1&live=1",
            "ok": true,
            "status": 200,
            "has_price_payload": true,
            "symbol_probe": null,
            "removed_from_list": false,
            "remove_reason": "",
            "checked_at": "2026-07-28T06:41:04Z"
        },
        {
            "market_type": "crypto",
            "symbol": "ETH-USD",
            "requested_url": "http://127.0.0.1:8081/index.php?market_type=crypto&symbol=ETH-USD&buy_multiplier=0.50&sell_multiplier=0.40&trust_percent=50.00&break_buy=0.50&break_gain=0.50&break_loss=0.50&run_analysis=1&live=1",
            "ok": true,
            "status": 200,
            "has_price_payload": true,
            "symbol_probe": null,
            "removed_from_list": false,
            "remove_reason": "",
            "checked_at": "2026-07-28T06:41:05Z"
        }
    ]
}
[2026-07-28T02:41:06-04:00] php runner end

[2026-07-28T02:46:05-04:00] php runner start
{
    "ran_at": "2026-07-28T06:46:03Z",
    "target_count": 2,
    "target_batch_limit": 2,
    "target_batch_offset": 0,
    "target_batch_next_offset": 0,
    "target_total_available": 2,
    "results": [
        {
            "market_type": "crypto",
            "symbol": "BTC-USD",
            "requested_url": "http://127.0.0.1:8081/index.php?market_type=crypto&symbol=BTC-USD&buy_multiplier=0.90&sell_multiplier=0.80&trust_percent=90.00&break_buy=0.50&break_gain=0.50&break_loss=0.50&run_analysis=1&live=1",
            "ok": true,
            "status": 200,
            "has_price_payload": true,
            "symbol_probe": null,
            "removed_from_list": false,
            "remove_reason": "",
            "checked_at": "2026-07-28T06:46:04Z"
        },
        {
            "market_type": "crypto",
            "symbol": "ETH-USD",
            "requested_url": "http://127.0.0.1:8081/index.php?market_type=crypto&symbol=ETH-USD&buy_multiplier=0.50&sell_multiplier=0.40&trust_percent=50.00&break_buy=0.50&break_gain=0.50&break_loss=0.50&run_analysis=1&live=1",
            "ok": true,
            "status": 200,
            "has_price_payload": true,
            "symbol_probe": null,
            "removed_from_list": false,
            "remove_reason": "",
            "checked_at": "2026-07-28T06:46:04Z"
        }
    ]
}
[2026-07-28T02:46:05-04:00] php runner end

[2026-07-28T02:51:04-04:00] php runner start
{
    "ran_at": "2026-07-28T06:51:03Z",
    "target_count": 2,
    "target_batch_limit": 2,
    "target_batch_offset": 0,
    "target_batch_next_offset": 0,
    "target_total_available": 2,
    "results": [
        {
            "market_type": "crypto",
            "symbol": "BTC-USD",
            "requested_url": "http://127.0.0.1:8081/index.php?market_type=crypto&symbol=BTC-USD&buy_multiplier=0.90&sell_multiplier=0.80&trust_percent=90.00&break_buy=0.50&break_gain=0.50&break_loss=0.50&run_analysis=1&live=1",
            "ok": true,
            "status": 200,
            "has_price_payload": true,
            "symbol_probe": null,
            "removed_from_list": false,
            "remove_reason": "",
            "checked_at": "2026-07-28T06:51:04Z"
        },
        {
            "market_type": "crypto",
            "symbol": "ETH-USD",
            "requested_url": "http://127.0.0.1:8081/index.php?market_type=crypto&symbol=ETH-USD&buy_multiplier=0.50&sell_multiplier=0.40&trust_percent=50.00&break_buy=0.50&break_gain=0.50&break_loss=0.50&run_analysis=1&live=1",
            "ok": true,
            "status": 200,
            "has_price_payload": true,
            "symbol_probe": null,
            "removed_from_list": false,
            "remove_reason": "",
            "checked_at": "2026-07-28T06:51:04Z"
        }
    ]
}
[2026-07-28T02:51:04-04:00] php runner end

[2026-07-28T02:56:05-04:00] php runner start
{
    "ran_at": "2026-07-28T06:56:03Z",
    "target_count": 2,
    "target_batch_limit": 2,
    "target_batch_offset": 0,
    "target_batch_next_offset": 0,
    "target_total_available": 2,
    "results": [
        {
            "market_type": "crypto",
            "symbol": "BTC-USD",
            "requested_url": "http://127.0.0.1:8081/index.php?market_type=crypto&symbol=BTC-USD&buy_multiplier=0.90&sell_multiplier=0.80&trust_percent=90.00&break_buy=0.50&break_gain=0.50&break_loss=0.50&run_analysis=1&live=1",
            "ok": true,
            "status": 200,
            "has_price_payload": true,
            "symbol_probe": null,
            "removed_from_list": false,
            "remove_reason": "",
            "checked_at": "2026-07-28T06:56:04Z"
        },
        {
            "market_type": "crypto",
            "symbol": "ETH-USD",
            "requested_url": "http://127.0.0.1:8081/index.php?market_type=crypto&symbol=ETH-USD&buy_multiplier=0.50&sell_multiplier=0.40&trust_percent=50.00&break_buy=0.50&break_gain=0.50&break_loss=0.50&run_analysis=1&live=1",
            "ok": true,
            "status": 200,
            "has_price_payload": true,
            "symbol_probe": null,
            "removed_from_list": false,
            "remove_reason": "",
            "checked_at": "2026-07-28T06:56:05Z"
        }
    ]
}
[2026-07-28T02:56:05-04:00] php runner end

[2026-07-28T03:01:05-04:00] php runner start
{
    "ran_at": "2026-07-28T07:01:03Z",
    "target_count": 2,
    "target_batch_limit": 2,
    "target_batch_offset": 0,
    "target_batch_next_offset": 0,
    "target_total_available": 2,
    "results": [
        {
            "market_type": "crypto",
            "symbol": "BTC-USD",
            "requested_url": "http://127.0.0.1:8081/index.php?market_type=crypto&symbol=BTC-USD&buy_multiplier=0.90&sell_multiplier=0.80&trust_percent=90.00&break_buy=0.50&break_gain=0.50&break_loss=0.50&run_analysis=1&live=1",
            "ok": true,
            "status": 200,
            "has_price_payload": true,
            "symbol_probe": null,
            "removed_from_list": false,
            "remove_reason": "",
            "checked_at": "2026-07-28T07:01:04Z"
        },
        {
            "market_type": "crypto",
            "symbol": "ETH-USD",
            "requested_url": "http://127.0.0.1:8081/index.php?market_type=crypto&symbol=ETH-USD&buy_multiplier=0.50&sell_multiplier=0.40&trust_percent=50.00&break_buy=0.50&break_gain=0.50&break_loss=0.50&run_analysis=1&live=1",
            "ok": true,
            "status": 200,
            "has_price_payload": true,
            "symbol_probe": null,
            "removed_from_list": false,
            "remove_reason": "",
            "checked_at": "2026-07-28T07:01:05Z"
        }
    ]
}
[2026-07-28T03:01:05-04:00] php runner end

[2026-07-28T03:06:05-04:00] php runner start
{
    "ran_at": "2026-07-28T07:06:03Z",
    "target_count": 2,
    "target_batch_limit": 2,
    "target_batch_offset": 0,
    "target_batch_next_offset": 0,
    "target_total_available": 2,
    "results": [
        {
            "market_type": "crypto",
            "symbol": "BTC-USD",
            "requested_url": "http://127.0.0.1:8081/index.php?market_type=crypto&symbol=BTC-USD&buy_multiplier=0.90&sell_multiplier=0.80&trust_percent=90.00&break_buy=0.50&break_gain=0.50&break_loss=0.50&run_analysis=1&live=1",
            "ok": true,
            "status": 200,
            "has_price_payload": true,
            "symbol_probe": null,
            "removed_from_list": false,
            "remove_reason": "",
            "checked_at": "2026-07-28T07:06:04Z"
        },
        {
            "market_type": "crypto",
            "symbol": "ETH-USD",
            "requested_url": "http://127.0.0.1:8081/index.php?market_type=crypto&symbol=ETH-USD&buy_multiplier=0.50&sell_multiplier=0.40&trust_percent=50.00&break_buy=0.50&break_gain=0.50&break_loss=0.50&run_analysis=1&live=1",
            "ok": true,
            "status": 200,
            "has_price_payload": true,
            "symbol_probe": null,
            "removed_from_list": false,
            "remove_reason": "",
            "checked_at": "2026-07-28T07:06:05Z"
        }
    ]
}
[2026-07-28T03:06:05-04:00] php runner end

[2026-07-28T03:11:05-04:00] php runner start
{
    "ran_at": "2026-07-28T07:11:03Z",
    "target_count": 2,
    "target_batch_limit": 2,
    "target_batch_offset": 0,
    "target_batch_next_offset": 0,
    "target_total_available": 2,
    "results": [
        {
            "market_type": "crypto",
            "symbol": "BTC-USD",
            "requested_url": "http://127.0.0.1:8081/index.php?market_type=crypto&symbol=BTC-USD&buy_multiplier=0.90&sell_multiplier=0.80&trust_percent=90.00&break_buy=0.50&break_gain=0.50&break_loss=0.50&run_analysis=1&live=1",
            "ok": true,
            "status": 200,
            "has_price_payload": true,
            "symbol_probe": null,
            "removed_from_list": false,
            "remove_reason": "",
            "checked_at": "2026-07-28T07:11:04Z"
        },
        {
            "market_type": "crypto",
            "symbol": "ETH-USD",
            "requested_url": "http://127.0.0.1:8081/index.php?market_type=crypto&symbol=ETH-USD&buy_multiplier=0.50&sell_multiplier=0.40&trust_percent=50.00&break_buy=0.50&break_gain=0.50&break_loss=0.50&run_analysis=1&live=1",
            "ok": true,
            "status": 200,
            "has_price_payload": true,
            "symbol_probe": null,
            "removed_from_list": false,
            "remove_reason": "",
            "checked_at": "2026-07-28T07:11:04Z"
        }
    ]
}
[2026-07-28T03:11:05-04:00] php runner end

[2026-07-28T03:16:09-04:00] php runner start
{
    "ran_at": "2026-07-28T07:16:03Z",
    "target_count": 2,
    "target_batch_limit": 2,
    "target_batch_offset": 0,
    "target_batch_next_offset": 0,
    "target_total_available": 2,
    "results": [
        {
            "market_type": "crypto",
            "symbol": "BTC-USD",
            "requested_url": "http://127.0.0.1:8081/index.php?market_type=crypto&symbol=BTC-USD&buy_multiplier=0.90&sell_multiplier=0.80&trust_percent=90.00&break_buy=0.50&break_gain=0.50&break_loss=0.50&run_analysis=1&live=1",
            "ok": true,
            "status": 200,
            "has_price_payload": true,
            "symbol_probe": null,
            "removed_from_list": false,
            "remove_reason": "",
            "checked_at": "2026-07-28T07:16:05Z"
        },
        {
            "market_type": "crypto",
            "symbol": "ETH-USD",
            "requested_url": "http://127.0.0.1:8081/index.php?market_type=crypto&symbol=ETH-USD&buy_multiplier=0.50&sell_multiplier=0.40&trust_percent=50.00&break_buy=0.50&break_gain=0.50&break_loss=0.50&run_analysis=1&live=1",
            "ok": true,
            "status": 200,
            "has_price_payload": true,
            "symbol_probe": null,
            "removed_from_list": false,
            "remove_reason": "",
            "checked_at": "2026-07-28T07:16:09Z"
        }
    ]
}
[2026-07-28T03:16:09-04:00] php runner end

[2026-07-28T03:21:08-04:00] php runner start
{
    "ran_at": "2026-07-28T07:21:03Z",
    "target_count": 2,
    "target_batch_limit": 2,
    "target_batch_offset": 0,
    "target_batch_next_offset": 0,
    "target_total_available": 2,
    "results": [
        {
            "market_type": "crypto",
            "symbol": "BTC-USD",
            "requested_url": "http://127.0.0.1:8081/index.php?market_type=crypto&symbol=BTC-USD&buy_multiplier=0.90&sell_multiplier=0.80&trust_percent=90.00&break_buy=0.50&break_gain=0.50&break_loss=0.50&run_analysis=1&live=1",
            "ok": true,
            "status": 200,
            "has_price_payload": true,
            "symbol_probe": null,
            "removed_from_list": false,
            "remove_reason": "",
            "checked_at": "2026-07-28T07:21:04Z"
        },
        {
            "market_type": "crypto",
            "symbol": "ETH-USD",
            "requested_url": "http://127.0.0.1:8081/index.php?market_type=crypto&symbol=ETH-USD&buy_multiplier=0.50&sell_multiplier=0.40&trust_percent=50.00&break_buy=0.50&break_gain=0.50&break_loss=0.50&run_analysis=1&live=1",
            "ok": true,
            "status": 200,
            "has_price_payload": true,
            "symbol_probe": null,
            "removed_from_list": false,
            "remove_reason": "",
            "checked_at": "2026-07-28T07:21:08Z"
        }
    ]
}
[2026-07-28T03:21:08-04:00] php runner end

[2026-07-28T03:26:06-04:00] php runner start
{
    "ran_at": "2026-07-28T07:26:03Z",
    "target_count": 2,
    "target_batch_limit": 2,
    "target_batch_offset": 0,
    "target_batch_next_offset": 0,
    "target_total_available": 2,
    "results": [
        {
            "market_type": "crypto",
            "symbol": "BTC-USD",
            "requested_url": "http://127.0.0.1:8081/index.php?market_type=crypto&symbol=BTC-USD&buy_multiplier=0.90&sell_multiplier=0.80&trust_percent=90.00&break_buy=0.50&break_gain=0.50&break_loss=0.50&run_analysis=1&live=1",
            "ok": true,
            "status": 200,
            "has_price_payload": true,
            "symbol_probe": null,
            "removed_from_list": false,
            "remove_reason": "",
            "checked_at": "2026-07-28T07:26:04Z"
        },
        {
            "market_type": "crypto",
            "symbol": "ETH-USD",
            "requested_url": "http://127.0.0.1:8081/index.php?market_type=crypto&symbol=ETH-USD&buy_multiplier=0.50&sell_multiplier=0.40&trust_percent=50.00&break_buy=0.50&break_gain=0.50&break_loss=0.50&run_analysis=1&live=1",
            "ok": true,
            "status": 200,
            "has_price_payload": true,
            "symbol_probe": null,
            "removed_from_list": false,
            "remove_reason": "",
            "checked_at": "2026-07-28T07:26:06Z"
        }
    ]
}
[2026-07-28T03:26:06-04:00] php runner end

[2026-07-28T03:31:07-04:00] php runner start
{
    "ran_at": "2026-07-28T07:31:03Z",
    "target_count": 2,
    "target_batch_limit": 2,
    "target_batch_offset": 0,
    "target_batch_next_offset": 0,
    "target_total_available": 2,
    "results": [
        {
            "market_type": "crypto",
            "symbol": "BTC-USD",
            "requested_url": "http://127.0.0.1:8081/index.php?market_type=crypto&symbol=BTC-USD&buy_multiplier=0.90&sell_multiplier=0.80&trust_percent=90.00&break_buy=0.50&break_gain=0.50&break_loss=0.50&run_analysis=1&live=1",
            "ok": true,
            "status": 200,
            "has_price_payload": true,
            "symbol_probe": null,
            "removed_from_list": false,
            "remove_reason": "",
            "checked_at": "2026-07-28T07:31:05Z"
        },
        {
            "market_type": "crypto",
            "symbol": "ETH-USD",
            "requested_url": "http://127.0.0.1:8081/index.php?market_type=crypto&symbol=ETH-USD&buy_multiplier=0.50&sell_multiplier=0.40&trust_percent=50.00&break_buy=0.50&break_gain=0.50&break_loss=0.50&run_analysis=1&live=1",
            "ok": true,
            "status": 200,
            "has_price_payload": true,
            "symbol_probe": null,
            "removed_from_list": false,
            "remove_reason": "",
            "checked_at": "2026-07-28T07:31:07Z"
        }
    ]
}
[2026-07-28T03:31:07-04:00] php runner end

[2026-07-28T03:36:07-04:00] php runner start
{
    "ran_at": "2026-07-28T07:36:03Z",
    "target_count": 2,
    "target_batch_limit": 2,
    "target_batch_offset": 0,
    "target_batch_next_offset": 0,
    "target_total_available": 2,
    "results": [
        {
            "market_type": "crypto",
            "symbol": "BTC-USD",
            "requested_url": "http://127.0.0.1:8081/index.php?market_type=crypto&symbol=BTC-USD&buy_multiplier=0.90&sell_multiplier=0.80&trust_percent=90.00&break_buy=0.50&break_gain=0.50&break_loss=0.50&run_analysis=1&live=1",
            "ok": true,
            "status": 200,
            "has_price_payload": true,
            "symbol_probe": null,
            "removed_from_list": false,
            "remove_reason": "",
            "checked_at": "2026-07-28T07:36:06Z"
        },
        {
            "market_type": "crypto",
            "symbol": "ETH-USD",
            "requested_url": "http://127.0.0.1:8081/index.php?market_type=crypto&symbol=ETH-USD&buy_multiplier=0.50&sell_multiplier=0.40&trust_percent=50.00&break_buy=0.50&break_gain=0.50&break_loss=0.50&run_analysis=1&live=1",
            "ok": true,
            "status": 200,
            "has_price_payload": true,
            "symbol_probe": null,
            "removed_from_list": false,
            "remove_reason": "",
            "checked_at": "2026-07-28T07:36:06Z"
        }
    ]
}
[2026-07-28T03:36:07-04:00] php runner end

[2026-07-28T03:41:04-04:00] php runner start
{
    "ran_at": "2026-07-28T07:41:02Z",
    "target_count": 2,
    "target_batch_limit": 2,
    "target_batch_offset": 0,
    "target_batch_next_offset": 0,
    "target_total_available": 2,
    "results": [
        {
            "market_type": "crypto",
            "symbol": "BTC-USD",
            "requested_url": "http://127.0.0.1:8081/index.php?market_type=crypto&symbol=BTC-USD&buy_multiplier=0.90&sell_multiplier=0.80&trust_percent=90.00&break_buy=0.50&break_gain=0.50&break_loss=0.50&run_analysis=1&live=1",
            "ok": true,
            "status": 200,
            "has_price_payload": true,
            "symbol_probe": null,
            "removed_from_list": false,
            "remove_reason": "",
            "checked_at": "2026-07-28T07:41:03Z"
        },
        {
            "market_type": "crypto",
            "symbol": "ETH-USD",
            "requested_url": "http://127.0.0.1:8081/index.php?market_type=crypto&symbol=ETH-USD&buy_multiplier=0.50&sell_multiplier=0.40&trust_percent=50.00&break_buy=0.50&break_gain=0.50&break_loss=0.50&run_analysis=1&live=1",
            "ok": true,
            "status": 200,
            "has_price_payload": true,
            "symbol_probe": null,
            "removed_from_list": false,
            "remove_reason": "",
            "checked_at": "2026-07-28T07:41:04Z"
        }
    ]
}
[2026-07-28T03:41:04-04:00] php runner end

[2026-07-28T03:46:05-04:00] php runner start
{
    "ran_at": "2026-07-28T07:46:02Z",
    "target_count": 2,
    "target_batch_limit": 2,
    "target_batch_offset": 0,
    "target_batch_next_offset": 0,
    "target_total_available": 2,
    "results": [
        {
            "market_type": "crypto",
            "symbol": "BTC-USD",
            "requested_url": "http://127.0.0.1:8081/index.php?market_type=crypto&symbol=BTC-USD&buy_multiplier=0.90&sell_multiplier=0.80&trust_percent=90.00&break_buy=0.50&break_gain=0.50&break_loss=0.50&run_analysis=1&live=1",
            "ok": true,
            "status": 200,
            "has_price_payload": true,
            "symbol_probe": null,
            "removed_from_list": false,
            "remove_reason": "",
            "checked_at": "2026-07-28T07:46:03Z"
        },
        {
            "market_type": "crypto",
            "symbol": "ETH-USD",
            "requested_url": "http://127.0.0.1:8081/index.php?market_type=crypto&symbol=ETH-USD&buy_multiplier=0.50&sell_multiplier=0.40&trust_percent=50.00&break_buy=0.50&break_gain=0.50&break_loss=0.50&run_analysis=1&live=1",
            "ok": true,
            "status": 200,
            "has_price_payload": true,
            "symbol_probe": null,
            "removed_from_list": false,
            "remove_reason": "",
            "checked_at": "2026-07-28T07:46:05Z"
        }
    ]
}
[2026-07-28T03:46:05-04:00] php runner end

[2026-07-28T03:51:05-04:00] php runner start
{
    "ran_at": "2026-07-28T07:51:02Z",
    "target_count": 2,
    "target_batch_limit": 2,
    "target_batch_offset": 0,
    "target_batch_next_offset": 0,
    "target_total_available": 2,
    "results": [
        {
            "market_type": "crypto",
            "symbol": "BTC-USD",
            "requested_url": "http://127.0.0.1:8081/index.php?market_type=crypto&symbol=BTC-USD&buy_multiplier=0.90&sell_multiplier=0.80&trust_percent=90.00&break_buy=0.50&break_gain=0.50&break_loss=0.50&run_analysis=1&live=1",
            "ok": true,
            "status": 200,
            "has_price_payload": true,
            "symbol_probe": null,
            "removed_from_list": false,
            "remove_reason": "",
            "checked_at": "2026-07-28T07:51:03Z"
        },
        {
            "market_type": "crypto",
            "symbol": "ETH-USD",
            "requested_url": "http://127.0.0.1:8081/index.php?market_type=crypto&symbol=ETH-USD&buy_multiplier=0.50&sell_multiplier=0.40&trust_percent=50.00&break_buy=0.50&break_gain=0.50&break_loss=0.50&run_analysis=1&live=1",
            "ok": true,
            "status": 200,
            "has_price_payload": true,
            "symbol_probe": null,
            "removed_from_list": false,
            "remove_reason": "",
            "checked_at": "2026-07-28T07:51:05Z"
        }
    ]
}
[2026-07-28T03:51:05-04:00] php runner end

[2026-07-28T03:56:06-04:00] php runner start
{
    "ran_at": "2026-07-28T07:56:02Z",
    "target_count": 2,
    "target_batch_limit": 2,
    "target_batch_offset": 0,
    "target_batch_next_offset": 0,
    "target_total_available": 2,
    "results": [
        {
            "market_type": "crypto",
            "symbol": "BTC-USD",
            "requested_url": "http://127.0.0.1:8081/index.php?market_type=crypto&symbol=BTC-USD&buy_multiplier=0.90&sell_multiplier=0.80&trust_percent=90.00&break_buy=0.50&break_gain=0.50&break_loss=0.50&run_analysis=1&live=1",
            "ok": true,
            "status": 200,
            "has_price_payload": true,
            "symbol_probe": null,
            "removed_from_list": false,
            "remove_reason": "",
            "checked_at": "2026-07-28T07:56:04Z"
        },
        {
            "market_type": "crypto",
            "symbol": "ETH-USD",
            "requested_url": "http://127.0.0.1:8081/index.php?market_type=crypto&symbol=ETH-USD&buy_multiplier=0.50&sell_multiplier=0.40&trust_percent=50.00&break_buy=0.50&break_gain=0.50&break_loss=0.50&run_analysis=1&live=1",
            "ok": true,
            "status": 200,
            "has_price_payload": true,
            "symbol_probe": null,
            "removed_from_list": false,
            "remove_reason": "",
            "checked_at": "2026-07-28T07:56:06Z"
        }
    ]
}
[2026-07-28T03:56:06-04:00] php runner end

[2026-07-28T04:01:06-04:00] php runner start
{
    "ran_at": "2026-07-28T08:01:02Z",
    "target_count": 2,
    "target_batch_limit": 2,
    "target_batch_offset": 0,
    "target_batch_next_offset": 0,
    "target_total_available": 2,
    "results": [
        {
            "market_type": "crypto",
            "symbol": "BTC-USD",
            "requested_url": "http://127.0.0.1:8081/index.php?market_type=crypto&symbol=BTC-USD&buy_multiplier=0.90&sell_multiplier=0.80&trust_percent=90.00&break_buy=0.50&break_gain=0.50&break_loss=0.50&run_analysis=1&live=1",
            "ok": true,
            "status": 200,
            "has_price_payload": true,
            "symbol_probe": null,
            "removed_from_list": false,
            "remove_reason": "",
            "checked_at": "2026-07-28T08:01:05Z"
        },
        {
            "market_type": "crypto",
            "symbol": "ETH-USD",
            "requested_url": "http://127.0.0.1:8081/index.php?market_type=crypto&symbol=ETH-USD&buy_multiplier=0.50&sell_multiplier=0.40&trust_percent=50.00&break_buy=0.50&break_gain=0.50&break_loss=0.50&run_analysis=1&live=1",
            "ok": true,
            "status": 200,
            "has_price_payload": true,
            "symbol_probe": null,
            "removed_from_list": false,
            "remove_reason": "",
            "checked_at": "2026-07-28T08:01:06Z"
        }
    ]
}
[2026-07-28T04:01:06-04:00] php runner end

[2026-07-28T04:06:05-04:00] php runner start
{
    "ran_at": "2026-07-28T08:06:02Z",
    "target_count": 2,
    "target_batch_limit": 2,
    "target_batch_offset": 0,
    "target_batch_next_offset": 0,
    "target_total_available": 2,
    "results": [
        {
            "market_type": "crypto",
            "symbol": "BTC-USD",
            "requested_url": "http://127.0.0.1:8081/index.php?market_type=crypto&symbol=BTC-USD&buy_multiplier=0.90&sell_multiplier=0.80&trust_percent=90.00&break_buy=0.50&break_gain=0.50&break_loss=0.50&run_analysis=1&live=1",
            "ok": true,
            "status": 200,
            "has_price_payload": true,
            "symbol_probe": null,
            "removed_from_list": false,
            "remove_reason": "",
            "checked_at": "2026-07-28T08:06:04Z"
        },
        {
            "market_type": "crypto",
            "symbol": "ETH-USD",
            "requested_url": "http://127.0.0.1:8081/index.php?market_type=crypto&symbol=ETH-USD&buy_multiplier=0.50&sell_multiplier=0.40&trust_percent=50.00&break_buy=0.50&break_gain=0.50&break_loss=0.50&run_analysis=1&live=1",
            "ok": true,
            "status": 200,
            "has_price_payload": true,
            "symbol_probe": null,
            "removed_from_list": false,
            "remove_reason": "",
            "checked_at": "2026-07-28T08:06:05Z"
        }
    ]
}
[2026-07-28T04:06:05-04:00] php runner end

[2026-07-28T04:11:04-04:00] php runner start
{
    "ran_at": "2026-07-28T08:11:02Z",
    "target_count": 2,
    "target_batch_limit": 2,
    "target_batch_offset": 0,
    "target_batch_next_offset": 0,
    "target_total_available": 2,
    "results": [
        {
            "market_type": "crypto",
            "symbol": "BTC-USD",
            "requested_url": "http://127.0.0.1:8081/index.php?market_type=crypto&symbol=BTC-USD&buy_multiplier=0.90&sell_multiplier=0.80&trust_percent=90.00&break_buy=0.50&break_gain=0.50&break_loss=0.50&run_analysis=1&live=1",
            "ok": true,
            "status": 200,
            "has_price_payload": true,
            "symbol_probe": null,
            "removed_from_list": false,
            "remove_reason": "",
            "checked_at": "2026-07-28T08:11:03Z"
        },
        {
            "market_type": "crypto",
            "symbol": "ETH-USD",
            "requested_url": "http://127.0.0.1:8081/index.php?market_type=crypto&symbol=ETH-USD&buy_multiplier=0.50&sell_multiplier=0.40&trust_percent=50.00&break_buy=0.50&break_gain=0.50&break_loss=0.50&run_analysis=1&live=1",
            "ok": true,
            "status": 200,
            "has_price_payload": true,
            "symbol_probe": null,
            "removed_from_list": false,
            "remove_reason": "",
            "checked_at": "2026-07-28T08:11:04Z"
        }
    ]
}
[2026-07-28T04:11:04-04:00] php runner end

[2026-07-28T04:16:04-04:00] php runner start
{
    "ran_at": "2026-07-28T08:16:02Z",
    "target_count": 2,
    "target_batch_limit": 2,
    "target_batch_offset": 0,
    "target_batch_next_offset": 0,
    "target_total_available": 2,
    "results": [
        {
            "market_type": "crypto",
            "symbol": "BTC-USD",
            "requested_url": "http://127.0.0.1:8081/index.php?market_type=crypto&symbol=BTC-USD&buy_multiplier=0.90&sell_multiplier=0.80&trust_percent=90.00&break_buy=0.50&break_gain=0.50&break_loss=0.50&run_analysis=1&live=1",
            "ok": true,
            "status": 200,
            "has_price_payload": true,
            "symbol_probe": null,
            "removed_from_list": false,
            "remove_reason": "",
            "checked_at": "2026-07-28T08:16:03Z"
        },
        {
            "market_type": "crypto",
            "symbol": "ETH-USD",
            "requested_url": "http://127.0.0.1:8081/index.php?market_type=crypto&symbol=ETH-USD&buy_multiplier=0.50&sell_multiplier=0.40&trust_percent=50.00&break_buy=0.50&break_gain=0.50&break_loss=0.50&run_analysis=1&live=1",
            "ok": true,
            "status": 200,
            "has_price_payload": true,
            "symbol_probe": null,
            "removed_from_list": false,
            "remove_reason": "",
            "checked_at": "2026-07-28T08:16:04Z"
        }
    ]
}
[2026-07-28T04:16:04-04:00] php runner end

[2026-07-28T04:21:04-04:00] php runner start
{
    "ran_at": "2026-07-28T08:21:02Z",
    "target_count": 2,
    "target_batch_limit": 2,
    "target_batch_offset": 0,
    "target_batch_next_offset": 0,
    "target_total_available": 2,
    "results": [
        {
            "market_type": "crypto",
            "symbol": "BTC-USD",
            "requested_url": "http://127.0.0.1:8081/index.php?market_type=crypto&symbol=BTC-USD&buy_multiplier=0.90&sell_multiplier=0.80&trust_percent=90.00&break_buy=0.50&break_gain=0.50&break_loss=0.50&run_analysis=1&live=1",
            "ok": true,
            "status": 200,
            "has_price_payload": true,
            "symbol_probe": null,
            "removed_from_list": false,
            "remove_reason": "",
            "checked_at": "2026-07-28T08:21:03Z"
        },
        {
            "market_type": "crypto",
            "symbol": "ETH-USD",
            "requested_url": "http://127.0.0.1:8081/index.php?market_type=crypto&symbol=ETH-USD&buy_multiplier=0.50&sell_multiplier=0.40&trust_percent=50.00&break_buy=0.50&break_gain=0.50&break_loss=0.50&run_analysis=1&live=1",
            "ok": true,
            "status": 200,
            "has_price_payload": true,
            "symbol_probe": null,
            "removed_from_list": false,
            "remove_reason": "",
            "checked_at": "2026-07-28T08:21:04Z"
        }
    ]
}
[2026-07-28T04:21:04-04:00] php runner end

[2026-07-28T04:26:04-04:00] php runner start
{
    "ran_at": "2026-07-28T08:26:02Z",
    "target_count": 2,
    "target_batch_limit": 2,
    "target_batch_offset": 0,
    "target_batch_next_offset": 0,
    "target_total_available": 2,
    "results": [
        {
            "market_type": "crypto",
            "symbol": "BTC-USD",
            "requested_url": "http://127.0.0.1:8081/index.php?market_type=crypto&symbol=BTC-USD&buy_multiplier=0.90&sell_multiplier=0.80&trust_percent=90.00&break_buy=0.50&break_gain=0.50&break_loss=0.50&run_analysis=1&live=1",
            "ok": true,
            "status": 200,
            "has_price_payload": true,
            "symbol_probe": null,
            "removed_from_list": false,
            "remove_reason": "",
            "checked_at": "2026-07-28T08:26:03Z"
        },
        {
            "market_type": "crypto",
            "symbol": "ETH-USD",
            "requested_url": "http://127.0.0.1:8081/index.php?market_type=crypto&symbol=ETH-USD&buy_multiplier=0.50&sell_multiplier=0.40&trust_percent=50.00&break_buy=0.50&break_gain=0.50&break_loss=0.50&run_analysis=1&live=1",
            "ok": true,
            "status": 200,
            "has_price_payload": true,
            "symbol_probe": null,
            "removed_from_list": false,
            "remove_reason": "",
            "checked_at": "2026-07-28T08:26:04Z"
        }
    ]
}
[2026-07-28T04:26:04-04:00] php runner end

[2026-07-28T04:31:06-04:00] php runner start
{
    "ran_at": "2026-07-28T08:31:02Z",
    "target_count": 2,
    "target_batch_limit": 2,
    "target_batch_offset": 0,
    "target_batch_next_offset": 0,
    "target_total_available": 2,
    "results": [
        {
            "market_type": "crypto",
            "symbol": "BTC-USD",
            "requested_url": "http://127.0.0.1:8081/index.php?market_type=crypto&symbol=BTC-USD&buy_multiplier=0.90&sell_multiplier=0.80&trust_percent=90.00&break_buy=0.50&break_gain=0.50&break_loss=0.50&run_analysis=1&live=1",
            "ok": true,
            "status": 200,
            "has_price_payload": true,
            "symbol_probe": null,
            "removed_from_list": false,
            "remove_reason": "",
            "checked_at": "2026-07-28T08:31:05Z"
        },
        {
            "market_type": "crypto",
            "symbol": "ETH-USD",
            "requested_url": "http://127.0.0.1:8081/index.php?market_type=crypto&symbol=ETH-USD&buy_multiplier=0.50&sell_multiplier=0.40&trust_percent=50.00&break_buy=0.50&break_gain=0.50&break_loss=0.50&run_analysis=1&live=1",
            "ok": true,
            "status": 200,
            "has_price_payload": true,
            "symbol_probe": null,
            "removed_from_list": false,
            "remove_reason": "",
            "checked_at": "2026-07-28T08:31:06Z"
        }
    ]
}
[2026-07-28T04:31:06-04:00] php runner end

[2026-07-28T04:36:04-04:00] php runner start
{
    "ran_at": "2026-07-28T08:36:02Z",
    "target_count": 2,
    "target_batch_limit": 2,
    "target_batch_offset": 0,
    "target_batch_next_offset": 0,
    "target_total_available": 2,
    "results": [
        {
            "market_type": "crypto",
            "symbol": "BTC-USD",
            "requested_url": "http://127.0.0.1:8081/index.php?market_type=crypto&symbol=BTC-USD&buy_multiplier=0.90&sell_multiplier=0.80&trust_percent=90.00&break_buy=0.50&break_gain=0.50&break_loss=0.50&run_analysis=1&live=1",
            "ok": true,
            "status": 200,
            "has_price_payload": true,
            "symbol_probe": null,
            "removed_from_list": false,
            "remove_reason": "",
            "checked_at": "2026-07-28T08:36:03Z"
        },
        {
            "market_type": "crypto",
            "symbol": "ETH-USD",
            "requested_url": "http://127.0.0.1:8081/index.php?market_type=crypto&symbol=ETH-USD&buy_multiplier=0.50&sell_multiplier=0.40&trust_percent=50.00&break_buy=0.50&break_gain=0.50&break_loss=0.50&run_analysis=1&live=1",
            "ok": true,
            "status": 200,
            "has_price_payload": true,
            "symbol_probe": null,
            "removed_from_list": false,
            "remove_reason": "",
            "checked_at": "2026-07-28T08:36:04Z"
        }
    ]
}
[2026-07-28T04:36:04-04:00] php runner end

[2026-07-28T04:41:07-04:00] php runner start
{
    "ran_at": "2026-07-28T08:41:02Z",
    "target_count": 2,
    "target_batch_limit": 2,
    "target_batch_offset": 0,
    "target_batch_next_offset": 0,
    "target_total_available": 2,
    "results": [
        {
            "market_type": "crypto",
            "symbol": "BTC-USD",
            "requested_url": "http://127.0.0.1:8081/index.php?market_type=crypto&symbol=BTC-USD&buy_multiplier=0.90&sell_multiplier=0.80&trust_percent=90.00&break_buy=0.50&break_gain=0.50&break_loss=0.50&run_analysis=1&live=1",
            "ok": true,
            "status": 200,
            "has_price_payload": true,
            "symbol_probe": null,
            "removed_from_list": false,
            "remove_reason": "",
            "checked_at": "2026-07-28T08:41:06Z"
        },
        {
            "market_type": "crypto",
            "symbol": "ETH-USD",
            "requested_url": "http://127.0.0.1:8081/index.php?market_type=crypto&symbol=ETH-USD&buy_multiplier=0.50&sell_multiplier=0.40&trust_percent=50.00&break_buy=0.50&break_gain=0.50&break_loss=0.50&run_analysis=1&live=1",
            "ok": true,
            "status": 200,
            "has_price_payload": true,
            "symbol_probe": null,
            "removed_from_list": false,
            "remove_reason": "",
            "checked_at": "2026-07-28T08:41:06Z"
        }
    ]
}
[2026-07-28T04:41:07-04:00] php runner end

[2026-07-28T04:46:10-04:00] php runner start
{
    "ran_at": "2026-07-28T08:46:02Z",
    "target_count": 2,
    "target_batch_limit": 2,
    "target_batch_offset": 0,
    "target_batch_next_offset": 0,
    "target_total_available": 2,
    "results": [
        {
            "market_type": "crypto",
            "symbol": "BTC-USD",
            "requested_url": "http://127.0.0.1:8081/index.php?market_type=crypto&symbol=BTC-USD&buy_multiplier=0.90&sell_multiplier=0.80&trust_percent=90.00&break_buy=0.50&break_gain=0.50&break_loss=0.50&run_analysis=1&live=1",
            "ok": true,
            "status": 200,
            "has_price_payload": true,
            "symbol_probe": null,
            "removed_from_list": false,
            "remove_reason": "",
            "checked_at": "2026-07-28T08:46:04Z"
        },
        {
            "market_type": "crypto",
            "symbol": "ETH-USD",
            "requested_url": "http://127.0.0.1:8081/index.php?market_type=crypto&symbol=ETH-USD&buy_multiplier=0.50&sell_multiplier=0.40&trust_percent=50.00&break_buy=0.50&break_gain=0.50&break_loss=0.50&run_analysis=1&live=1",
            "ok": true,
            "status": 200,
            "has_price_payload": true,
            "symbol_probe": null,
            "removed_from_list": false,
            "remove_reason": "",
            "checked_at": "2026-07-28T08:46:10Z"
        }
    ]
}
[2026-07-28T04:46:10-04:00] php runner end

[2026-07-28T04:51:04-04:00] php runner start
{
    "ran_at": "2026-07-28T08:51:02Z",
    "target_count": 2,
    "target_batch_limit": 2,
    "target_batch_offset": 0,
    "target_batch_next_offset": 0,
    "target_total_available": 2,
    "results": [
        {
            "market_type": "crypto",
            "symbol": "BTC-USD",
            "requested_url": "http://127.0.0.1:8081/index.php?market_type=crypto&symbol=BTC-USD&buy_multiplier=0.90&sell_multiplier=0.80&trust_percent=90.00&break_buy=0.50&break_gain=0.50&break_loss=0.50&run_analysis=1&live=1",
            "ok": true,
            "status": 200,
            "has_price_payload": true,
            "symbol_probe": null,
            "removed_from_list": false,
            "remove_reason": "",
            "checked_at": "2026-07-28T08:51:03Z"
        },
        {
            "market_type": "crypto",
            "symbol": "ETH-USD",
            "requested_url": "http://127.0.0.1:8081/index.php?market_type=crypto&symbol=ETH-USD&buy_multiplier=0.50&sell_multiplier=0.40&trust_percent=50.00&break_buy=0.50&break_gain=0.50&break_loss=0.50&run_analysis=1&live=1",
            "ok": true,
            "status": 200,
            "has_price_payload": true,
            "symbol_probe": null,
            "removed_from_list": false,
            "remove_reason": "",
            "checked_at": "2026-07-28T08:51:04Z"
        }
    ]
}
[2026-07-28T04:51:04-04:00] php runner end

[2026-07-28T04:56:04-04:00] php runner start
{
    "ran_at": "2026-07-28T08:56:02Z",
    "target_count": 2,
    "target_batch_limit": 2,
    "target_batch_offset": 0,
    "target_batch_next_offset": 0,
    "target_total_available": 2,
    "results": [
        {
            "market_type": "crypto",
            "symbol": "BTC-USD",
            "requested_url": "http://127.0.0.1:8081/index.php?market_type=crypto&symbol=BTC-USD&buy_multiplier=0.90&sell_multiplier=0.80&trust_percent=90.00&break_buy=0.50&break_gain=0.50&break_loss=0.50&run_analysis=1&live=1",
            "ok": true,
            "status": 200,
            "has_price_payload": true,
            "symbol_probe": null,
            "removed_from_list": false,
            "remove_reason": "",
            "checked_at": "2026-07-28T08:56:03Z"
        },
        {
            "market_type": "crypto",
            "symbol": "ETH-USD",
            "requested_url": "http://127.0.0.1:8081/index.php?market_type=crypto&symbol=ETH-USD&buy_multiplier=0.50&sell_multiplier=0.40&trust_percent=50.00&break_buy=0.50&break_gain=0.50&break_loss=0.50&run_analysis=1&live=1",
            "ok": true,
            "status": 200,
            "has_price_payload": true,
            "symbol_probe": null,
            "removed_from_list": false,
            "remove_reason": "",
            "checked_at": "2026-07-28T08:56:04Z"
        }
    ]
}
[2026-07-28T04:56:04-04:00] php runner end

[2026-07-28T05:01:05-04:00] php runner start
{
    "ran_at": "2026-07-28T09:01:02Z",
    "target_count": 2,
    "target_batch_limit": 2,
    "target_batch_offset": 0,
    "target_batch_next_offset": 0,
    "target_total_available": 2,
    "results": [
        {
            "market_type": "crypto",
            "symbol": "BTC-USD",
            "requested_url": "http://127.0.0.1:8081/index.php?market_type=crypto&symbol=BTC-USD&buy_multiplier=0.90&sell_multiplier=0.80&trust_percent=90.00&break_buy=0.50&break_gain=0.50&break_loss=0.50&run_analysis=1&live=1",
            "ok": true,
            "status": 200,
            "has_price_payload": true,
            "symbol_probe": null,
            "removed_from_list": false,
            "remove_reason": "",
            "checked_at": "2026-07-28T09:01:03Z"
        },
        {
            "market_type": "crypto",
            "symbol": "ETH-USD",
            "requested_url": "http://127.0.0.1:8081/index.php?market_type=crypto&symbol=ETH-USD&buy_multiplier=0.50&sell_multiplier=0.40&trust_percent=50.00&break_buy=0.50&break_gain=0.50&break_loss=0.50&run_analysis=1&live=1",
            "ok": true,
            "status": 200,
            "has_price_payload": true,
            "symbol_probe": null,
            "removed_from_list": false,
            "remove_reason": "",
            "checked_at": "2026-07-28T09:01:05Z"
        }
    ]
}
[2026-07-28T05:01:05-04:00] php runner end

[2026-07-28T05:06:06-04:00] php runner start
{
    "ran_at": "2026-07-28T09:06:02Z",
    "target_count": 2,
    "target_batch_limit": 2,
    "target_batch_offset": 0,
    "target_batch_next_offset": 0,
    "target_total_available": 2,
    "results": [
        {
            "market_type": "crypto",
            "symbol": "BTC-USD",
            "requested_url": "http://127.0.0.1:8081/index.php?market_type=crypto&symbol=BTC-USD&buy_multiplier=0.90&sell_multiplier=0.80&trust_percent=90.00&break_buy=0.50&break_gain=0.50&break_loss=0.50&run_analysis=1&live=1",
            "ok": true,
            "status": 200,
            "has_price_payload": true,
            "symbol_probe": null,
            "removed_from_list": false,
            "remove_reason": "",
            "checked_at": "2026-07-28T09:06:03Z"
        },
        {
            "market_type": "crypto",
            "symbol": "ETH-USD",
            "requested_url": "http://127.0.0.1:8081/index.php?market_type=crypto&symbol=ETH-USD&buy_multiplier=0.50&sell_multiplier=0.40&trust_percent=50.00&break_buy=0.50&break_gain=0.50&break_loss=0.50&run_analysis=1&live=1",
            "ok": true,
            "status": 200,
            "has_price_payload": true,
            "symbol_probe": null,
            "removed_from_list": false,
            "remove_reason": "",
            "checked_at": "2026-07-28T09:06:06Z"
        }
    ]
}
[2026-07-28T05:06:06-04:00] php runner end

[2026-07-28T05:11:06-04:00] php runner start
{
    "ran_at": "2026-07-28T09:11:02Z",
    "target_count": 2,
    "target_batch_limit": 2,
    "target_batch_offset": 0,
    "target_batch_next_offset": 0,
    "target_total_available": 2,
    "results": [
        {
            "market_type": "crypto",
            "symbol": "BTC-USD",
            "requested_url": "http://127.0.0.1:8081/index.php?market_type=crypto&symbol=BTC-USD&buy_multiplier=0.90&sell_multiplier=0.80&trust_percent=90.00&break_buy=0.50&break_gain=0.50&break_loss=0.50&run_analysis=1&live=1",
            "ok": true,
            "status": 200,
            "has_price_payload": true,
            "symbol_probe": null,
            "removed_from_list": false,
            "remove_reason": "",
            "checked_at": "2026-07-28T09:11:05Z"
        },
        {
            "market_type": "crypto",
            "symbol": "ETH-USD",
            "requested_url": "http://127.0.0.1:8081/index.php?market_type=crypto&symbol=ETH-USD&buy_multiplier=0.50&sell_multiplier=0.40&trust_percent=50.00&break_buy=0.50&break_gain=0.50&break_loss=0.50&run_analysis=1&live=1",
            "ok": true,
            "status": 200,
            "has_price_payload": true,
            "symbol_probe": null,
            "removed_from_list": false,
            "remove_reason": "",
            "checked_at": "2026-07-28T09:11:06Z"
        }
    ]
}
[2026-07-28T05:11:06-04:00] php runner end

[2026-07-28T05:16:04-04:00] php runner start
{
    "ran_at": "2026-07-28T09:16:02Z",
    "target_count": 2,
    "target_batch_limit": 2,
    "target_batch_offset": 0,
    "target_batch_next_offset": 0,
    "target_total_available": 2,
    "results": [
        {
            "market_type": "crypto",
            "symbol": "BTC-USD",
            "requested_url": "http://127.0.0.1:8081/index.php?market_type=crypto&symbol=BTC-USD&buy_multiplier=0.90&sell_multiplier=0.80&trust_percent=90.00&break_buy=0.50&break_gain=0.50&break_loss=0.50&run_analysis=1&live=1",
            "ok": true,
            "status": 200,
            "has_price_payload": true,
            "symbol_probe": null,
            "removed_from_list": false,
            "remove_reason": "",
            "checked_at": "2026-07-28T09:16:03Z"
        },
        {
            "market_type": "crypto",
            "symbol": "ETH-USD",
            "requested_url": "http://127.0.0.1:8081/index.php?market_type=crypto&symbol=ETH-USD&buy_multiplier=0.50&sell_multiplier=0.40&trust_percent=50.00&break_buy=0.50&break_gain=0.50&break_loss=0.50&run_analysis=1&live=1",
            "ok": true,
            "status": 200,
            "has_price_payload": true,
            "symbol_probe": null,
            "removed_from_list": false,
            "remove_reason": "",
            "checked_at": "2026-07-28T09:16:04Z"
        }
    ]
}
[2026-07-28T05:16:04-04:00] php runner end

[2026-07-28T05:21:05-04:00] php runner start
{
    "ran_at": "2026-07-28T09:21:02Z",
    "target_count": 2,
    "target_batch_limit": 2,
    "target_batch_offset": 0,
    "target_batch_next_offset": 0,
    "target_total_available": 2,
    "results": [
        {
            "market_type": "crypto",
            "symbol": "BTC-USD",
            "requested_url": "http://127.0.0.1:8081/index.php?market_type=crypto&symbol=BTC-USD&buy_multiplier=0.90&sell_multiplier=0.80&trust_percent=90.00&break_buy=0.50&break_gain=0.50&break_loss=0.50&run_analysis=1&live=1",
            "ok": true,
            "status": 200,
            "has_price_payload": true,
            "symbol_probe": null,
            "removed_from_list": false,
            "remove_reason": "",
            "checked_at": "2026-07-28T09:21:03Z"
        },
        {
            "market_type": "crypto",
            "symbol": "ETH-USD",
            "requested_url": "http://127.0.0.1:8081/index.php?market_type=crypto&symbol=ETH-USD&buy_multiplier=0.50&sell_multiplier=0.40&trust_percent=50.00&break_buy=0.50&break_gain=0.50&break_loss=0.50&run_analysis=1&live=1",
            "ok": true,
            "status": 200,
            "has_price_payload": true,
            "symbol_probe": null,
            "removed_from_list": false,
            "remove_reason": "",
            "checked_at": "2026-07-28T09:21:05Z"
        }
    ]
}
[2026-07-28T05:21:05-04:00] php runner end

[2026-07-28T05:26:05-04:00] php runner start
{
    "ran_at": "2026-07-28T09:26:02Z",
    "target_count": 2,
    "target_batch_limit": 2,
    "target_batch_offset": 0,
    "target_batch_next_offset": 0,
    "target_total_available": 2,
    "results": [
        {
            "market_type": "crypto",
            "symbol": "BTC-USD",
            "requested_url": "http://127.0.0.1:8081/index.php?market_type=crypto&symbol=BTC-USD&buy_multiplier=0.90&sell_multiplier=0.80&trust_percent=90.00&break_buy=0.50&break_gain=0.50&break_loss=0.50&run_analysis=1&live=1",
            "ok": true,
            "status": 200,
            "has_price_payload": true,
            "symbol_probe": null,
            "removed_from_list": false,
            "remove_reason": "",
            "checked_at": "2026-07-28T09:26:03Z"
        },
        {
            "market_type": "crypto",
            "symbol": "ETH-USD",
            "requested_url": "http://127.0.0.1:8081/index.php?market_type=crypto&symbol=ETH-USD&buy_multiplier=0.50&sell_multiplier=0.40&trust_percent=50.00&break_buy=0.50&break_gain=0.50&break_loss=0.50&run_analysis=1&live=1",
            "ok": true,
            "status": 200,
            "has_price_payload": true,
            "symbol_probe": null,
            "removed_from_list": false,
            "remove_reason": "",
            "checked_at": "2026-07-28T09:26:05Z"
        }
    ]
}
[2026-07-28T05:26:05-04:00] php runner end

[2026-07-28T05:31:05-04:00] php runner start
{
    "ran_at": "2026-07-28T09:31:02Z",
    "target_count": 2,
    "target_batch_limit": 2,
    "target_batch_offset": 0,
    "target_batch_next_offset": 0,
    "target_total_available": 2,
    "results": [
        {
            "market_type": "crypto",
            "symbol": "BTC-USD",
            "requested_url": "http://127.0.0.1:8081/index.php?market_type=crypto&symbol=BTC-USD&buy_multiplier=0.90&sell_multiplier=0.80&trust_percent=90.00&break_buy=0.50&break_gain=0.50&break_loss=0.50&run_analysis=1&live=1",
            "ok": true,
            "status": 200,
            "has_price_payload": true,
            "symbol_probe": null,
            "removed_from_list": false,
            "remove_reason": "",
            "checked_at": "2026-07-28T09:31:03Z"
        },
        {
            "market_type": "crypto",
            "symbol": "ETH-USD",
            "requested_url": "http://127.0.0.1:8081/index.php?market_type=crypto&symbol=ETH-USD&buy_multiplier=0.50&sell_multiplier=0.40&trust_percent=50.00&break_buy=0.50&break_gain=0.50&break_loss=0.50&run_analysis=1&live=1",
            "ok": true,
            "status": 200,
            "has_price_payload": true,
            "symbol_probe": null,
            "removed_from_list": false,
            "remove_reason": "",
            "checked_at": "2026-07-28T09:31:05Z"
        }
    ]
}
[2026-07-28T05:31:05-04:00] php runner end

[2026-07-28T05:36:05-04:00] php runner start
{
    "ran_at": "2026-07-28T09:36:02Z",
    "target_count": 2,
    "target_batch_limit": 2,
    "target_batch_offset": 0,
    "target_batch_next_offset": 0,
    "target_total_available": 2,
    "results": [
        {
            "market_type": "crypto",
            "symbol": "BTC-USD",
            "requested_url": "http://127.0.0.1:8081/index.php?market_type=crypto&symbol=BTC-USD&buy_multiplier=0.90&sell_multiplier=0.80&trust_percent=90.00&break_buy=0.50&break_gain=0.50&break_loss=0.50&run_analysis=1&live=1",
            "ok": true,
            "status": 200,
            "has_price_payload": true,
            "symbol_probe": null,
            "removed_from_list": false,
            "remove_reason": "",
            "checked_at": "2026-07-28T09:36:03Z"
        },
        {
            "market_type": "crypto",
            "symbol": "ETH-USD",
            "requested_url": "http://127.0.0.1:8081/index.php?market_type=crypto&symbol=ETH-USD&buy_multiplier=0.50&sell_multiplier=0.40&trust_percent=50.00&break_buy=0.50&break_gain=0.50&break_loss=0.50&run_analysis=1&live=1",
            "ok": true,
            "status": 200,
            "has_price_payload": true,
            "symbol_probe": null,
            "removed_from_list": false,
            "remove_reason": "",
            "checked_at": "2026-07-28T09:36:05Z"
        }
    ]
}
[2026-07-28T05:36:05-04:00] php runner end

[2026-07-28T05:41:04-04:00] php runner start
{
    "ran_at": "2026-07-28T09:41:02Z",
    "target_count": 2,
    "target_batch_limit": 2,
    "target_batch_offset": 0,
    "target_batch_next_offset": 0,
    "target_total_available": 2,
    "results": [
        {
            "market_type": "crypto",
            "symbol": "BTC-USD",
            "requested_url": "http://127.0.0.1:8081/index.php?market_type=crypto&symbol=BTC-USD&buy_multiplier=0.90&sell_multiplier=0.80&trust_percent=90.00&break_buy=0.50&break_gain=0.50&break_loss=0.50&run_analysis=1&live=1",
            "ok": true,
            "status": 200,
            "has_price_payload": true,
            "symbol_probe": null,
            "removed_from_list": false,
            "remove_reason": "",
            "checked_at": "2026-07-28T09:41:03Z"
        },
        {
            "market_type": "crypto",
            "symbol": "ETH-USD",
            "requested_url": "http://127.0.0.1:8081/index.php?market_type=crypto&symbol=ETH-USD&buy_multiplier=0.50&sell_multiplier=0.40&trust_percent=50.00&break_buy=0.50&break_gain=0.50&break_loss=0.50&run_analysis=1&live=1",
            "ok": true,
            "status": 200,
            "has_price_payload": true,
            "symbol_probe": null,
            "removed_from_list": false,
            "remove_reason": "",
            "checked_at": "2026-07-28T09:41:04Z"
        }
    ]
}
[2026-07-28T05:41:04-04:00] php runner end

[2026-07-28T05:46:04-04:00] php runner start
{
    "ran_at": "2026-07-28T09:46:02Z",
    "target_count": 2,
    "target_batch_limit": 2,
    "target_batch_offset": 0,
    "target_batch_next_offset": 0,
    "target_total_available": 2,
    "results": [
        {
            "market_type": "crypto",
            "symbol": "BTC-USD",
            "requested_url": "http://127.0.0.1:8081/index.php?market_type=crypto&symbol=BTC-USD&buy_multiplier=0.90&sell_multiplier=0.80&trust_percent=90.00&break_buy=0.50&break_gain=0.50&break_loss=0.50&run_analysis=1&live=1",
            "ok": true,
            "status": 200,
            "has_price_payload": true,
            "symbol_probe": null,
            "removed_from_list": false,
            "remove_reason": "",
            "checked_at": "2026-07-28T09:46:03Z"
        },
        {
            "market_type": "crypto",
            "symbol": "ETH-USD",
            "requested_url": "http://127.0.0.1:8081/index.php?market_type=crypto&symbol=ETH-USD&buy_multiplier=0.50&sell_multiplier=0.40&trust_percent=50.00&break_buy=0.50&break_gain=0.50&break_loss=0.50&run_analysis=1&live=1",
            "ok": true,
            "status": 200,
            "has_price_payload": true,
            "symbol_probe": null,
            "removed_from_list": false,
            "remove_reason": "",
            "checked_at": "2026-07-28T09:46:04Z"
        }
    ]
}
[2026-07-28T05:46:04-04:00] php runner end

[2026-07-28T05:51:05-04:00] php runner start
{
    "ran_at": "2026-07-28T09:51:02Z",
    "target_count": 2,
    "target_batch_limit": 2,
    "target_batch_offset": 0,
    "target_batch_next_offset": 0,
    "target_total_available": 2,
    "results": [
        {
            "market_type": "crypto",
            "symbol": "BTC-USD",
            "requested_url": "http://127.0.0.1:8081/index.php?market_type=crypto&symbol=BTC-USD&buy_multiplier=0.90&sell_multiplier=0.80&trust_percent=90.00&break_buy=0.50&break_gain=0.50&break_loss=0.50&run_analysis=1&live=1",
            "ok": true,
            "status": 200,
            "has_price_payload": true,
            "symbol_probe": null,
            "removed_from_list": false,
            "remove_reason": "",
            "checked_at": "2026-07-28T09:51:03Z"
        },
        {
            "market_type": "crypto",
            "symbol": "ETH-USD",
            "requested_url": "http://127.0.0.1:8081/index.php?market_type=crypto&symbol=ETH-USD&buy_multiplier=0.50&sell_multiplier=0.40&trust_percent=50.00&break_buy=0.50&break_gain=0.50&break_loss=0.50&run_analysis=1&live=1",
            "ok": true,
            "status": 200,
            "has_price_payload": true,
            "symbol_probe": null,
            "removed_from_list": false,
            "remove_reason": "",
            "checked_at": "2026-07-28T09:51:05Z"
        }
    ]
}
[2026-07-28T05:51:05-04:00] php runner end

[2026-07-28T05:56:05-04:00] php runner start
{
    "ran_at": "2026-07-28T09:56:02Z",
    "target_count": 2,
    "target_batch_limit": 2,
    "target_batch_offset": 0,
    "target_batch_next_offset": 0,
    "target_total_available": 2,
    "results": [
        {
            "market_type": "crypto",
            "symbol": "BTC-USD",
            "requested_url": "http://127.0.0.1:8081/index.php?market_type=crypto&symbol=BTC-USD&buy_multiplier=0.90&sell_multiplier=0.80&trust_percent=90.00&break_buy=0.50&break_gain=0.50&break_loss=0.50&run_analysis=1&live=1",
            "ok": true,
            "status": 200,
            "has_price_payload": true,
            "symbol_probe": null,
            "removed_from_list": false,
            "remove_reason": "",
            "checked_at": "2026-07-28T09:56:04Z"
        },
        {
            "market_type": "crypto",
            "symbol": "ETH-USD",
            "requested_url": "http://127.0.0.1:8081/index.php?market_type=crypto&symbol=ETH-USD&buy_multiplier=0.50&sell_multiplier=0.40&trust_percent=50.00&break_buy=0.50&break_gain=0.50&break_loss=0.50&run_analysis=1&live=1",
            "ok": true,
            "status": 200,
            "has_price_payload": true,
            "symbol_probe": null,
            "removed_from_list": false,
            "remove_reason": "",
            "checked_at": "2026-07-28T09:56:05Z"
        }
    ]
}
[2026-07-28T05:56:05-04:00] php runner end

[2026-07-28T06:01:18-04:00] php runner start
{
    "ran_at": "2026-07-28T10:01:02Z",
    "target_count": 2,
    "target_batch_limit": 2,
    "target_batch_offset": 0,
    "target_batch_next_offset": 0,
    "target_total_available": 2,
    "results": [
        {
            "market_type": "crypto",
            "symbol": "BTC-USD",
            "requested_url": "http://127.0.0.1:8081/index.php?market_type=crypto&symbol=BTC-USD&buy_multiplier=0.90&sell_multiplier=0.80&trust_percent=90.00&break_buy=0.50&break_gain=0.50&break_loss=0.50&run_analysis=1&live=1",
            "ok": false,
            "status": 0,
            "has_price_payload": false,
            "symbol_probe": {
                "url": "https://query1.finance.yahoo.com/v8/finance/chart/BTC-USD?range=1d&interval=5m&includePrePost=false",
                "ok": false,
                "status": 0,
                "looks_real": false
            },
            "removed_from_list": false,
            "remove_reason": "Kept symbol because the local market page did not respond, so this looked like an app availability issue rather than proof that the symbol was invalid.",
            "checked_at": "2026-07-28T10:01:14Z"
        },
        {
            "market_type": "crypto",
            "symbol": "ETH-USD",
            "requested_url": "http://127.0.0.1:8081/index.php?market_type=crypto&symbol=ETH-USD&buy_multiplier=0.50&sell_multiplier=0.40&trust_percent=50.00&break_buy=0.50&break_gain=0.50&break_loss=0.50&run_analysis=1&live=1",
            "ok": true,
            "status": 200,
            "has_price_payload": true,
            "symbol_probe": null,
            "removed_from_list": false,
            "remove_reason": "",
            "checked_at": "2026-07-28T10:01:18Z"
        }
    ]
}
[2026-07-28T06:01:18-04:00] php runner end

[2026-07-28T06:06:05-04:00] php runner start
{
    "ran_at": "2026-07-28T10:06:02Z",
    "target_count": 2,
    "target_batch_limit": 2,
    "target_batch_offset": 0,
    "target_batch_next_offset": 0,
    "target_total_available": 2,
    "results": [
        {
            "market_type": "crypto",
            "symbol": "BTC-USD",
            "requested_url": "http://127.0.0.1:8081/index.php?market_type=crypto&symbol=BTC-USD&buy_multiplier=0.90&sell_multiplier=0.80&trust_percent=90.00&break_buy=0.50&break_gain=0.50&break_loss=0.50&run_analysis=1&live=1",
            "ok": true,
            "status": 200,
            "has_price_payload": true,
            "symbol_probe": null,
            "removed_from_list": false,
            "remove_reason": "",
            "checked_at": "2026-07-28T10:06:03Z"
        },
        {
            "market_type": "crypto",
            "symbol": "ETH-USD",
            "requested_url": "http://127.0.0.1:8081/index.php?market_type=crypto&symbol=ETH-USD&buy_multiplier=0.50&sell_multiplier=0.40&trust_percent=50.00&break_buy=0.50&break_gain=0.50&break_loss=0.50&run_analysis=1&live=1",
            "ok": true,
            "status": 200,
            "has_price_payload": true,
            "symbol_probe": null,
            "removed_from_list": false,
            "remove_reason": "",
            "checked_at": "2026-07-28T10:06:04Z"
        }
    ]
}
[2026-07-28T06:06:05-04:00] php runner end

[2026-07-28T06:11:06-04:00] php runner start
{
    "ran_at": "2026-07-28T10:11:02Z",
    "target_count": 2,
    "target_batch_limit": 2,
    "target_batch_offset": 0,
    "target_batch_next_offset": 0,
    "target_total_available": 2,
    "results": [
        {
            "market_type": "crypto",
            "symbol": "BTC-USD",
            "requested_url": "http://127.0.0.1:8081/index.php?market_type=crypto&symbol=BTC-USD&buy_multiplier=0.90&sell_multiplier=0.80&trust_percent=90.00&break_buy=0.50&break_gain=0.50&break_loss=0.50&run_analysis=1&live=1",
            "ok": true,
            "status": 200,
            "has_price_payload": true,
            "symbol_probe": null,
            "removed_from_list": false,
            "remove_reason": "",
            "checked_at": "2026-07-28T10:11:03Z"
        },
        {
            "market_type": "crypto",
            "symbol": "ETH-USD",
            "requested_url": "http://127.0.0.1:8081/index.php?market_type=crypto&symbol=ETH-USD&buy_multiplier=0.50&sell_multiplier=0.40&trust_percent=50.00&break_buy=0.50&break_gain=0.50&break_loss=0.50&run_analysis=1&live=1",
            "ok": true,
            "status": 200,
            "has_price_payload": true,
            "symbol_probe": null,
            "removed_from_list": false,
            "remove_reason": "",
            "checked_at": "2026-07-28T10:11:06Z"
        }
    ]
}
[2026-07-28T06:11:06-04:00] php runner end

[2026-07-28T06:16:04-04:00] php runner start
{
    "ran_at": "2026-07-28T10:16:02Z",
    "target_count": 2,
    "target_batch_limit": 2,
    "target_batch_offset": 0,
    "target_batch_next_offset": 0,
    "target_total_available": 2,
    "results": [
        {
            "market_type": "crypto",
            "symbol": "BTC-USD",
            "requested_url": "http://127.0.0.1:8081/index.php?market_type=crypto&symbol=BTC-USD&buy_multiplier=0.90&sell_multiplier=0.80&trust_percent=90.00&break_buy=0.50&break_gain=0.50&break_loss=0.50&run_analysis=1&live=1",
            "ok": true,
            "status": 200,
            "has_price_payload": true,
            "symbol_probe": null,
            "removed_from_list": false,
            "remove_reason": "",
            "checked_at": "2026-07-28T10:16:03Z"
        },
        {
            "market_type": "crypto",
            "symbol": "ETH-USD",
            "requested_url": "http://127.0.0.1:8081/index.php?market_type=crypto&symbol=ETH-USD&buy_multiplier=0.50&sell_multiplier=0.40&trust_percent=50.00&break_buy=0.50&break_gain=0.50&break_loss=0.50&run_analysis=1&live=1",
            "ok": true,
            "status": 200,
            "has_price_payload": true,
            "symbol_probe": null,
            "removed_from_list": false,
            "remove_reason": "",
            "checked_at": "2026-07-28T10:16:04Z"
        }
    ]
}
[2026-07-28T06:16:04-04:00] php runner end

[2026-07-28T06:21:07-04:00] php runner start
{
    "ran_at": "2026-07-28T10:21:02Z",
    "target_count": 2,
    "target_batch_limit": 2,
    "target_batch_offset": 0,
    "target_batch_next_offset": 0,
    "target_total_available": 2,
    "results": [
        {
            "market_type": "crypto",
            "symbol": "BTC-USD",
            "requested_url": "http://127.0.0.1:8081/index.php?market_type=crypto&symbol=BTC-USD&buy_multiplier=0.90&sell_multiplier=0.80&trust_percent=90.00&break_buy=0.50&break_gain=0.50&break_loss=0.50&run_analysis=1&live=1",
            "ok": true,
            "status": 200,
            "has_price_payload": true,
            "symbol_probe": null,
            "removed_from_list": false,
            "remove_reason": "",
            "checked_at": "2026-07-28T10:21:05Z"
        },
        {
            "market_type": "crypto",
            "symbol": "ETH-USD",
            "requested_url": "http://127.0.0.1:8081/index.php?market_type=crypto&symbol=ETH-USD&buy_multiplier=0.50&sell_multiplier=0.40&trust_percent=50.00&break_buy=0.50&break_gain=0.50&break_loss=0.50&run_analysis=1&live=1",
            "ok": true,
            "status": 200,
            "has_price_payload": true,
            "symbol_probe": null,
            "removed_from_list": false,
            "remove_reason": "",
            "checked_at": "2026-07-28T10:21:07Z"
        }
    ]
}
[2026-07-28T06:21:07-04:00] php runner end

[2026-07-28T06:26:14-04:00] php runner start
{
    "ran_at": "2026-07-28T10:26:02Z",
    "target_count": 2,
    "target_batch_limit": 2,
    "target_batch_offset": 0,
    "target_batch_next_offset": 0,
    "target_total_available": 2,
    "results": [
        {
            "market_type": "crypto",
            "symbol": "BTC-USD",
            "requested_url": "http://127.0.0.1:8081/index.php?market_type=crypto&symbol=BTC-USD&buy_multiplier=0.90&sell_multiplier=0.80&trust_percent=90.00&break_buy=0.50&break_gain=0.50&break_loss=0.50&run_analysis=1&live=1",
            "ok": true,
            "status": 200,
            "has_price_payload": true,
            "symbol_probe": null,
            "removed_from_list": false,
            "remove_reason": "",
            "checked_at": "2026-07-28T10:26:12Z"
        },
        {
            "market_type": "crypto",
            "symbol": "ETH-USD",
            "requested_url": "http://127.0.0.1:8081/index.php?market_type=crypto&symbol=ETH-USD&buy_multiplier=0.50&sell_multiplier=0.40&trust_percent=50.00&break_buy=0.50&break_gain=0.50&break_loss=0.50&run_analysis=1&live=1",
            "ok": true,
            "status": 200,
            "has_price_payload": true,
            "symbol_probe": null,
            "removed_from_list": false,
            "remove_reason": "",
            "checked_at": "2026-07-28T10:26:14Z"
        }
    ]
}
[2026-07-28T06:26:14-04:00] php runner end

[2026-07-28T06:31:04-04:00] php runner start
{
    "ran_at": "2026-07-28T10:31:02Z",
    "target_count": 2,
    "target_batch_limit": 2,
    "target_batch_offset": 0,
    "target_batch_next_offset": 0,
    "target_total_available": 2,
    "results": [
        {
            "market_type": "crypto",
            "symbol": "BTC-USD",
            "requested_url": "http://127.0.0.1:8081/index.php?market_type=crypto&symbol=BTC-USD&buy_multiplier=0.90&sell_multiplier=0.80&trust_percent=90.00&break_buy=0.50&break_gain=0.50&break_loss=0.50&run_analysis=1&live=1",
            "ok": true,
            "status": 200,
            "has_price_payload": true,
            "symbol_probe": null,
            "removed_from_list": false,
            "remove_reason": "",
            "checked_at": "2026-07-28T10:31:03Z"
        },
        {
            "market_type": "crypto",
            "symbol": "ETH-USD",
            "requested_url": "http://127.0.0.1:8081/index.php?market_type=crypto&symbol=ETH-USD&buy_multiplier=0.50&sell_multiplier=0.40&trust_percent=50.00&break_buy=0.50&break_gain=0.50&break_loss=0.50&run_analysis=1&live=1",
            "ok": true,
            "status": 200,
            "has_price_payload": true,
            "symbol_probe": null,
            "removed_from_list": false,
            "remove_reason": "",
            "checked_at": "2026-07-28T10:31:04Z"
        }
    ]
}
[2026-07-28T06:31:04-04:00] php runner end

[2026-07-28T06:36:04-04:00] php runner start
{
    "ran_at": "2026-07-28T10:36:02Z",
    "target_count": 2,
    "target_batch_limit": 2,
    "target_batch_offset": 0,
    "target_batch_next_offset": 0,
    "target_total_available": 2,
    "results": [
        {
            "market_type": "crypto",
            "symbol": "BTC-USD",
            "requested_url": "http://127.0.0.1:8081/index.php?market_type=crypto&symbol=BTC-USD&buy_multiplier=0.90&sell_multiplier=0.80&trust_percent=90.00&break_buy=0.50&break_gain=0.50&break_loss=0.50&run_analysis=1&live=1",
            "ok": true,
            "status": 200,
            "has_price_payload": true,
            "symbol_probe": null,
            "removed_from_list": false,
            "remove_reason": "",
            "checked_at": "2026-07-28T10:36:03Z"
        },
        {
            "market_type": "crypto",
            "symbol": "ETH-USD",
            "requested_url": "http://127.0.0.1:8081/index.php?market_type=crypto&symbol=ETH-USD&buy_multiplier=0.50&sell_multiplier=0.40&trust_percent=50.00&break_buy=0.50&break_gain=0.50&break_loss=0.50&run_analysis=1&live=1",
            "ok": true,
            "status": 200,
            "has_price_payload": true,
            "symbol_probe": null,
            "removed_from_list": false,
            "remove_reason": "",
            "checked_at": "2026-07-28T10:36:04Z"
        }
    ]
}
[2026-07-28T06:36:04-04:00] php runner end

[2026-07-28T06:41:04-04:00] php runner start
{
    "ran_at": "2026-07-28T10:41:02Z",
    "target_count": 2,
    "target_batch_limit": 2,
    "target_batch_offset": 0,
    "target_batch_next_offset": 0,
    "target_total_available": 2,
    "results": [
        {
            "market_type": "crypto",
            "symbol": "BTC-USD",
            "requested_url": "http://127.0.0.1:8081/index.php?market_type=crypto&symbol=BTC-USD&buy_multiplier=0.90&sell_multiplier=0.80&trust_percent=90.00&break_buy=0.50&break_gain=0.50&break_loss=0.50&run_analysis=1&live=1",
            "ok": true,
            "status": 200,
            "has_price_payload": true,
            "symbol_probe": null,
            "removed_from_list": false,
            "remove_reason": "",
            "checked_at": "2026-07-28T10:41:03Z"
        },
        {
            "market_type": "crypto",
            "symbol": "ETH-USD",
            "requested_url": "http://127.0.0.1:8081/index.php?market_type=crypto&symbol=ETH-USD&buy_multiplier=0.50&sell_multiplier=0.40&trust_percent=50.00&break_buy=0.50&break_gain=0.50&break_loss=0.50&run_analysis=1&live=1",
            "ok": true,
            "status": 200,
            "has_price_payload": true,
            "symbol_probe": null,
            "removed_from_list": false,
            "remove_reason": "",
            "checked_at": "2026-07-28T10:41:04Z"
        }
    ]
}
[2026-07-28T06:41:04-04:00] php runner end

[2026-07-28T06:46:04-04:00] php runner start
{
    "ran_at": "2026-07-28T10:46:02Z",
    "target_count": 2,
    "target_batch_limit": 2,
    "target_batch_offset": 0,
    "target_batch_next_offset": 0,
    "target_total_available": 2,
    "results": [
        {
            "market_type": "crypto",
            "symbol": "BTC-USD",
            "requested_url": "http://127.0.0.1:8081/index.php?market_type=crypto&symbol=BTC-USD&buy_multiplier=0.90&sell_multiplier=0.80&trust_percent=90.00&break_buy=0.50&break_gain=0.50&break_loss=0.50&run_analysis=1&live=1",
            "ok": true,
            "status": 200,
            "has_price_payload": true,
            "symbol_probe": null,
            "removed_from_list": false,
            "remove_reason": "",
            "checked_at": "2026-07-28T10:46:03Z"
        },
        {
            "market_type": "crypto",
            "symbol": "ETH-USD",
            "requested_url": "http://127.0.0.1:8081/index.php?market_type=crypto&symbol=ETH-USD&buy_multiplier=0.50&sell_multiplier=0.40&trust_percent=50.00&break_buy=0.50&break_gain=0.50&break_loss=0.50&run_analysis=1&live=1",
            "ok": true,
            "status": 200,
            "has_price_payload": true,
            "symbol_probe": null,
            "removed_from_list": false,
            "remove_reason": "",
            "checked_at": "2026-07-28T10:46:04Z"
        }
    ]
}
[2026-07-28T06:46:04-04:00] php runner end

[2026-07-28T06:51:13-04:00] php runner start
{
    "ran_at": "2026-07-28T10:51:02Z",
    "target_count": 2,
    "target_batch_limit": 2,
    "target_batch_offset": 0,
    "target_batch_next_offset": 0,
    "target_total_available": 2,
    "results": [
        {
            "market_type": "crypto",
            "symbol": "BTC-USD",
            "requested_url": "http://127.0.0.1:8081/index.php?market_type=crypto&symbol=BTC-USD&buy_multiplier=0.90&sell_multiplier=0.80&trust_percent=90.00&break_buy=0.50&break_gain=0.50&break_loss=0.50&run_analysis=1&live=1",
            "ok": true,
            "status": 200,
            "has_price_payload": true,
            "symbol_probe": null,
            "removed_from_list": false,
            "remove_reason": "",
            "checked_at": "2026-07-28T10:51:11Z"
        },
        {
            "market_type": "crypto",
            "symbol": "ETH-USD",
            "requested_url": "http://127.0.0.1:8081/index.php?market_type=crypto&symbol=ETH-USD&buy_multiplier=0.50&sell_multiplier=0.40&trust_percent=50.00&break_buy=0.50&break_gain=0.50&break_loss=0.50&run_analysis=1&live=1",
            "ok": true,
            "status": 200,
            "has_price_payload": true,
            "symbol_probe": null,
            "removed_from_list": false,
            "remove_reason": "",
            "checked_at": "2026-07-28T10:51:13Z"
        }
    ]
}
[2026-07-28T06:51:13-04:00] php runner end

[2026-07-28T06:56:06-04:00] php runner start
{
    "ran_at": "2026-07-28T10:56:02Z",
    "target_count": 2,
    "target_batch_limit": 2,
    "target_batch_offset": 0,
    "target_batch_next_offset": 0,
    "target_total_available": 2,
    "results": [
        {
            "market_type": "crypto",
            "symbol": "BTC-USD",
            "requested_url": "http://127.0.0.1:8081/index.php?market_type=crypto&symbol=BTC-USD&buy_multiplier=0.90&sell_multiplier=0.80&trust_percent=90.00&break_buy=0.50&break_gain=0.50&break_loss=0.50&run_analysis=1&live=1",
            "ok": true,
            "status": 200,
            "has_price_payload": true,
            "symbol_probe": null,
            "removed_from_list": false,
            "remove_reason": "",
            "checked_at": "2026-07-28T10:56:03Z"
        },
        {
            "market_type": "crypto",
            "symbol": "ETH-USD",
            "requested_url": "http://127.0.0.1:8081/index.php?market_type=crypto&symbol=ETH-USD&buy_multiplier=0.50&sell_multiplier=0.40&trust_percent=50.00&break_buy=0.50&break_gain=0.50&break_loss=0.50&run_analysis=1&live=1",
            "ok": true,
            "status": 200,
            "has_price_payload": true,
            "symbol_probe": null,
            "removed_from_list": false,
            "remove_reason": "",
            "checked_at": "2026-07-28T10:56:06Z"
        }
    ]
}
[2026-07-28T06:56:06-04:00] php runner end

[2026-07-28T07:01:05-04:00] php runner start
{
    "ran_at": "2026-07-28T11:01:02Z",
    "target_count": 2,
    "target_batch_limit": 2,
    "target_batch_offset": 0,
    "target_batch_next_offset": 0,
    "target_total_available": 2,
    "results": [
        {
            "market_type": "crypto",
            "symbol": "BTC-USD",
            "requested_url": "http://127.0.0.1:8081/index.php?market_type=crypto&symbol=BTC-USD&buy_multiplier=0.90&sell_multiplier=0.80&trust_percent=90.00&break_buy=0.50&break_gain=0.50&break_loss=0.50&run_analysis=1&live=1",
            "ok": true,
            "status": 200,
            "has_price_payload": true,
            "symbol_probe": null,
            "removed_from_list": false,
            "remove_reason": "",
            "checked_at": "2026-07-28T11:01:04Z"
        },
        {
            "market_type": "crypto",
            "symbol": "ETH-USD",
            "requested_url": "http://127.0.0.1:8081/index.php?market_type=crypto&symbol=ETH-USD&buy_multiplier=0.50&sell_multiplier=0.40&trust_percent=50.00&break_buy=0.50&break_gain=0.50&break_loss=0.50&run_analysis=1&live=1",
            "ok": true,
            "status": 200,
            "has_price_payload": true,
            "symbol_probe": null,
            "removed_from_list": false,
            "remove_reason": "",
            "checked_at": "2026-07-28T11:01:05Z"
        }
    ]
}
[2026-07-28T07:01:05-04:00] php runner end

[2026-07-28T07:06:05-04:00] php runner start
{
    "ran_at": "2026-07-28T11:06:02Z",
    "target_count": 2,
    "target_batch_limit": 2,
    "target_batch_offset": 0,
    "target_batch_next_offset": 0,
    "target_total_available": 2,
    "results": [
        {
            "market_type": "crypto",
            "symbol": "BTC-USD",
            "requested_url": "http://127.0.0.1:8081/index.php?market_type=crypto&symbol=BTC-USD&buy_multiplier=0.90&sell_multiplier=0.80&trust_percent=90.00&break_buy=0.50&break_gain=0.50&break_loss=0.50&run_analysis=1&live=1",
            "ok": true,
            "status": 200,
            "has_price_payload": true,
            "symbol_probe": null,
            "removed_from_list": false,
            "remove_reason": "",
            "checked_at": "2026-07-28T11:06:04Z"
        },
        {
            "market_type": "crypto",
            "symbol": "ETH-USD",
            "requested_url": "http://127.0.0.1:8081/index.php?market_type=crypto&symbol=ETH-USD&buy_multiplier=0.50&sell_multiplier=0.40&trust_percent=50.00&break_buy=0.50&break_gain=0.50&break_loss=0.50&run_analysis=1&live=1",
            "ok": true,
            "status": 200,
            "has_price_payload": true,
            "symbol_probe": null,
            "removed_from_list": false,
            "remove_reason": "",
            "checked_at": "2026-07-28T11:06:05Z"
        }
    ]
}
[2026-07-28T07:06:05-04:00] php runner end

[2026-07-28T07:11:04-04:00] php runner start
{
    "ran_at": "2026-07-28T11:11:02Z",
    "target_count": 2,
    "target_batch_limit": 2,
    "target_batch_offset": 0,
    "target_batch_next_offset": 0,
    "target_total_available": 2,
    "results": [
        {
            "market_type": "crypto",
            "symbol": "BTC-USD",
            "requested_url": "http://127.0.0.1:8081/index.php?market_type=crypto&symbol=BTC-USD&buy_multiplier=0.90&sell_multiplier=0.80&trust_percent=90.00&break_buy=0.50&break_gain=0.50&break_loss=0.50&run_analysis=1&live=1",
            "ok": true,
            "status": 200,
            "has_price_payload": true,
            "symbol_probe": null,
            "removed_from_list": false,
            "remove_reason": "",
            "checked_at": "2026-07-28T11:11:03Z"
        },
        {
            "market_type": "crypto",
            "symbol": "ETH-USD",
            "requested_url": "http://127.0.0.1:8081/index.php?market_type=crypto&symbol=ETH-USD&buy_multiplier=0.50&sell_multiplier=0.40&trust_percent=50.00&break_buy=0.50&break_gain=0.50&break_loss=0.50&run_analysis=1&live=1",
            "ok": true,
            "status": 200,
            "has_price_payload": true,
            "symbol_probe": null,
            "removed_from_list": false,
            "remove_reason": "",
            "checked_at": "2026-07-28T11:11:04Z"
        }
    ]
}
[2026-07-28T07:11:04-04:00] php runner end

[2026-07-28T07:16:05-04:00] php runner start
{
    "ran_at": "2026-07-28T11:16:02Z",
    "target_count": 2,
    "target_batch_limit": 2,
    "target_batch_offset": 0,
    "target_batch_next_offset": 0,
    "target_total_available": 2,
    "results": [
        {
            "market_type": "crypto",
            "symbol": "BTC-USD",
            "requested_url": "http://127.0.0.1:8081/index.php?market_type=crypto&symbol=BTC-USD&buy_multiplier=0.90&sell_multiplier=0.80&trust_percent=90.00&break_buy=0.50&break_gain=0.50&break_loss=0.50&run_analysis=1&live=1",
            "ok": true,
            "status": 200,
            "has_price_payload": true,
            "symbol_probe": null,
            "removed_from_list": false,
            "remove_reason": "",
            "checked_at": "2026-07-28T11:16:03Z"
        },
        {
            "market_type": "crypto",
            "symbol": "ETH-USD",
            "requested_url": "http://127.0.0.1:8081/index.php?market_type=crypto&symbol=ETH-USD&buy_multiplier=0.50&sell_multiplier=0.40&trust_percent=50.00&break_buy=0.50&break_gain=0.50&break_loss=0.50&run_analysis=1&live=1",
            "ok": true,
            "status": 200,
            "has_price_payload": true,
            "symbol_probe": null,
            "removed_from_list": false,
            "remove_reason": "",
            "checked_at": "2026-07-28T11:16:04Z"
        }
    ]
}
[2026-07-28T07:16:05-04:00] php runner end

[2026-07-28T07:21:05-04:00] php runner start
{
    "ran_at": "2026-07-28T11:21:02Z",
    "target_count": 2,
    "target_batch_limit": 2,
    "target_batch_offset": 0,
    "target_batch_next_offset": 0,
    "target_total_available": 2,
    "results": [
        {
            "market_type": "crypto",
            "symbol": "BTC-USD",
            "requested_url": "http://127.0.0.1:8081/index.php?market_type=crypto&symbol=BTC-USD&buy_multiplier=0.90&sell_multiplier=0.80&trust_percent=90.00&break_buy=0.50&break_gain=0.50&break_loss=0.50&run_analysis=1&live=1",
            "ok": true,
            "status": 200,
            "has_price_payload": true,
            "symbol_probe": null,
            "removed_from_list": false,
            "remove_reason": "",
            "checked_at": "2026-07-28T11:21:04Z"
        },
        {
            "market_type": "crypto",
            "symbol": "ETH-USD",
            "requested_url": "http://127.0.0.1:8081/index.php?market_type=crypto&symbol=ETH-USD&buy_multiplier=0.50&sell_multiplier=0.40&trust_percent=50.00&break_buy=0.50&break_gain=0.50&break_loss=0.50&run_analysis=1&live=1",
            "ok": true,
            "status": 200,
            "has_price_payload": true,
            "symbol_probe": null,
            "removed_from_list": false,
            "remove_reason": "",
            "checked_at": "2026-07-28T11:21:05Z"
        }
    ]
}
[2026-07-28T07:21:05-04:00] php runner end

[2026-07-28T07:26:08-04:00] php runner start
{
    "ran_at": "2026-07-28T11:26:02Z",
    "target_count": 2,
    "target_batch_limit": 2,
    "target_batch_offset": 0,
    "target_batch_next_offset": 0,
    "target_total_available": 2,
    "results": [
        {
            "market_type": "crypto",
            "symbol": "BTC-USD",
            "requested_url": "http://127.0.0.1:8081/index.php?market_type=crypto&symbol=BTC-USD&buy_multiplier=0.90&sell_multiplier=0.80&trust_percent=90.00&break_buy=0.50&break_gain=0.50&break_loss=0.50&run_analysis=1&live=1",
            "ok": true,
            "status": 200,
            "has_price_payload": true,
            "symbol_probe": null,
            "removed_from_list": false,
            "remove_reason": "",
            "checked_at": "2026-07-28T11:26:07Z"
        },
        {
            "market_type": "crypto",
            "symbol": "ETH-USD",
            "requested_url": "http://127.0.0.1:8081/index.php?market_type=crypto&symbol=ETH-USD&buy_multiplier=0.50&sell_multiplier=0.40&trust_percent=50.00&break_buy=0.50&break_gain=0.50&break_loss=0.50&run_analysis=1&live=1",
            "ok": true,
            "status": 200,
            "has_price_payload": true,
            "symbol_probe": null,
            "removed_from_list": false,
            "remove_reason": "",
            "checked_at": "2026-07-28T11:26:08Z"
        }
    ]
}
[2026-07-28T07:26:08-04:00] php runner end

[2026-07-28T07:31:07-04:00] php runner start
{
    "ran_at": "2026-07-28T11:31:02Z",
    "target_count": 2,
    "target_batch_limit": 2,
    "target_batch_offset": 0,
    "target_batch_next_offset": 0,
    "target_total_available": 2,
    "results": [
        {
            "market_type": "crypto",
            "symbol": "BTC-USD",
            "requested_url": "http://127.0.0.1:8081/index.php?market_type=crypto&symbol=BTC-USD&buy_multiplier=0.90&sell_multiplier=0.80&trust_percent=90.00&break_buy=0.50&break_gain=0.50&break_loss=0.50&run_analysis=1&live=1",
            "ok": true,
            "status": 200,
            "has_price_payload": true,
            "symbol_probe": null,
            "removed_from_list": false,
            "remove_reason": "",
            "checked_at": "2026-07-28T11:31:05Z"
        },
        {
            "market_type": "crypto",
            "symbol": "ETH-USD",
            "requested_url": "http://127.0.0.1:8081/index.php?market_type=crypto&symbol=ETH-USD&buy_multiplier=0.50&sell_multiplier=0.40&trust_percent=50.00&break_buy=0.50&break_gain=0.50&break_loss=0.50&run_analysis=1&live=1",
            "ok": true,
            "status": 200,
            "has_price_payload": true,
            "symbol_probe": null,
            "removed_from_list": false,
            "remove_reason": "",
            "checked_at": "2026-07-28T11:31:07Z"
        }
    ]
}
[2026-07-28T07:31:07-04:00] php runner end

[2026-07-28T07:36:27-04:00] php runner start
{
    "ran_at": "2026-07-28T11:36:02Z",
    "target_count": 2,
    "target_batch_limit": 2,
    "target_batch_offset": 0,
    "target_batch_next_offset": 0,
    "target_total_available": 2,
    "results": [
        {
            "market_type": "crypto",
            "symbol": "BTC-USD",
            "requested_url": "http://127.0.0.1:8081/index.php?market_type=crypto&symbol=BTC-USD&buy_multiplier=0.90&sell_multiplier=0.80&trust_percent=90.00&break_buy=0.50&break_gain=0.50&break_loss=0.50&run_analysis=1&live=1",
            "ok": false,
            "status": 0,
            "has_price_payload": false,
            "symbol_probe": {
                "url": "https://query1.finance.yahoo.com/v8/finance/chart/BTC-USD?range=1d&interval=5m&includePrePost=false",
                "ok": false,
                "status": 0,
                "looks_real": false
            },
            "removed_from_list": false,
            "remove_reason": "Kept symbol because the local market page did not respond, so this looked like an app availability issue rather than proof that the symbol was invalid.",
            "checked_at": "2026-07-28T11:36:14Z"
        },
        {
            "market_type": "crypto",
            "symbol": "ETH-USD",
            "requested_url": "http://127.0.0.1:8081/index.php?market_type=crypto&symbol=ETH-USD&buy_multiplier=0.50&sell_multiplier=0.40&trust_percent=50.00&break_buy=0.50&break_gain=0.50&break_loss=0.50&run_analysis=1&live=1",
            "ok": false,
            "status": 0,
            "has_price_payload": false,
            "symbol_probe": {
                "url": "https://query1.finance.yahoo.com/v8/finance/chart/ETH-USD?range=1d&interval=5m&includePrePost=false",
                "ok": false,
                "status": 0,
                "looks_real": false
            },
            "removed_from_list": false,
            "remove_reason": "Kept symbol because the local market page did not respond, so this looked like an app availability issue rather than proof that the symbol was invalid.",
            "checked_at": "2026-07-28T11:36:26Z"
        }
    ]
}
[2026-07-28T07:36:27-04:00] php runner end

[2026-07-28T07:41:11-04:00] php runner start
{
    "ran_at": "2026-07-28T11:41:02Z",
    "target_count": 2,
    "target_batch_limit": 2,
    "target_batch_offset": 0,
    "target_batch_next_offset": 0,
    "target_total_available": 2,
    "results": [
        {
            "market_type": "crypto",
            "symbol": "BTC-USD",
            "requested_url": "http://127.0.0.1:8081/index.php?market_type=crypto&symbol=BTC-USD&buy_multiplier=0.90&sell_multiplier=0.80&trust_percent=90.00&break_buy=0.50&break_gain=0.50&break_loss=0.50&run_analysis=1&live=1",
            "ok": true,
            "status": 200,
            "has_price_payload": true,
            "symbol_probe": null,
            "removed_from_list": false,
            "remove_reason": "",
            "checked_at": "2026-07-28T11:41:08Z"
        },
        {
            "market_type": "crypto",
            "symbol": "ETH-USD",
            "requested_url": "http://127.0.0.1:8081/index.php?market_type=crypto&symbol=ETH-USD&buy_multiplier=0.50&sell_multiplier=0.40&trust_percent=50.00&break_buy=0.50&break_gain=0.50&break_loss=0.50&run_analysis=1&live=1",
            "ok": true,
            "status": 200,
            "has_price_payload": true,
            "symbol_probe": null,
            "removed_from_list": false,
            "remove_reason": "",
            "checked_at": "2026-07-28T11:41:11Z"
        }
    ]
}
[2026-07-28T07:41:11-04:00] php runner end

[2026-07-28T07:46:07-04:00] php runner start
{
    "ran_at": "2026-07-28T11:46:02Z",
    "target_count": 2,
    "target_batch_limit": 2,
    "target_batch_offset": 0,
    "target_batch_next_offset": 0,
    "target_total_available": 2,
    "results": [
        {
            "market_type": "crypto",
            "symbol": "BTC-USD",
            "requested_url": "http://127.0.0.1:8081/index.php?market_type=crypto&symbol=BTC-USD&buy_multiplier=0.90&sell_multiplier=0.80&trust_percent=90.00&break_buy=0.50&break_gain=0.50&break_loss=0.50&run_analysis=1&live=1",
            "ok": true,
            "status": 200,
            "has_price_payload": true,
            "symbol_probe": null,
            "removed_from_list": false,
            "remove_reason": "",
            "checked_at": "2026-07-28T11:46:05Z"
        },
        {
            "market_type": "crypto",
            "symbol": "ETH-USD",
            "requested_url": "http://127.0.0.1:8081/index.php?market_type=crypto&symbol=ETH-USD&buy_multiplier=0.50&sell_multiplier=0.40&trust_percent=50.00&break_buy=0.50&break_gain=0.50&break_loss=0.50&run_analysis=1&live=1",
            "ok": true,
            "status": 200,
            "has_price_payload": true,
            "symbol_probe": null,
            "removed_from_list": false,
            "remove_reason": "",
            "checked_at": "2026-07-28T11:46:07Z"
        }
    ]
}
[2026-07-28T07:46:07-04:00] php runner end

[2026-07-28T07:51:09-04:00] php runner start
{
    "ran_at": "2026-07-28T11:51:02Z",
    "target_count": 2,
    "target_batch_limit": 2,
    "target_batch_offset": 0,
    "target_batch_next_offset": 0,
    "target_total_available": 2,
    "results": [
        {
            "market_type": "crypto",
            "symbol": "BTC-USD",
            "requested_url": "http://127.0.0.1:8081/index.php?market_type=crypto&symbol=BTC-USD&buy_multiplier=0.90&sell_multiplier=0.80&trust_percent=90.00&break_buy=0.50&break_gain=0.50&break_loss=0.50&run_analysis=1&live=1",
            "ok": true,
            "status": 200,
            "has_price_payload": true,
            "symbol_probe": null,
            "removed_from_list": false,
            "remove_reason": "",
            "checked_at": "2026-07-28T11:51:05Z"
        },
        {
            "market_type": "crypto",
            "symbol": "ETH-USD",
            "requested_url": "http://127.0.0.1:8081/index.php?market_type=crypto&symbol=ETH-USD&buy_multiplier=0.50&sell_multiplier=0.40&trust_percent=50.00&break_buy=0.50&break_gain=0.50&break_loss=0.50&run_analysis=1&live=1",
            "ok": true,
            "status": 200,
            "has_price_payload": true,
            "symbol_probe": null,
            "removed_from_list": false,
            "remove_reason": "",
            "checked_at": "2026-07-28T11:51:09Z"
        }
    ]
}
[2026-07-28T07:51:09-04:00] php runner end

[2026-07-28T07:56:13-04:00] php runner start
{
    "ran_at": "2026-07-28T11:56:02Z",
    "target_count": 2,
    "target_batch_limit": 2,
    "target_batch_offset": 0,
    "target_batch_next_offset": 0,
    "target_total_available": 2,
    "results": [
        {
            "market_type": "crypto",
            "symbol": "BTC-USD",
            "requested_url": "http://127.0.0.1:8081/index.php?market_type=crypto&symbol=BTC-USD&buy_multiplier=0.90&sell_multiplier=0.80&trust_percent=90.00&break_buy=0.50&break_gain=0.50&break_loss=0.50&run_analysis=1&live=1",
            "ok": true,
            "status": 200,
            "has_price_payload": true,
            "symbol_probe": null,
            "removed_from_list": false,
            "remove_reason": "",
            "checked_at": "2026-07-28T11:56:05Z"
        },
        {
            "market_type": "crypto",
            "symbol": "ETH-USD",
            "requested_url": "http://127.0.0.1:8081/index.php?market_type=crypto&symbol=ETH-USD&buy_multiplier=0.50&sell_multiplier=0.40&trust_percent=50.00&break_buy=0.50&break_gain=0.50&break_loss=0.50&run_analysis=1&live=1",
            "ok": true,
            "status": 200,
            "has_price_payload": true,
            "symbol_probe": null,
            "removed_from_list": false,
            "remove_reason": "",
            "checked_at": "2026-07-28T11:56:13Z"
        }
    ]
}
[2026-07-28T07:56:13-04:00] php runner end

[2026-07-28T08:01:11-04:00] php runner start
{
    "ran_at": "2026-07-28T12:01:02Z",
    "target_count": 2,
    "target_batch_limit": 2,
    "target_batch_offset": 0,
    "target_batch_next_offset": 0,
    "target_total_available": 2,
    "results": [
        {
            "market_type": "crypto",
            "symbol": "BTC-USD",
            "requested_url": "http://127.0.0.1:8081/index.php?market_type=crypto&symbol=BTC-USD&buy_multiplier=0.90&sell_multiplier=0.80&trust_percent=90.00&break_buy=0.50&break_gain=0.50&break_loss=0.50&run_analysis=1&live=1",
            "ok": true,
            "status": 200,
            "has_price_payload": true,
            "symbol_probe": null,
            "removed_from_list": false,
            "remove_reason": "",
            "checked_at": "2026-07-28T12:01:08Z"
        },
        {
            "market_type": "crypto",
            "symbol": "ETH-USD",
            "requested_url": "http://127.0.0.1:8081/index.php?market_type=crypto&symbol=ETH-USD&buy_multiplier=0.50&sell_multiplier=0.40&trust_percent=50.00&break_buy=0.50&break_gain=0.50&break_loss=0.50&run_analysis=1&live=1",
            "ok": true,
            "status": 200,
            "has_price_payload": true,
            "symbol_probe": null,
            "removed_from_list": false,
            "remove_reason": "",
            "checked_at": "2026-07-28T12:01:11Z"
        }
    ]
}
[2026-07-28T08:01:11-04:00] php runner end

[2026-07-28T08:06:05-04:00] php runner start
{
    "ran_at": "2026-07-28T12:06:02Z",
    "target_count": 2,
    "target_batch_limit": 2,
    "target_batch_offset": 0,
    "target_batch_next_offset": 0,
    "target_total_available": 2,
    "results": [
        {
            "market_type": "crypto",
            "symbol": "BTC-USD",
            "requested_url": "http://127.0.0.1:8081/index.php?market_type=crypto&symbol=BTC-USD&buy_multiplier=0.90&sell_multiplier=0.80&trust_percent=90.00&break_buy=0.50&break_gain=0.50&break_loss=0.50&run_analysis=1&live=1",
            "ok": true,
            "status": 200,
            "has_price_payload": true,
            "symbol_probe": null,
            "removed_from_list": false,
            "remove_reason": "",
            "checked_at": "2026-07-28T12:06:04Z"
        },
        {
            "market_type": "crypto",
            "symbol": "ETH-USD",
            "requested_url": "http://127.0.0.1:8081/index.php?market_type=crypto&symbol=ETH-USD&buy_multiplier=0.50&sell_multiplier=0.40&trust_percent=50.00&break_buy=0.50&break_gain=0.50&break_loss=0.50&run_analysis=1&live=1",
            "ok": true,
            "status": 200,
            "has_price_payload": true,
            "symbol_probe": null,
            "removed_from_list": false,
            "remove_reason": "",
            "checked_at": "2026-07-28T12:06:05Z"
        }
    ]
}
[2026-07-28T08:06:05-04:00] php runner end

[2026-07-28T08:11:06-04:00] php runner start
{
    "ran_at": "2026-07-28T12:11:02Z",
    "target_count": 2,
    "target_batch_limit": 2,
    "target_batch_offset": 0,
    "target_batch_next_offset": 0,
    "target_total_available": 2,
    "results": [
        {
            "market_type": "crypto",
            "symbol": "BTC-USD",
            "requested_url": "http://127.0.0.1:8081/index.php?market_type=crypto&symbol=BTC-USD&buy_multiplier=0.90&sell_multiplier=0.80&trust_percent=90.00&break_buy=0.50&break_gain=0.50&break_loss=0.50&run_analysis=1&live=1",
            "ok": true,
            "status": 200,
            "has_price_payload": true,
            "symbol_probe": null,
            "removed_from_list": false,
            "remove_reason": "",
            "checked_at": "2026-07-28T12:11:05Z"
        },
        {
            "market_type": "crypto",
            "symbol": "ETH-USD",
            "requested_url": "http://127.0.0.1:8081/index.php?market_type=crypto&symbol=ETH-USD&buy_multiplier=0.50&sell_multiplier=0.40&trust_percent=50.00&break_buy=0.50&break_gain=0.50&break_loss=0.50&run_analysis=1&live=1",
            "ok": true,
            "status": 200,
            "has_price_payload": true,
            "symbol_probe": null,
            "removed_from_list": false,
            "remove_reason": "",
            "checked_at": "2026-07-28T12:11:06Z"
        }
    ]
}
[2026-07-28T08:11:06-04:00] php runner end

[2026-07-28T08:16:13-04:00] php runner start
{
    "ran_at": "2026-07-28T12:16:02Z",
    "target_count": 2,
    "target_batch_limit": 2,
    "target_batch_offset": 0,
    "target_batch_next_offset": 0,
    "target_total_available": 2,
    "results": [
        {
            "market_type": "crypto",
            "symbol": "BTC-USD",
            "requested_url": "http://127.0.0.1:8081/index.php?market_type=crypto&symbol=BTC-USD&buy_multiplier=0.90&sell_multiplier=0.80&trust_percent=90.00&break_buy=0.50&break_gain=0.50&break_loss=0.50&run_analysis=1&live=1",
            "ok": true,
            "status": 200,
            "has_price_payload": true,
            "symbol_probe": null,
            "removed_from_list": false,
            "remove_reason": "",
            "checked_at": "2026-07-28T12:16:10Z"
        },
        {
            "market_type": "crypto",
            "symbol": "ETH-USD",
            "requested_url": "http://127.0.0.1:8081/index.php?market_type=crypto&symbol=ETH-USD&buy_multiplier=0.50&sell_multiplier=0.40&trust_percent=50.00&break_buy=0.50&break_gain=0.50&break_loss=0.50&run_analysis=1&live=1",
            "ok": true,
            "status": 200,
            "has_price_payload": true,
            "symbol_probe": null,
            "removed_from_list": false,
            "remove_reason": "",
            "checked_at": "2026-07-28T12:16:12Z"
        }
    ]
}
[2026-07-28T08:16:13-04:00] php runner end

[2026-07-28T08:21:22-04:00] php runner start
{
    "ran_at": "2026-07-28T12:21:02Z",
    "target_count": 2,
    "target_batch_limit": 2,
    "target_batch_offset": 0,
    "target_batch_next_offset": 0,
    "target_total_available": 2,
    "results": [
        {
            "market_type": "crypto",
            "symbol": "BTC-USD",
            "requested_url": "http://127.0.0.1:8081/index.php?market_type=crypto&symbol=BTC-USD&buy_multiplier=0.90&sell_multiplier=0.80&trust_percent=90.00&break_buy=0.50&break_gain=0.50&break_loss=0.50&run_analysis=1&live=1",
            "ok": false,
            "status": 0,
            "has_price_payload": false,
            "symbol_probe": {
                "url": "https://query1.finance.yahoo.com/v8/finance/chart/BTC-USD?range=1d&interval=5m&includePrePost=false",
                "ok": false,
                "status": 0,
                "looks_real": false
            },
            "removed_from_list": false,
            "remove_reason": "Kept symbol because the local market page did not respond, so this looked like an app availability issue rather than proof that the symbol was invalid.",
            "checked_at": "2026-07-28T12:21:14Z"
        },
        {
            "market_type": "crypto",
            "symbol": "ETH-USD",
            "requested_url": "http://127.0.0.1:8081/index.php?market_type=crypto&symbol=ETH-USD&buy_multiplier=0.50&sell_multiplier=0.40&trust_percent=50.00&break_buy=0.50&break_gain=0.50&break_loss=0.50&run_analysis=1&live=1",
            "ok": true,
            "status": 200,
            "has_price_payload": true,
            "symbol_probe": null,
            "removed_from_list": false,
            "remove_reason": "",
            "checked_at": "2026-07-28T12:21:22Z"
        }
    ]
}
[2026-07-28T08:21:22-04:00] php runner end

[2026-07-28T08:26:08-04:00] php runner start
{
    "ran_at": "2026-07-28T12:26:02Z",
    "target_count": 2,
    "target_batch_limit": 2,
    "target_batch_offset": 0,
    "target_batch_next_offset": 0,
    "target_total_available": 2,
    "results": [
        {
            "market_type": "crypto",
            "symbol": "BTC-USD",
            "requested_url": "http://127.0.0.1:8081/index.php?market_type=crypto&symbol=BTC-USD&buy_multiplier=0.90&sell_multiplier=0.80&trust_percent=90.00&break_buy=0.50&break_gain=0.50&break_loss=0.50&run_analysis=1&live=1",
            "ok": true,
            "status": 200,
            "has_price_payload": true,
            "symbol_probe": null,
            "removed_from_list": false,
            "remove_reason": "",
            "checked_at": "2026-07-28T12:26:06Z"
        },
        {
            "market_type": "crypto",
            "symbol": "ETH-USD",
            "requested_url": "http://127.0.0.1:8081/index.php?market_type=crypto&symbol=ETH-USD&buy_multiplier=0.50&sell_multiplier=0.40&trust_percent=50.00&break_buy=0.50&break_gain=0.50&break_loss=0.50&run_analysis=1&live=1",
            "ok": true,
            "status": 200,
            "has_price_payload": true,
            "symbol_probe": null,
            "removed_from_list": false,
            "remove_reason": "",
            "checked_at": "2026-07-28T12:26:07Z"
        }
    ]
}
[2026-07-28T08:26:08-04:00] php runner end

[2026-07-28T08:31:06-04:00] php runner start
{
    "ran_at": "2026-07-28T12:31:02Z",
    "target_count": 2,
    "target_batch_limit": 2,
    "target_batch_offset": 0,
    "target_batch_next_offset": 0,
    "target_total_available": 2,
    "results": [
        {
            "market_type": "crypto",
            "symbol": "BTC-USD",
            "requested_url": "http://127.0.0.1:8081/index.php?market_type=crypto&symbol=BTC-USD&buy_multiplier=0.90&sell_multiplier=0.80&trust_percent=90.00&break_buy=0.50&break_gain=0.50&break_loss=0.50&run_analysis=1&live=1",
            "ok": true,
            "status": 200,
            "has_price_payload": true,
            "symbol_probe": null,
            "removed_from_list": false,
            "remove_reason": "",
            "checked_at": "2026-07-28T12:31:04Z"
        },
        {
            "market_type": "crypto",
            "symbol": "ETH-USD",
            "requested_url": "http://127.0.0.1:8081/index.php?market_type=crypto&symbol=ETH-USD&buy_multiplier=0.50&sell_multiplier=0.40&trust_percent=50.00&break_buy=0.50&break_gain=0.50&break_loss=0.50&run_analysis=1&live=1",
            "ok": true,
            "status": 200,
            "has_price_payload": true,
            "symbol_probe": null,
            "removed_from_list": false,
            "remove_reason": "",
            "checked_at": "2026-07-28T12:31:06Z"
        }
    ]
}
[2026-07-28T08:31:06-04:00] php runner end

[2026-07-28T08:36:10-04:00] php runner start
{
    "ran_at": "2026-07-28T12:36:02Z",
    "target_count": 2,
    "target_batch_limit": 2,
    "target_batch_offset": 0,
    "target_batch_next_offset": 0,
    "target_total_available": 2,
    "results": [
        {
            "market_type": "crypto",
            "symbol": "BTC-USD",
            "requested_url": "http://127.0.0.1:8081/index.php?market_type=crypto&symbol=BTC-USD&buy_multiplier=0.90&sell_multiplier=0.80&trust_percent=90.00&break_buy=0.50&break_gain=0.50&break_loss=0.50&run_analysis=1&live=1",
            "ok": true,
            "status": 200,
            "has_price_payload": true,
            "symbol_probe": null,
            "removed_from_list": false,
            "remove_reason": "",
            "checked_at": "2026-07-28T12:36:06Z"
        },
        {
            "market_type": "crypto",
            "symbol": "ETH-USD",
            "requested_url": "http://127.0.0.1:8081/index.php?market_type=crypto&symbol=ETH-USD&buy_multiplier=0.50&sell_multiplier=0.40&trust_percent=50.00&break_buy=0.50&break_gain=0.50&break_loss=0.50&run_analysis=1&live=1",
            "ok": true,
            "status": 200,
            "has_price_payload": true,
            "symbol_probe": null,
            "removed_from_list": false,
            "remove_reason": "",
            "checked_at": "2026-07-28T12:36:10Z"
        }
    ]
}
[2026-07-28T08:36:10-04:00] php runner end

[2026-07-28T08:41:06-04:00] php runner start
{
    "ran_at": "2026-07-28T12:41:02Z",
    "target_count": 2,
    "target_batch_limit": 2,
    "target_batch_offset": 0,
    "target_batch_next_offset": 0,
    "target_total_available": 2,
    "results": [
        {
            "market_type": "crypto",
            "symbol": "BTC-USD",
            "requested_url": "http://127.0.0.1:8081/index.php?market_type=crypto&symbol=BTC-USD&buy_multiplier=0.90&sell_multiplier=0.80&trust_percent=90.00&break_buy=0.50&break_gain=0.50&break_loss=0.50&run_analysis=1&live=1",
            "ok": true,
            "status": 200,
            "has_price_payload": true,
            "symbol_probe": null,
            "removed_from_list": false,
            "remove_reason": "",
            "checked_at": "2026-07-28T12:41:04Z"
        },
        {
            "market_type": "crypto",
            "symbol": "ETH-USD",
            "requested_url": "http://127.0.0.1:8081/index.php?market_type=crypto&symbol=ETH-USD&buy_multiplier=0.50&sell_multiplier=0.40&trust_percent=50.00&break_buy=0.50&break_gain=0.50&break_loss=0.50&run_analysis=1&live=1",
            "ok": true,
            "status": 200,
            "has_price_payload": true,
            "symbol_probe": null,
            "removed_from_list": false,
            "remove_reason": "",
            "checked_at": "2026-07-28T12:41:06Z"
        }
    ]
}
[2026-07-28T08:41:06-04:00] php runner end

[2026-07-28T08:46:08-04:00] php runner start
{
    "ran_at": "2026-07-28T12:46:02Z",
    "target_count": 2,
    "target_batch_limit": 2,
    "target_batch_offset": 0,
    "target_batch_next_offset": 0,
    "target_total_available": 2,
    "results": [
        {
            "market_type": "crypto",
            "symbol": "BTC-USD",
            "requested_url": "http://127.0.0.1:8081/index.php?market_type=crypto&symbol=BTC-USD&buy_multiplier=0.90&sell_multiplier=0.80&trust_percent=90.00&break_buy=0.50&break_gain=0.50&break_loss=0.50&run_analysis=1&live=1",
            "ok": true,
            "status": 200,
            "has_price_payload": true,
            "symbol_probe": null,
            "removed_from_list": false,
            "remove_reason": "",
            "checked_at": "2026-07-28T12:46:04Z"
        },
        {
            "market_type": "crypto",
            "symbol": "ETH-USD",
            "requested_url": "http://127.0.0.1:8081/index.php?market_type=crypto&symbol=ETH-USD&buy_multiplier=0.50&sell_multiplier=0.40&trust_percent=50.00&break_buy=0.50&break_gain=0.50&break_loss=0.50&run_analysis=1&live=1",
            "ok": true,
            "status": 200,
            "has_price_payload": true,
            "symbol_probe": null,
            "removed_from_list": false,
            "remove_reason": "",
            "checked_at": "2026-07-28T12:46:08Z"
        }
    ]
}
[2026-07-28T08:46:08-04:00] php runner end

[2026-07-28T08:51:08-04:00] php runner start
{
    "ran_at": "2026-07-28T12:51:02Z",
    "target_count": 2,
    "target_batch_limit": 2,
    "target_batch_offset": 0,
    "target_batch_next_offset": 0,
    "target_total_available": 2,
    "results": [
        {
            "market_type": "crypto",
            "symbol": "BTC-USD",
            "requested_url": "http://127.0.0.1:8081/index.php?market_type=crypto&symbol=BTC-USD&buy_multiplier=0.90&sell_multiplier=0.80&trust_percent=90.00&break_buy=0.50&break_gain=0.50&break_loss=0.50&run_analysis=1&live=1",
            "ok": true,
            "status": 200,
            "has_price_payload": true,
            "symbol_probe": null,
            "removed_from_list": false,
            "remove_reason": "",
            "checked_at": "2026-07-28T12:51:06Z"
        },
        {
            "market_type": "crypto",
            "symbol": "ETH-USD",
            "requested_url": "http://127.0.0.1:8081/index.php?market_type=crypto&symbol=ETH-USD&buy_multiplier=0.50&sell_multiplier=0.40&trust_percent=50.00&break_buy=0.50&break_gain=0.50&break_loss=0.50&run_analysis=1&live=1",
            "ok": true,
            "status": 200,
            "has_price_payload": true,
            "symbol_probe": null,
            "removed_from_list": false,
            "remove_reason": "",
            "checked_at": "2026-07-28T12:51:08Z"
        }
    ]
}
[2026-07-28T08:51:08-04:00] php runner end

[2026-07-28T08:56:27-04:00] php runner start
{
    "ran_at": "2026-07-28T12:56:02Z",
    "target_count": 2,
    "target_batch_limit": 2,
    "target_batch_offset": 0,
    "target_batch_next_offset": 0,
    "target_total_available": 2,
    "results": [
        {
            "market_type": "crypto",
            "symbol": "BTC-USD",
            "requested_url": "http://127.0.0.1:8081/index.php?market_type=crypto&symbol=BTC-USD&buy_multiplier=0.90&sell_multiplier=0.80&trust_percent=90.00&break_buy=0.50&break_gain=0.50&break_loss=0.50&run_analysis=1&live=1",
            "ok": false,
            "status": 0,
            "has_price_payload": false,
            "symbol_probe": {
                "url": "https://query1.finance.yahoo.com/v8/finance/chart/BTC-USD?range=1d&interval=5m&includePrePost=false",
                "ok": false,
                "status": 0,
                "looks_real": false
            },
            "removed_from_list": false,
            "remove_reason": "Kept symbol because the local market page did not respond, so this looked like an app availability issue rather than proof that the symbol was invalid.",
            "checked_at": "2026-07-28T12:56:14Z"
        },
        {
            "market_type": "crypto",
            "symbol": "ETH-USD",
            "requested_url": "http://127.0.0.1:8081/index.php?market_type=crypto&symbol=ETH-USD&buy_multiplier=0.50&sell_multiplier=0.40&trust_percent=50.00&break_buy=0.50&break_gain=0.50&break_loss=0.50&run_analysis=1&live=1",
            "ok": false,
            "status": 0,
            "has_price_payload": false,
            "symbol_probe": {
                "url": "https://query1.finance.yahoo.com/v8/finance/chart/ETH-USD?range=1d&interval=5m&includePrePost=false",
                "ok": false,
                "status": 0,
                "looks_real": false
            },
            "removed_from_list": false,
            "remove_reason": "Kept symbol because the local market page did not respond, so this looked like an app availability issue rather than proof that the symbol was invalid.",
            "checked_at": "2026-07-28T12:56:26Z"
        }
    ]
}
[2026-07-28T08:56:27-04:00] php runner end

[2026-07-28T09:01:07-04:00] php runner start
{
    "ran_at": "2026-07-28T13:01:02Z",
    "target_count": 2,
    "target_batch_limit": 2,
    "target_batch_offset": 0,
    "target_batch_next_offset": 0,
    "target_total_available": 2,
    "results": [
        {
            "market_type": "crypto",
            "symbol": "BTC-USD",
            "requested_url": "http://127.0.0.1:8081/index.php?market_type=crypto&symbol=BTC-USD&buy_multiplier=0.90&sell_multiplier=0.80&trust_percent=90.00&break_buy=0.50&break_gain=0.50&break_loss=0.50&run_analysis=1&live=1",
            "ok": true,
            "status": 200,
            "has_price_payload": true,
            "symbol_probe": null,
            "removed_from_list": false,
            "remove_reason": "",
            "checked_at": "2026-07-28T13:01:06Z"
        },
        {
            "market_type": "crypto",
            "symbol": "ETH-USD",
            "requested_url": "http://127.0.0.1:8081/index.php?market_type=crypto&symbol=ETH-USD&buy_multiplier=0.50&sell_multiplier=0.40&trust_percent=50.00&break_buy=0.50&break_gain=0.50&break_loss=0.50&run_analysis=1&live=1",
            "ok": true,
            "status": 200,
            "has_price_payload": true,
            "symbol_probe": null,
            "removed_from_list": false,
            "remove_reason": "",
            "checked_at": "2026-07-28T13:01:07Z"
        }
    ]
}
[2026-07-28T09:01:07-04:00] php runner end

[2026-07-28T09:06:06-04:00] php runner start
{
    "ran_at": "2026-07-28T13:06:03Z",
    "target_count": 2,
    "target_batch_limit": 2,
    "target_batch_offset": 0,
    "target_batch_next_offset": 0,
    "target_total_available": 2,
    "results": [
        {
            "market_type": "crypto",
            "symbol": "BTC-USD",
            "requested_url": "http://127.0.0.1:8081/index.php?market_type=crypto&symbol=BTC-USD&buy_multiplier=0.90&sell_multiplier=0.80&trust_percent=90.00&break_buy=0.50&break_gain=0.50&break_loss=0.50&run_analysis=1&live=1",
            "ok": true,
            "status": 200,
            "has_price_payload": true,
            "symbol_probe": null,
            "removed_from_list": false,
            "remove_reason": "",
            "checked_at": "2026-07-28T13:06:04Z"
        },
        {
            "market_type": "crypto",
            "symbol": "ETH-USD",
            "requested_url": "http://127.0.0.1:8081/index.php?market_type=crypto&symbol=ETH-USD&buy_multiplier=0.50&sell_multiplier=0.40&trust_percent=50.00&break_buy=0.50&break_gain=0.50&break_loss=0.50&run_analysis=1&live=1",
            "ok": true,
            "status": 200,
            "has_price_payload": true,
            "symbol_probe": null,
            "removed_from_list": false,
            "remove_reason": "",
            "checked_at": "2026-07-28T13:06:05Z"
        }
    ]
}
[2026-07-28T09:06:06-04:00] php runner end

[2026-07-28T09:11:05-04:00] php runner start
{
    "ran_at": "2026-07-28T13:11:02Z",
    "target_count": 2,
    "target_batch_limit": 2,
    "target_batch_offset": 0,
    "target_batch_next_offset": 0,
    "target_total_available": 2,
    "results": [
        {
            "market_type": "crypto",
            "symbol": "BTC-USD",
            "requested_url": "http://127.0.0.1:8081/index.php?market_type=crypto&symbol=BTC-USD&buy_multiplier=0.90&sell_multiplier=0.80&trust_percent=90.00&break_buy=0.50&break_gain=0.50&break_loss=0.50&run_analysis=1&live=1",
            "ok": true,
            "status": 200,
            "has_price_payload": true,
            "symbol_probe": null,
            "removed_from_list": false,
            "remove_reason": "",
            "checked_at": "2026-07-28T13:11:03Z"
        },
        {
            "market_type": "crypto",
            "symbol": "ETH-USD",
            "requested_url": "http://127.0.0.1:8081/index.php?market_type=crypto&symbol=ETH-USD&buy_multiplier=0.50&sell_multiplier=0.40&trust_percent=50.00&break_buy=0.50&break_gain=0.50&break_loss=0.50&run_analysis=1&live=1",
            "ok": true,
            "status": 200,
            "has_price_payload": true,
            "symbol_probe": null,
            "removed_from_list": false,
            "remove_reason": "",
            "checked_at": "2026-07-28T13:11:05Z"
        }
    ]
}
[2026-07-28T09:11:05-04:00] php runner end

[2026-07-28T09:16:05-04:00] php runner start
{
    "ran_at": "2026-07-28T13:16:02Z",
    "target_count": 2,
    "target_batch_limit": 2,
    "target_batch_offset": 0,
    "target_batch_next_offset": 0,
    "target_total_available": 2,
    "results": [
        {
            "market_type": "crypto",
            "symbol": "BTC-USD",
            "requested_url": "http://127.0.0.1:8081/index.php?market_type=crypto&symbol=BTC-USD&buy_multiplier=0.90&sell_multiplier=0.80&trust_percent=90.00&break_buy=0.50&break_gain=0.50&break_loss=0.50&run_analysis=1&live=1",
            "ok": true,
            "status": 200,
            "has_price_payload": true,
            "symbol_probe": null,
            "removed_from_list": false,
            "remove_reason": "",
            "checked_at": "2026-07-28T13:16:04Z"
        },
        {
            "market_type": "crypto",
            "symbol": "ETH-USD",
            "requested_url": "http://127.0.0.1:8081/index.php?market_type=crypto&symbol=ETH-USD&buy_multiplier=0.50&sell_multiplier=0.40&trust_percent=50.00&break_buy=0.50&break_gain=0.50&break_loss=0.50&run_analysis=1&live=1",
            "ok": true,
            "status": 200,
            "has_price_payload": true,
            "symbol_probe": null,
            "removed_from_list": false,
            "remove_reason": "",
            "checked_at": "2026-07-28T13:16:05Z"
        }
    ]
}
[2026-07-28T09:16:05-04:00] php runner end

[2026-07-28T09:21:07-04:00] php runner start
{
    "ran_at": "2026-07-28T13:21:02Z",
    "target_count": 2,
    "target_batch_limit": 2,
    "target_batch_offset": 0,
    "target_batch_next_offset": 0,
    "target_total_available": 2,
    "results": [
        {
            "market_type": "crypto",
            "symbol": "BTC-USD",
            "requested_url": "http://127.0.0.1:8081/index.php?market_type=crypto&symbol=BTC-USD&buy_multiplier=0.90&sell_multiplier=0.80&trust_percent=90.00&break_buy=0.50&break_gain=0.50&break_loss=0.50&run_analysis=1&live=1",
            "ok": true,
            "status": 200,
            "has_price_payload": true,
            "symbol_probe": null,
            "removed_from_list": false,
            "remove_reason": "",
            "checked_at": "2026-07-28T13:21:05Z"
        },
        {
            "market_type": "crypto",
            "symbol": "ETH-USD",
            "requested_url": "http://127.0.0.1:8081/index.php?market_type=crypto&symbol=ETH-USD&buy_multiplier=0.50&sell_multiplier=0.40&trust_percent=50.00&break_buy=0.50&break_gain=0.50&break_loss=0.50&run_analysis=1&live=1",
            "ok": true,
            "status": 200,
            "has_price_payload": true,
            "symbol_probe": null,
            "removed_from_list": false,
            "remove_reason": "",
            "checked_at": "2026-07-28T13:21:07Z"
        }
    ]
}
[2026-07-28T09:21:07-04:00] php runner end

[2026-07-28T09:26:04-04:00] php runner start
{
    "ran_at": "2026-07-28T13:26:03Z",
    "target_count": 2,
    "target_batch_limit": 2,
    "target_batch_offset": 0,
    "target_batch_next_offset": 0,
    "target_total_available": 2,
    "results": [
        {
            "market_type": "crypto",
            "symbol": "BTC-USD",
            "requested_url": "http://127.0.0.1:8081/index.php?market_type=crypto&symbol=BTC-USD&buy_multiplier=0.90&sell_multiplier=0.80&trust_percent=90.00&break_buy=0.50&break_gain=0.50&break_loss=0.50&run_analysis=1&live=1",
            "ok": true,
            "status": 200,
            "has_price_payload": true,
            "symbol_probe": null,
            "removed_from_list": false,
            "remove_reason": "",
            "checked_at": "2026-07-28T13:26:03Z"
        },
        {
            "market_type": "crypto",
            "symbol": "ETH-USD",
            "requested_url": "http://127.0.0.1:8081/index.php?market_type=crypto&symbol=ETH-USD&buy_multiplier=0.50&sell_multiplier=0.40&trust_percent=50.00&break_buy=0.50&break_gain=0.50&break_loss=0.50&run_analysis=1&live=1",
            "ok": true,
            "status": 200,
            "has_price_payload": true,
            "symbol_probe": null,
            "removed_from_list": false,
            "remove_reason": "",
            "checked_at": "2026-07-28T13:26:04Z"
        }
    ]
}
[2026-07-28T09:26:04-04:00] php runner end

[2026-07-28T09:31:06-04:00] php runner start
{
    "ran_at": "2026-07-28T13:31:02Z",
    "target_count": 2,
    "target_batch_limit": 2,
    "target_batch_offset": 0,
    "target_batch_next_offset": 0,
    "target_total_available": 2,
    "results": [
        {
            "market_type": "crypto",
            "symbol": "BTC-USD",
            "requested_url": "http://127.0.0.1:8081/index.php?market_type=crypto&symbol=BTC-USD&buy_multiplier=0.90&sell_multiplier=0.80&trust_percent=90.00&break_buy=0.50&break_gain=0.50&break_loss=0.50&run_analysis=1&live=1",
            "ok": true,
            "status": 200,
            "has_price_payload": true,
            "symbol_probe": null,
            "removed_from_list": false,
            "remove_reason": "",
            "checked_at": "2026-07-28T13:31:04Z"
        },
        {
            "market_type": "crypto",
            "symbol": "ETH-USD",
            "requested_url": "http://127.0.0.1:8081/index.php?market_type=crypto&symbol=ETH-USD&buy_multiplier=0.50&sell_multiplier=0.40&trust_percent=50.00&break_buy=0.50&break_gain=0.50&break_loss=0.50&run_analysis=1&live=1",
            "ok": true,
            "status": 200,
            "has_price_payload": true,
            "symbol_probe": null,
            "removed_from_list": false,
            "remove_reason": "",
            "checked_at": "2026-07-28T13:31:06Z"
        }
    ]
}
[2026-07-28T09:31:06-04:00] php runner end

[2026-07-28T09:36:06-04:00] php runner start
{
    "ran_at": "2026-07-28T13:36:02Z",
    "target_count": 2,
    "target_batch_limit": 2,
    "target_batch_offset": 0,
    "target_batch_next_offset": 0,
    "target_total_available": 2,
    "results": [
        {
            "market_type": "crypto",
            "symbol": "BTC-USD",
            "requested_url": "http://127.0.0.1:8081/index.php?market_type=crypto&symbol=BTC-USD&buy_multiplier=0.90&sell_multiplier=0.80&trust_percent=90.00&break_buy=0.50&break_gain=0.50&break_loss=0.50&run_analysis=1&live=1",
            "ok": true,
            "status": 200,
            "has_price_payload": true,
            "symbol_probe": null,
            "removed_from_list": false,
            "remove_reason": "",
            "checked_at": "2026-07-28T13:36:04Z"
        },
        {
            "market_type": "crypto",
            "symbol": "ETH-USD",
            "requested_url": "http://127.0.0.1:8081/index.php?market_type=crypto&symbol=ETH-USD&buy_multiplier=0.50&sell_multiplier=0.40&trust_percent=50.00&break_buy=0.50&break_gain=0.50&break_loss=0.50&run_analysis=1&live=1",
            "ok": true,
            "status": 200,
            "has_price_payload": true,
            "symbol_probe": null,
            "removed_from_list": false,
            "remove_reason": "",
            "checked_at": "2026-07-28T13:36:06Z"
        }
    ]
}
[2026-07-28T09:36:06-04:00] php runner end

[2026-07-28T09:41:10-04:00] php runner start
{
    "ran_at": "2026-07-28T13:41:03Z",
    "target_count": 2,
    "target_batch_limit": 2,
    "target_batch_offset": 0,
    "target_batch_next_offset": 0,
    "target_total_available": 2,
    "results": [
        {
            "market_type": "crypto",
            "symbol": "BTC-USD",
            "requested_url": "http://127.0.0.1:8081/index.php?market_type=crypto&symbol=BTC-USD&buy_multiplier=0.90&sell_multiplier=0.80&trust_percent=90.00&break_buy=0.50&break_gain=0.50&break_loss=0.50&run_analysis=1&live=1",
            "ok": true,
            "status": 200,
            "has_price_payload": true,
            "symbol_probe": null,
            "removed_from_list": false,
            "remove_reason": "",
            "checked_at": "2026-07-28T13:41:07Z"
        },
        {
            "market_type": "crypto",
            "symbol": "ETH-USD",
            "requested_url": "http://127.0.0.1:8081/index.php?market_type=crypto&symbol=ETH-USD&buy_multiplier=0.50&sell_multiplier=0.40&trust_percent=50.00&break_buy=0.50&break_gain=0.50&break_loss=0.50&run_analysis=1&live=1",
            "ok": true,
            "status": 200,
            "has_price_payload": true,
            "symbol_probe": null,
            "removed_from_list": false,
            "remove_reason": "",
            "checked_at": "2026-07-28T13:41:09Z"
        }
    ]
}
[2026-07-28T09:41:10-04:00] php runner end

[2026-07-28T09:46:08-04:00] php runner start
{
    "ran_at": "2026-07-28T13:46:03Z",
    "target_count": 2,
    "target_batch_limit": 2,
    "target_batch_offset": 0,
    "target_batch_next_offset": 0,
    "target_total_available": 2,
    "results": [
        {
            "market_type": "crypto",
            "symbol": "BTC-USD",
            "requested_url": "http://127.0.0.1:8081/index.php?market_type=crypto&symbol=BTC-USD&buy_multiplier=0.90&sell_multiplier=0.80&trust_percent=90.00&break_buy=0.50&break_gain=0.50&break_loss=0.50&run_analysis=1&live=1",
            "ok": true,
            "status": 200,
            "has_price_payload": true,
            "symbol_probe": null,
            "removed_from_list": false,
            "remove_reason": "",
            "checked_at": "2026-07-28T13:46:05Z"
        },
        {
            "market_type": "crypto",
            "symbol": "ETH-USD",
            "requested_url": "http://127.0.0.1:8081/index.php?market_type=crypto&symbol=ETH-USD&buy_multiplier=0.50&sell_multiplier=0.40&trust_percent=50.00&break_buy=0.50&break_gain=0.50&break_loss=0.50&run_analysis=1&live=1",
            "ok": true,
            "status": 200,
            "has_price_payload": true,
            "symbol_probe": null,
            "removed_from_list": false,
            "remove_reason": "",
            "checked_at": "2026-07-28T13:46:08Z"
        }
    ]
}
[2026-07-28T09:46:08-04:00] php runner end

[2026-07-28T09:51:05-04:00] php runner start
{
    "ran_at": "2026-07-28T13:51:03Z",
    "target_count": 2,
    "target_batch_limit": 2,
    "target_batch_offset": 0,
    "target_batch_next_offset": 0,
    "target_total_available": 2,
    "results": [
        {
            "market_type": "crypto",
            "symbol": "BTC-USD",
            "requested_url": "http://127.0.0.1:8081/index.php?market_type=crypto&symbol=BTC-USD&buy_multiplier=0.90&sell_multiplier=0.80&trust_percent=90.00&break_buy=0.50&break_gain=0.50&break_loss=0.50&run_analysis=1&live=1",
            "ok": true,
            "status": 200,
            "has_price_payload": true,
            "symbol_probe": null,
            "removed_from_list": false,
            "remove_reason": "",
            "checked_at": "2026-07-28T13:51:04Z"
        },
        {
            "market_type": "crypto",
            "symbol": "ETH-USD",
            "requested_url": "http://127.0.0.1:8081/index.php?market_type=crypto&symbol=ETH-USD&buy_multiplier=0.50&sell_multiplier=0.40&trust_percent=50.00&break_buy=0.50&break_gain=0.50&break_loss=0.50&run_analysis=1&live=1",
            "ok": true,
            "status": 200,
            "has_price_payload": true,
            "symbol_probe": null,
            "removed_from_list": false,
            "remove_reason": "",
            "checked_at": "2026-07-28T13:51:05Z"
        }
    ]
}
[2026-07-28T09:51:05-04:00] php runner end

[2026-07-28T09:56:06-04:00] php runner start
{
    "ran_at": "2026-07-28T13:56:03Z",
    "target_count": 2,
    "target_batch_limit": 2,
    "target_batch_offset": 0,
    "target_batch_next_offset": 0,
    "target_total_available": 2,
    "results": [
        {
            "market_type": "crypto",
            "symbol": "BTC-USD",
            "requested_url": "http://127.0.0.1:8081/index.php?market_type=crypto&symbol=BTC-USD&buy_multiplier=0.90&sell_multiplier=0.80&trust_percent=90.00&break_buy=0.50&break_gain=0.50&break_loss=0.50&run_analysis=1&live=1",
            "ok": true,
            "status": 200,
            "has_price_payload": true,
            "symbol_probe": null,
            "removed_from_list": false,
            "remove_reason": "",
            "checked_at": "2026-07-28T13:56:04Z"
        },
        {
            "market_type": "crypto",
            "symbol": "ETH-USD",
            "requested_url": "http://127.0.0.1:8081/index.php?market_type=crypto&symbol=ETH-USD&buy_multiplier=0.50&sell_multiplier=0.40&trust_percent=50.00&break_buy=0.50&break_gain=0.50&break_loss=0.50&run_analysis=1&live=1",
            "ok": true,
            "status": 200,
            "has_price_payload": true,
            "symbol_probe": null,
            "removed_from_list": false,
            "remove_reason": "",
            "checked_at": "2026-07-28T13:56:06Z"
        }
    ]
}
[2026-07-28T09:56:06-04:00] php runner end

[2026-07-28T10:01:08-04:00] php runner start
{
    "ran_at": "2026-07-28T14:01:03Z",
    "target_count": 2,
    "target_batch_limit": 2,
    "target_batch_offset": 0,
    "target_batch_next_offset": 0,
    "target_total_available": 2,
    "results": [
        {
            "market_type": "crypto",
            "symbol": "BTC-USD",
            "requested_url": "http://127.0.0.1:8081/index.php?market_type=crypto&symbol=BTC-USD&buy_multiplier=0.90&sell_multiplier=0.80&trust_percent=90.00&break_buy=0.50&break_gain=0.50&break_loss=0.50&run_analysis=1&live=1",
            "ok": true,
            "status": 200,
            "has_price_payload": true,
            "symbol_probe": null,
            "removed_from_list": false,
            "remove_reason": "",
            "checked_at": "2026-07-28T14:01:06Z"
        },
        {
            "market_type": "crypto",
            "symbol": "ETH-USD",
            "requested_url": "http://127.0.0.1:8081/index.php?market_type=crypto&symbol=ETH-USD&buy_multiplier=0.50&sell_multiplier=0.40&trust_percent=50.00&break_buy=0.50&break_gain=0.50&break_loss=0.50&run_analysis=1&live=1",
            "ok": true,
            "status": 200,
            "has_price_payload": true,
            "symbol_probe": null,
            "removed_from_list": false,
            "remove_reason": "",
            "checked_at": "2026-07-28T14:01:08Z"
        }
    ]
}
[2026-07-28T10:01:08-04:00] php runner end

[2026-07-28T10:06:14-04:00] php runner start
{
    "ran_at": "2026-07-28T14:06:03Z",
    "target_count": 2,
    "target_batch_limit": 2,
    "target_batch_offset": 0,
    "target_batch_next_offset": 0,
    "target_total_available": 2,
    "results": [
        {
            "market_type": "crypto",
            "symbol": "BTC-USD",
            "requested_url": "http://127.0.0.1:8081/index.php?market_type=crypto&symbol=BTC-USD&buy_multiplier=0.90&sell_multiplier=0.80&trust_percent=90.00&break_buy=0.50&break_gain=0.50&break_loss=0.50&run_analysis=1&live=1",
            "ok": true,
            "status": 200,
            "has_price_payload": true,
            "symbol_probe": null,
            "removed_from_list": false,
            "remove_reason": "",
            "checked_at": "2026-07-28T14:06:06Z"
        },
        {
            "market_type": "crypto",
            "symbol": "ETH-USD",
            "requested_url": "http://127.0.0.1:8081/index.php?market_type=crypto&symbol=ETH-USD&buy_multiplier=0.50&sell_multiplier=0.40&trust_percent=50.00&break_buy=0.50&break_gain=0.50&break_loss=0.50&run_analysis=1&live=1",
            "ok": true,
            "status": 200,
            "has_price_payload": true,
            "symbol_probe": null,
            "removed_from_list": false,
            "remove_reason": "",
            "checked_at": "2026-07-28T14:06:14Z"
        }
    ]
}
[2026-07-28T10:06:14-04:00] php runner end

[2026-07-28T10:11:08-04:00] php runner start
{
    "ran_at": "2026-07-28T14:11:03Z",
    "target_count": 2,
    "target_batch_limit": 2,
    "target_batch_offset": 0,
    "target_batch_next_offset": 0,
    "target_total_available": 2,
    "results": [
        {
            "market_type": "crypto",
            "symbol": "BTC-USD",
            "requested_url": "http://127.0.0.1:8081/index.php?market_type=crypto&symbol=BTC-USD&buy_multiplier=0.90&sell_multiplier=0.80&trust_percent=90.00&break_buy=0.50&break_gain=0.50&break_loss=0.50&run_analysis=1&live=1",
            "ok": true,
            "status": 200,
            "has_price_payload": true,
            "symbol_probe": null,
            "removed_from_list": false,
            "remove_reason": "",
            "checked_at": "2026-07-28T14:11:05Z"
        },
        {
            "market_type": "crypto",
            "symbol": "ETH-USD",
            "requested_url": "http://127.0.0.1:8081/index.php?market_type=crypto&symbol=ETH-USD&buy_multiplier=0.50&sell_multiplier=0.40&trust_percent=50.00&break_buy=0.50&break_gain=0.50&break_loss=0.50&run_analysis=1&live=1",
            "ok": true,
            "status": 200,
            "has_price_payload": true,
            "symbol_probe": null,
            "removed_from_list": false,
            "remove_reason": "",
            "checked_at": "2026-07-28T14:11:08Z"
        }
    ]
}
[2026-07-28T10:11:08-04:00] php runner end

[2026-07-28T10:16:05-04:00] php runner start
{
    "ran_at": "2026-07-28T14:16:03Z",
    "target_count": 2,
    "target_batch_limit": 2,
    "target_batch_offset": 0,
    "target_batch_next_offset": 0,
    "target_total_available": 2,
    "results": [
        {
            "market_type": "crypto",
            "symbol": "BTC-USD",
            "requested_url": "http://127.0.0.1:8081/index.php?market_type=crypto&symbol=BTC-USD&buy_multiplier=0.90&sell_multiplier=0.80&trust_percent=90.00&break_buy=0.50&break_gain=0.50&break_loss=0.50&run_analysis=1&live=1",
            "ok": true,
            "status": 200,
            "has_price_payload": true,
            "symbol_probe": null,
            "removed_from_list": false,
            "remove_reason": "",
            "checked_at": "2026-07-28T14:16:04Z"
        },
        {
            "market_type": "crypto",
            "symbol": "ETH-USD",
            "requested_url": "http://127.0.0.1:8081/index.php?market_type=crypto&symbol=ETH-USD&buy_multiplier=0.50&sell_multiplier=0.40&trust_percent=50.00&break_buy=0.50&break_gain=0.50&break_loss=0.50&run_analysis=1&live=1",
            "ok": true,
            "status": 200,
            "has_price_payload": true,
            "symbol_probe": null,
            "removed_from_list": false,
            "remove_reason": "",
            "checked_at": "2026-07-28T14:16:05Z"
        }
    ]
}
[2026-07-28T10:16:05-04:00] php runner end

[2026-07-28T10:21:10-04:00] php runner start
{
    "ran_at": "2026-07-28T14:21:02Z",
    "target_count": 2,
    "target_batch_limit": 2,
    "target_batch_offset": 0,
    "target_batch_next_offset": 0,
    "target_total_available": 2,
    "results": [
        {
            "market_type": "crypto",
            "symbol": "BTC-USD",
            "requested_url": "http://127.0.0.1:8081/index.php?market_type=crypto&symbol=BTC-USD&buy_multiplier=0.90&sell_multiplier=0.80&trust_percent=90.00&break_buy=0.50&break_gain=0.50&break_loss=0.50&run_analysis=1&live=1",
            "ok": true,
            "status": 200,
            "has_price_payload": true,
            "symbol_probe": null,
            "removed_from_list": false,
            "remove_reason": "",
            "checked_at": "2026-07-28T14:21:06Z"
        },
        {
            "market_type": "crypto",
            "symbol": "ETH-USD",
            "requested_url": "http://127.0.0.1:8081/index.php?market_type=crypto&symbol=ETH-USD&buy_multiplier=0.50&sell_multiplier=0.40&trust_percent=50.00&break_buy=0.50&break_gain=0.50&break_loss=0.50&run_analysis=1&live=1",
            "ok": true,
            "status": 200,
            "has_price_payload": true,
            "symbol_probe": null,
            "removed_from_list": false,
            "remove_reason": "",
            "checked_at": "2026-07-28T14:21:10Z"
        }
    ]
}
[2026-07-28T10:21:10-04:00] php runner end

[2026-07-28T10:26:25-04:00] php runner start
{
    "ran_at": "2026-07-28T14:26:03Z",
    "target_count": 2,
    "target_batch_limit": 2,
    "target_batch_offset": 0,
    "target_batch_next_offset": 0,
    "target_total_available": 2,
    "results": [
        {
            "market_type": "crypto",
            "symbol": "BTC-USD",
            "requested_url": "http://127.0.0.1:8081/index.php?market_type=crypto&symbol=BTC-USD&buy_multiplier=0.90&sell_multiplier=0.80&trust_percent=90.00&break_buy=0.50&break_gain=0.50&break_loss=0.50&run_analysis=1&live=1",
            "ok": false,
            "status": 0,
            "has_price_payload": false,
            "symbol_probe": {
                "url": "https://query1.finance.yahoo.com/v8/finance/chart/BTC-USD?range=1d&interval=5m&includePrePost=false",
                "ok": false,
                "status": 0,
                "looks_real": false
            },
            "removed_from_list": false,
            "remove_reason": "Kept symbol because the local market page did not respond, so this looked like an app availability issue rather than proof that the symbol was invalid.",
            "checked_at": "2026-07-28T14:26:15Z"
        },
        {
            "market_type": "crypto",
            "symbol": "ETH-USD",
            "requested_url": "http://127.0.0.1:8081/index.php?market_type=crypto&symbol=ETH-USD&buy_multiplier=0.50&sell_multiplier=0.40&trust_percent=50.00&break_buy=0.50&break_gain=0.50&break_loss=0.50&run_analysis=1&live=1",
            "ok": true,
            "status": 200,
            "has_price_payload": true,
            "symbol_probe": null,
            "removed_from_list": false,
            "remove_reason": "",
            "checked_at": "2026-07-28T14:26:24Z"
        }
    ]
}
[2026-07-28T10:26:25-04:00] php runner end

[2026-07-28T10:31:11-04:00] php runner start
{
    "ran_at": "2026-07-28T14:31:03Z",
    "target_count": 2,
    "target_batch_limit": 2,
    "target_batch_offset": 0,
    "target_batch_next_offset": 0,
    "target_total_available": 2,
    "results": [
        {
            "market_type": "crypto",
            "symbol": "BTC-USD",
            "requested_url": "http://localhost:8081/index.php?market_type=crypto&symbol=BTC-USD&buy_multiplier=0.90&sell_multiplier=0.80&trust_percent=90.00&break_buy=0.50&break_gain=0.50&break_loss=0.50&run_analysis=1&live=1",
            "ok": true,
            "status": 200,
            "has_price_payload": true,
            "symbol_probe": null,
            "removed_from_list": false,
            "remove_reason": "",
            "checked_at": "2026-07-28T14:31:07Z"
        },
        {
            "market_type": "crypto",
            "symbol": "ETH-USD",
            "requested_url": "http://127.0.0.1:8081/index.php?market_type=crypto&symbol=ETH-USD&buy_multiplier=0.50&sell_multiplier=0.40&trust_percent=50.00&break_buy=0.50&break_gain=0.50&break_loss=0.50&run_analysis=1&live=1",
            "ok": true,
            "status": 200,
            "has_price_payload": true,
            "symbol_probe": null,
            "removed_from_list": false,
            "remove_reason": "",
            "checked_at": "2026-07-28T14:31:11Z"
        }
    ]
}
[2026-07-28T10:31:11-04:00] php runner end

[2026-07-28T10:36:31-04:00] php runner start
{
    "ran_at": "2026-07-28T14:36:03Z",
    "target_count": 2,
    "target_batch_limit": 2,
    "target_batch_offset": 0,
    "target_batch_next_offset": 0,
    "target_total_available": 2,
    "results": [
        {
            "market_type": "crypto",
            "symbol": "BTC-USD",
            "requested_url": "http://localhost:8081/index.php?market_type=crypto&symbol=BTC-USD&buy_multiplier=0.90&sell_multiplier=0.80&trust_percent=90.00&break_buy=0.50&break_gain=0.50&break_loss=0.50&run_analysis=1&live=1",
            "ok": false,
            "status": 0,
            "has_price_payload": false,
            "symbol_probe": {
                "url": "https://query1.finance.yahoo.com/v8/finance/chart/BTC-USD?range=1d&interval=5m&includePrePost=false",
                "ok": false,
                "status": 0,
                "looks_real": false
            },
            "removed_from_list": false,
            "remove_reason": "Kept symbol because the local market page did not respond, so this looked like an app availability issue rather than proof that the symbol was invalid.",
            "checked_at": "2026-07-28T14:36:17Z"
        },
        {
            "market_type": "crypto",
            "symbol": "ETH-USD",
            "requested_url": "http://localhost:8081/index.php?market_type=crypto&symbol=ETH-USD&buy_multiplier=0.50&sell_multiplier=0.40&trust_percent=50.00&break_buy=0.50&break_gain=0.50&break_loss=0.50&run_analysis=1&live=1",
            "ok": false,
            "status": 0,
            "has_price_payload": false,
            "symbol_probe": {
                "url": "https://query1.finance.yahoo.com/v8/finance/chart/ETH-USD?range=1d&interval=5m&includePrePost=false",
                "ok": false,
                "status": 0,
                "looks_real": false
            },
            "removed_from_list": false,
            "remove_reason": "Kept symbol because the local market page did not respond, so this looked like an app availability issue rather than proof that the symbol was invalid.",
            "checked_at": "2026-07-28T14:36:31Z"
        }
    ]
}
[2026-07-28T10:36:31-04:00] php runner end

[2026-07-28T10:41:16-04:00] php runner start
{
    "ran_at": "2026-07-28T14:41:03Z",
    "target_count": 2,
    "target_batch_limit": 2,
    "target_batch_offset": 0,
    "target_batch_next_offset": 0,
    "target_total_available": 2,
    "results": [
        {
            "market_type": "crypto",
            "symbol": "BTC-USD",
            "requested_url": "http://localhost:8081/index.php?market_type=crypto&symbol=BTC-USD&buy_multiplier=0.90&sell_multiplier=0.80&trust_percent=90.00&break_buy=0.50&break_gain=0.50&break_loss=0.50&run_analysis=1&live=1",
            "ok": true,
            "status": 200,
            "has_price_payload": true,
            "symbol_probe": null,
            "removed_from_list": false,
            "remove_reason": "",
            "checked_at": "2026-07-28T14:41:10Z"
        },
        {
            "market_type": "crypto",
            "symbol": "ETH-USD",
            "requested_url": "http://localhost:8081/index.php?market_type=crypto&symbol=ETH-USD&buy_multiplier=0.50&sell_multiplier=0.40&trust_percent=50.00&break_buy=0.50&break_gain=0.50&break_loss=0.50&run_analysis=1&live=1",
            "ok": true,
            "status": 200,
            "has_price_payload": true,
            "symbol_probe": null,
            "removed_from_list": false,
            "remove_reason": "",
            "checked_at": "2026-07-28T14:41:16Z"
        }
    ]
}
[2026-07-28T10:41:16-04:00] php runner end

[2026-07-28T10:46:27-04:00] php runner start
{
    "ran_at": "2026-07-28T14:46:03Z",
    "target_count": 2,
    "target_batch_limit": 2,
    "target_batch_offset": 0,
    "target_batch_next_offset": 0,
    "target_total_available": 2,
    "results": [
        {
            "market_type": "crypto",
            "symbol": "BTC-USD",
            "requested_url": "http://localhost:8081/index.php?market_type=crypto&symbol=BTC-USD&buy_multiplier=0.90&sell_multiplier=0.80&trust_percent=90.00&break_buy=0.50&break_gain=0.50&break_loss=0.50&run_analysis=1&live=1",
            "ok": true,
            "status": 200,
            "has_price_payload": true,
            "symbol_probe": null,
            "removed_from_list": false,
            "remove_reason": "",
            "checked_at": "2026-07-28T14:46:13Z"
        },
        {
            "market_type": "crypto",
            "symbol": "ETH-USD",
            "requested_url": "http://localhost:8081/index.php?market_type=crypto&symbol=ETH-USD&buy_multiplier=0.50&sell_multiplier=0.40&trust_percent=50.00&break_buy=0.50&break_gain=0.50&break_loss=0.50&run_analysis=1&live=1",
            "ok": false,
            "status": 0,
            "has_price_payload": false,
            "symbol_probe": {
                "url": "https://query1.finance.yahoo.com/v8/finance/chart/ETH-USD?range=1d&interval=5m&includePrePost=false",
                "ok": false,
                "status": 0,
                "looks_real": false
            },
            "removed_from_list": false,
            "remove_reason": "Kept symbol because the local market page did not respond, so this looked like an app availability issue rather than proof that the symbol was invalid.",
            "checked_at": "2026-07-28T14:46:27Z"
        }
    ]
}
[2026-07-28T10:46:27-04:00] php runner end

[2026-07-28T10:51:11-04:00] php runner start
{
    "ran_at": "2026-07-28T14:51:03Z",
    "target_count": 2,
    "target_batch_limit": 2,
    "target_batch_offset": 0,
    "target_batch_next_offset": 0,
    "target_total_available": 2,
    "results": [
        {
            "market_type": "crypto",
            "symbol": "BTC-USD",
            "requested_url": "http://localhost:8081/index.php?market_type=crypto&symbol=BTC-USD&buy_multiplier=0.90&sell_multiplier=0.80&trust_percent=90.00&break_buy=0.50&break_gain=0.50&break_loss=0.50&run_analysis=1&live=1",
            "ok": true,
            "status": 200,
            "has_price_payload": true,
            "symbol_probe": null,
            "removed_from_list": false,
            "remove_reason": "",
            "checked_at": "2026-07-28T14:51:07Z"
        },
        {
            "market_type": "crypto",
            "symbol": "ETH-USD",
            "requested_url": "http://localhost:8081/index.php?market_type=crypto&symbol=ETH-USD&buy_multiplier=0.50&sell_multiplier=0.40&trust_percent=50.00&break_buy=0.50&break_gain=0.50&break_loss=0.50&run_analysis=1&live=1",
            "ok": true,
            "status": 200,
            "has_price_payload": true,
            "symbol_probe": null,
            "removed_from_list": false,
            "remove_reason": "",
            "checked_at": "2026-07-28T14:51:11Z"
        }
    ]
}
[2026-07-28T10:51:11-04:00] php runner end

[2026-07-28T10:56:10-04:00] php runner start
{
    "ran_at": "2026-07-28T14:56:03Z",
    "target_count": 2,
    "target_batch_limit": 2,
    "target_batch_offset": 0,
    "target_batch_next_offset": 0,
    "target_total_available": 2,
    "results": [
        {
            "market_type": "crypto",
            "symbol": "BTC-USD",
            "requested_url": "http://localhost:8081/index.php?market_type=crypto&symbol=BTC-USD&buy_multiplier=0.90&sell_multiplier=0.80&trust_percent=90.00&break_buy=0.50&break_gain=0.50&break_loss=0.50&run_analysis=1&live=1",
            "ok": true,
            "status": 200,
            "has_price_payload": true,
            "symbol_probe": null,
            "removed_from_list": false,
            "remove_reason": "",
            "checked_at": "2026-07-28T14:56:07Z"
        },
        {
            "market_type": "crypto",
            "symbol": "ETH-USD",
            "requested_url": "http://localhost:8081/index.php?market_type=crypto&symbol=ETH-USD&buy_multiplier=0.50&sell_multiplier=0.40&trust_percent=50.00&break_buy=0.50&break_gain=0.50&break_loss=0.50&run_analysis=1&live=1",
            "ok": true,
            "status": 200,
            "has_price_payload": true,
            "symbol_probe": null,
            "removed_from_list": false,
            "remove_reason": "",
            "checked_at": "2026-07-28T14:56:10Z"
        }
    ]
}
[2026-07-28T10:56:10-04:00] php runner end

[2026-07-28T11:01:19-04:00] php runner start
{
    "ran_at": "2026-07-28T15:01:03Z",
    "target_count": 2,
    "target_batch_limit": 2,
    "target_batch_offset": 0,
    "target_batch_next_offset": 0,
    "target_total_available": 2,
    "results": [
        {
            "market_type": "crypto",
            "symbol": "BTC-USD",
            "requested_url": "http://localhost:8081/index.php?market_type=crypto&symbol=BTC-USD&buy_multiplier=0.90&sell_multiplier=0.80&trust_percent=90.00&break_buy=0.50&break_gain=0.50&break_loss=0.50&run_analysis=1&live=1",
            "ok": true,
            "status": 200,
            "has_price_payload": true,
            "symbol_probe": null,
            "removed_from_list": false,
            "remove_reason": "",
            "checked_at": "2026-07-28T15:01:07Z"
        },
        {
            "market_type": "crypto",
            "symbol": "ETH-USD",
            "requested_url": "http://127.0.0.1:8081/index.php?market_type=crypto&symbol=ETH-USD&buy_multiplier=0.50&sell_multiplier=0.40&trust_percent=50.00&break_buy=0.50&break_gain=0.50&break_loss=0.50&run_analysis=1&live=1",
            "ok": false,
            "status": 0,
            "has_price_payload": false,
            "symbol_probe": {
                "url": "https://query1.finance.yahoo.com/v8/finance/chart/ETH-USD?range=1d&interval=5m&includePrePost=false",
                "ok": false,
                "status": 0,
                "looks_real": false
            },
            "removed_from_list": false,
            "remove_reason": "Kept symbol because the local market page did not respond, so this looked like an app availability issue rather than proof that the symbol was invalid.",
            "checked_at": "2026-07-28T15:01:19Z"
        }
    ]
}
[2026-07-28T11:01:19-04:00] php runner end

[2026-07-28T11:06:20-04:00] php runner start
{
    "ran_at": "2026-07-28T15:06:03Z",
    "target_count": 2,
    "target_batch_limit": 2,
    "target_batch_offset": 0,
    "target_batch_next_offset": 0,
    "target_total_available": 2,
    "results": [
        {
            "market_type": "crypto",
            "symbol": "BTC-USD",
            "requested_url": "http://localhost:8081/index.php?market_type=crypto&symbol=BTC-USD&buy_multiplier=0.70&sell_multiplier=0.80&trust_percent=90.00&break_buy=0.50&break_gain=0.50&break_loss=0.50&run_analysis=1&live=1",
            "ok": false,
            "status": 0,
            "has_price_payload": false,
            "symbol_probe": {
                "url": "https://query1.finance.yahoo.com/v8/finance/chart/BTC-USD?range=1d&interval=5m&includePrePost=false",
                "ok": false,
                "status": 0,
                "looks_real": false
            },
            "removed_from_list": false,
            "remove_reason": "Kept symbol because the local market page did not respond, so this looked like an app availability issue rather than proof that the symbol was invalid.",
            "checked_at": "2026-07-28T15:06:17Z"
        },
        {
            "market_type": "crypto",
            "symbol": "ETH-USD",
            "requested_url": "http://127.0.0.1:8081/index.php?market_type=crypto&symbol=ETH-USD&buy_multiplier=0.50&sell_multiplier=0.40&trust_percent=50.00&break_buy=0.50&break_gain=0.50&break_loss=0.50&run_analysis=1&live=1",
            "ok": true,
            "status": 200,
            "has_price_payload": true,
            "symbol_probe": null,
            "removed_from_list": false,
            "remove_reason": "",
            "checked_at": "2026-07-28T15:06:20Z"
        }
    ]
}
[2026-07-28T11:06:20-04:00] php runner end

[2026-07-28T11:11:25-04:00] php runner start
{
    "ran_at": "2026-07-28T15:11:03Z",
    "target_count": 2,
    "target_batch_limit": 2,
    "target_batch_offset": 0,
    "target_batch_next_offset": 0,
    "target_total_available": 2,
    "results": [
        {
            "market_type": "crypto",
            "symbol": "BTC-USD",
            "requested_url": "http://localhost:8081/index.php?market_type=crypto&symbol=BTC-USD&buy_multiplier=0.70&sell_multiplier=0.80&trust_percent=90.00&break_buy=0.50&break_gain=0.50&break_loss=0.50&run_analysis=1&live=1",
            "ok": false,
            "status": 0,
            "has_price_payload": false,
            "symbol_probe": {
                "url": "https://query1.finance.yahoo.com/v8/finance/chart/BTC-USD?range=1d&interval=5m&includePrePost=false",
                "ok": false,
                "status": 0,
                "looks_real": false
            },
            "removed_from_list": false,
            "remove_reason": "Kept symbol because the local market page did not respond, so this looked like an app availability issue rather than proof that the symbol was invalid.",
            "checked_at": "2026-07-28T15:11:17Z"
        },
        {
            "market_type": "crypto",
            "symbol": "ETH-USD",
            "requested_url": "http://127.0.0.1:8081/index.php?market_type=crypto&symbol=ETH-USD&buy_multiplier=0.50&sell_multiplier=0.40&trust_percent=50.00&break_buy=0.50&break_gain=0.50&break_loss=0.50&run_analysis=1&live=1",
            "ok": true,
            "status": 200,
            "has_price_payload": true,
            "symbol_probe": null,
            "removed_from_list": false,
            "remove_reason": "",
            "checked_at": "2026-07-28T15:11:25Z"
        }
    ]
}
[2026-07-28T11:11:25-04:00] php runner end

[2026-07-28T11:16:28-04:00] php runner start
{
    "ran_at": "2026-07-28T15:16:03Z",
    "target_count": 2,
    "target_batch_limit": 2,
    "target_batch_offset": 0,
    "target_batch_next_offset": 0,
    "target_total_available": 2,
    "results": [
        {
            "market_type": "crypto",
            "symbol": "BTC-USD",
            "requested_url": "http://localhost:8081/index.php?market_type=crypto&symbol=BTC-USD&buy_multiplier=0.70&sell_multiplier=0.80&trust_percent=90.00&break_buy=0.50&break_gain=0.50&break_loss=0.50&run_analysis=1&live=1",
            "ok": true,
            "status": 200,
            "has_price_payload": true,
            "symbol_probe": null,
            "removed_from_list": false,
            "remove_reason": "",
            "checked_at": "2026-07-28T15:16:16Z"
        },
        {
            "market_type": "crypto",
            "symbol": "ETH-USD",
            "requested_url": "http://127.0.0.1:8081/index.php?market_type=crypto&symbol=ETH-USD&buy_multiplier=0.50&sell_multiplier=0.40&trust_percent=50.00&break_buy=0.50&break_gain=0.50&break_loss=0.50&run_analysis=1&live=1",
            "ok": false,
            "status": 0,
            "has_price_payload": false,
            "symbol_probe": {
                "url": "https://query1.finance.yahoo.com/v8/finance/chart/ETH-USD?range=1d&interval=5m&includePrePost=false",
                "ok": false,
                "status": 0,
                "looks_real": false
            },
            "removed_from_list": false,
            "remove_reason": "Kept symbol because the local market page did not respond, so this looked like an app availability issue rather than proof that the symbol was invalid.",
            "checked_at": "2026-07-28T15:16:28Z"
        }
    ]
}
[2026-07-28T11:16:28-04:00] php runner end

[2026-07-28T11:21:20-04:00] php runner start
{
    "ran_at": "2026-07-28T15:21:03Z",
    "target_count": 2,
    "target_batch_limit": 2,
    "target_batch_offset": 0,
    "target_batch_next_offset": 0,
    "target_total_available": 2,
    "results": [
        {
            "market_type": "crypto",
            "symbol": "BTC-USD",
            "requested_url": "http://localhost:8081/index.php?market_type=crypto&symbol=BTC-USD&buy_multiplier=0.70&sell_multiplier=0.80&trust_percent=90.00&break_buy=0.50&break_gain=0.50&break_loss=0.50&run_analysis=1&live=1",
            "ok": true,
            "status": 200,
            "has_price_payload": true,
            "symbol_probe": null,
            "removed_from_list": false,
            "remove_reason": "",
            "checked_at": "2026-07-28T15:21:07Z"
        },
        {
            "market_type": "crypto",
            "symbol": "ETH-USD",
            "requested_url": "http://127.0.0.1:8081/index.php?market_type=crypto&symbol=ETH-USD&buy_multiplier=0.50&sell_multiplier=0.40&trust_percent=50.00&break_buy=0.50&break_gain=0.50&break_loss=0.50&run_analysis=1&live=1",
            "ok": false,
            "status": 0,
            "has_price_payload": false,
            "symbol_probe": {
                "url": "https://query1.finance.yahoo.com/v8/finance/chart/ETH-USD?range=1d&interval=5m&includePrePost=false",
                "ok": false,
                "status": 0,
                "looks_real": false
            },
            "removed_from_list": false,
            "remove_reason": "Kept symbol because the local market page did not respond, so this looked like an app availability issue rather than proof that the symbol was invalid.",
            "checked_at": "2026-07-28T15:21:19Z"
        }
    ]
}
[2026-07-28T11:21:20-04:00] php runner end

[2026-07-28T11:26:29-04:00] php runner start
{
    "ran_at": "2026-07-28T15:26:03Z",
    "target_count": 2,
    "target_batch_limit": 2,
    "target_batch_offset": 0,
    "target_batch_next_offset": 0,
    "target_total_available": 2,
    "results": [
        {
            "market_type": "crypto",
            "symbol": "BTC-USD",
            "requested_url": "http://localhost:8081/index.php?market_type=crypto&symbol=BTC-USD&buy_multiplier=0.70&sell_multiplier=0.80&trust_percent=90.00&break_buy=0.50&break_gain=0.50&break_loss=0.50&run_analysis=1&live=1",
            "ok": false,
            "status": 0,
            "has_price_payload": false,
            "symbol_probe": {
                "url": "https://query1.finance.yahoo.com/v8/finance/chart/BTC-USD?range=1d&interval=5m&includePrePost=false",
                "ok": false,
                "status": 0,
                "looks_real": false
            },
            "removed_from_list": false,
            "remove_reason": "Kept symbol because the local market page did not respond, so this looked like an app availability issue rather than proof that the symbol was invalid.",
            "checked_at": "2026-07-28T15:26:17Z"
        },
        {
            "market_type": "crypto",
            "symbol": "ETH-USD",
            "requested_url": "http://127.0.0.1:8081/index.php?market_type=crypto&symbol=ETH-USD&buy_multiplier=0.50&sell_multiplier=0.40&trust_percent=50.00&break_buy=0.50&break_gain=0.50&break_loss=0.50&run_analysis=1&live=1",
            "ok": false,
            "status": 0,
            "has_price_payload": false,
            "symbol_probe": {
                "url": "https://query1.finance.yahoo.com/v8/finance/chart/ETH-USD?range=1d&interval=5m&includePrePost=false",
                "ok": false,
                "status": 0,
                "looks_real": false
            },
            "removed_from_list": false,
            "remove_reason": "Kept symbol because the local market page did not respond, so this looked like an app availability issue rather than proof that the symbol was invalid.",
            "checked_at": "2026-07-28T15:26:29Z"
        }
    ]
}
[2026-07-28T11:26:29-04:00] php runner end

[2026-07-28T11:31:09-04:00] php runner start
{
    "ran_at": "2026-07-28T15:31:03Z",
    "target_count": 2,
    "target_batch_limit": 2,
    "target_batch_offset": 0,
    "target_batch_next_offset": 0,
    "target_total_available": 2,
    "results": [
        {
            "market_type": "crypto",
            "symbol": "BTC-USD",
            "requested_url": "http://localhost:8081/index.php?market_type=crypto&symbol=BTC-USD&buy_multiplier=0.70&sell_multiplier=0.80&trust_percent=90.00&break_buy=0.50&break_gain=0.50&break_loss=0.50&run_analysis=1&live=1",
            "ok": true,
            "status": 200,
            "has_price_payload": true,
            "symbol_probe": null,
            "removed_from_list": false,
            "remove_reason": "",
            "checked_at": "2026-07-28T15:31:08Z"
        },
        {
            "market_type": "crypto",
            "symbol": "ETH-USD",
            "requested_url": "http://127.0.0.1:8081/index.php?market_type=crypto&symbol=ETH-USD&buy_multiplier=0.50&sell_multiplier=0.40&trust_percent=50.00&break_buy=0.50&break_gain=0.50&break_loss=0.50&run_analysis=1&live=1",
            "ok": true,
            "status": 200,
            "has_price_payload": true,
            "symbol_probe": null,
            "removed_from_list": false,
            "remove_reason": "",
            "checked_at": "2026-07-28T15:31:09Z"
        }
    ]
}
[2026-07-28T11:31:09-04:00] php runner end

[2026-07-28T11:36:29-04:00] php runner start
{
    "ran_at": "2026-07-28T15:36:03Z",
    "target_count": 2,
    "target_batch_limit": 2,
    "target_batch_offset": 0,
    "target_batch_next_offset": 0,
    "target_total_available": 2,
    "results": [
        {
            "market_type": "crypto",
            "symbol": "BTC-USD",
            "requested_url": "http://localhost:8081/index.php?market_type=crypto&symbol=BTC-USD&buy_multiplier=0.70&sell_multiplier=0.80&trust_percent=90.00&break_buy=0.50&break_gain=0.50&break_loss=0.50&run_analysis=1&live=1",
            "ok": false,
            "status": 0,
            "has_price_payload": false,
            "symbol_probe": {
                "url": "https://query1.finance.yahoo.com/v8/finance/chart/BTC-USD?range=1d&interval=5m&includePrePost=false",
                "ok": false,
                "status": 0,
                "looks_real": false
            },
            "removed_from_list": false,
            "remove_reason": "Kept symbol because the local market page did not respond, so this looked like an app availability issue rather than proof that the symbol was invalid.",
            "checked_at": "2026-07-28T15:36:17Z"
        },
        {
            "market_type": "crypto",
            "symbol": "ETH-USD",
            "requested_url": "http://127.0.0.1:8081/index.php?market_type=crypto&symbol=ETH-USD&buy_multiplier=0.50&sell_multiplier=0.40&trust_percent=50.00&break_buy=0.50&break_gain=0.50&break_loss=0.50&run_analysis=1&live=1",
            "ok": false,
            "status": 0,
            "has_price_payload": false,
            "symbol_probe": {
                "url": "https://query1.finance.yahoo.com/v8/finance/chart/ETH-USD?range=1d&interval=5m&includePrePost=false",
                "ok": false,
                "status": 0,
                "looks_real": false
            },
            "removed_from_list": false,
            "remove_reason": "Kept symbol because the local market page did not respond, so this looked like an app availability issue rather than proof that the symbol was invalid.",
            "checked_at": "2026-07-28T15:36:29Z"
        }
    ]
}
[2026-07-28T11:36:29-04:00] php runner end

[2026-07-28T11:41:23-04:00] php runner start
{
    "ran_at": "2026-07-28T15:41:03Z",
    "target_count": 2,
    "target_batch_limit": 2,
    "target_batch_offset": 0,
    "target_batch_next_offset": 0,
    "target_total_available": 2,
    "results": [
        {
            "market_type": "crypto",
            "symbol": "BTC-USD",
            "requested_url": "http://localhost:8081/index.php?market_type=crypto&symbol=BTC-USD&buy_multiplier=0.70&sell_multiplier=0.80&trust_percent=90.00&break_buy=0.50&break_gain=0.50&break_loss=0.50&run_analysis=1&live=1",
            "ok": true,
            "status": 200,
            "has_price_payload": true,
            "symbol_probe": null,
            "removed_from_list": false,
            "remove_reason": "",
            "checked_at": "2026-07-28T15:41:13Z"
        },
        {
            "market_type": "crypto",
            "symbol": "ETH-USD",
            "requested_url": "http://127.0.0.1:8081/index.php?market_type=crypto&symbol=ETH-USD&buy_multiplier=0.50&sell_multiplier=0.40&trust_percent=50.00&break_buy=0.50&break_gain=0.50&break_loss=0.50&run_analysis=1&live=1",
            "ok": true,
            "status": 200,
            "has_price_payload": true,
            "symbol_probe": null,
            "removed_from_list": false,
            "remove_reason": "",
            "checked_at": "2026-07-28T15:41:23Z"
        }
    ]
}
[2026-07-28T11:41:23-04:00] php runner end

[2026-07-28T11:46:10-04:00] php runner start
{
    "ran_at": "2026-07-28T15:46:04Z",
    "target_count": 2,
    "target_batch_limit": 2,
    "target_batch_offset": 0,
    "target_batch_next_offset": 0,
    "target_total_available": 2,
    "results": [
        {
            "market_type": "crypto",
            "symbol": "BTC-USD",
            "requested_url": "http://localhost:8081/index.php?market_type=crypto&symbol=BTC-USD&buy_multiplier=0.70&sell_multiplier=0.80&trust_percent=90.00&break_buy=0.50&break_gain=0.50&break_loss=0.50&run_analysis=1&live=1",
            "ok": true,
            "status": 200,
            "has_price_payload": true,
            "symbol_probe": null,
            "removed_from_list": false,
            "remove_reason": "",
            "checked_at": "2026-07-28T15:46:08Z"
        },
        {
            "market_type": "crypto",
            "symbol": "ETH-USD",
            "requested_url": "http://127.0.0.1:8081/index.php?market_type=crypto&symbol=ETH-USD&buy_multiplier=0.50&sell_multiplier=0.40&trust_percent=50.00&break_buy=0.50&break_gain=0.50&break_loss=0.50&run_analysis=1&live=1",
            "ok": true,
            "status": 200,
            "has_price_payload": true,
            "symbol_probe": null,
            "removed_from_list": false,
            "remove_reason": "",
            "checked_at": "2026-07-28T15:46:09Z"
        }
    ]
}
[2026-07-28T11:46:10-04:00] php runner end

[2026-07-28T11:51:20-04:00] php runner start
{
    "ran_at": "2026-07-28T15:51:03Z",
    "target_count": 2,
    "target_batch_limit": 2,
    "target_batch_offset": 0,
    "target_batch_next_offset": 0,
    "target_total_available": 2,
    "results": [
        {
            "market_type": "crypto",
            "symbol": "BTC-USD",
            "requested_url": "http://localhost:8081/index.php?market_type=crypto&symbol=BTC-USD&buy_multiplier=0.70&sell_multiplier=1.20&trust_percent=90.00&break_buy=0.50&break_gain=0.50&break_loss=0.50&run_analysis=1&live=1",
            "ok": true,
            "status": 200,
            "has_price_payload": true,
            "symbol_probe": null,
            "removed_from_list": false,
            "remove_reason": "",
            "checked_at": "2026-07-28T15:51:11Z"
        },
        {
            "market_type": "crypto",
            "symbol": "ETH-USD",
            "requested_url": "http://127.0.0.1:8081/index.php?market_type=crypto&symbol=ETH-USD&buy_multiplier=0.50&sell_multiplier=0.40&trust_percent=50.00&break_buy=0.50&break_gain=0.50&break_loss=0.50&run_analysis=1&live=1",
            "ok": true,
            "status": 200,
            "has_price_payload": true,
            "symbol_probe": null,
            "removed_from_list": false,
            "remove_reason": "",
            "checked_at": "2026-07-28T15:51:20Z"
        }
    ]
}
[2026-07-28T11:51:20-04:00] php runner end

[2026-07-28T11:56:29-04:00] php runner start
{
    "ran_at": "2026-07-28T15:56:03Z",
    "target_count": 2,
    "target_batch_limit": 2,
    "target_batch_offset": 0,
    "target_batch_next_offset": 0,
    "target_total_available": 2,
    "results": [
        {
            "market_type": "crypto",
            "symbol": "BTC-USD",
            "requested_url": "http://localhost:8081/index.php?market_type=crypto&symbol=BTC-USD&buy_multiplier=0.70&sell_multiplier=1.20&trust_percent=90.00&break_buy=0.50&break_gain=0.50&break_loss=0.50&run_analysis=1&live=1",
            "ok": false,
            "status": 0,
            "has_price_payload": false,
            "symbol_probe": {
                "url": "https://query1.finance.yahoo.com/v8/finance/chart/BTC-USD?range=1d&interval=5m&includePrePost=false",
                "ok": false,
                "status": 0,
                "looks_real": false
            },
            "removed_from_list": false,
            "remove_reason": "Kept symbol because the local market page did not respond, so this looked like an app availability issue rather than proof that the symbol was invalid.",
            "checked_at": "2026-07-28T15:56:17Z"
        },
        {
            "market_type": "crypto",
            "symbol": "ETH-USD",
            "requested_url": "http://127.0.0.1:8081/index.php?market_type=crypto&symbol=ETH-USD&buy_multiplier=0.50&sell_multiplier=0.40&trust_percent=50.00&break_buy=0.50&break_gain=0.50&break_loss=0.50&run_analysis=1&live=1",
            "ok": false,
            "status": 0,
            "has_price_payload": false,
            "symbol_probe": {
                "url": "https://query1.finance.yahoo.com/v8/finance/chart/ETH-USD?range=1d&interval=5m&includePrePost=false",
                "ok": false,
                "status": 0,
                "looks_real": false
            },
            "removed_from_list": false,
            "remove_reason": "Kept symbol because the local market page did not respond, so this looked like an app availability issue rather than proof that the symbol was invalid.",
            "checked_at": "2026-07-28T15:56:29Z"
        }
    ]
}
[2026-07-28T11:56:29-04:00] php runner end

[2026-07-28T12:01:08-04:00] php runner start
{
    "ran_at": "2026-07-28T16:01:03Z",
    "target_count": 2,
    "target_batch_limit": 2,
    "target_batch_offset": 0,
    "target_batch_next_offset": 0,
    "target_total_available": 2,
    "results": [
        {
            "market_type": "crypto",
            "symbol": "BTC-USD",
            "requested_url": "http://localhost:8081/index.php?market_type=crypto&symbol=BTC-USD&buy_multiplier=0.70&sell_multiplier=1.20&trust_percent=90.00&break_buy=0.50&break_gain=0.50&break_loss=0.50&run_analysis=1&live=1",
            "ok": true,
            "status": 200,
            "has_price_payload": true,
            "symbol_probe": null,
            "removed_from_list": false,
            "remove_reason": "",
            "checked_at": "2026-07-28T16:01:06Z"
        },
        {
            "market_type": "crypto",
            "symbol": "ETH-USD",
            "requested_url": "http://127.0.0.1:8081/index.php?market_type=crypto&symbol=ETH-USD&buy_multiplier=0.50&sell_multiplier=0.40&trust_percent=50.00&break_buy=0.50&break_gain=0.50&break_loss=0.50&run_analysis=1&live=1",
            "ok": true,
            "status": 200,
            "has_price_payload": true,
            "symbol_probe": null,
            "removed_from_list": false,
            "remove_reason": "",
            "checked_at": "2026-07-28T16:01:08Z"
        }
    ]
}
[2026-07-28T12:01:08-04:00] php runner end

[2026-07-28T12:06:25-04:00] php runner start
{
    "ran_at": "2026-07-28T16:06:03Z",
    "target_count": 2,
    "target_batch_limit": 2,
    "target_batch_offset": 0,
    "target_batch_next_offset": 0,
    "target_total_available": 2,
    "results": [
        {
            "market_type": "crypto",
            "symbol": "BTC-USD",
            "requested_url": "http://localhost:8081/index.php?market_type=crypto&symbol=BTC-USD&buy_multiplier=0.70&sell_multiplier=1.20&trust_percent=90.00&break_buy=0.50&break_gain=0.50&break_loss=0.50&run_analysis=1&live=1",
            "ok": true,
            "status": 200,
            "has_price_payload": true,
            "symbol_probe": null,
            "removed_from_list": false,
            "remove_reason": "",
            "checked_at": "2026-07-28T16:06:16Z"
        },
        {
            "market_type": "crypto",
            "symbol": "ETH-USD",
            "requested_url": "http://localhost:8081/index.php?market_type=crypto&symbol=ETH-USD&buy_multiplier=0.50&sell_multiplier=0.40&trust_percent=50.00&break_buy=0.50&break_gain=0.50&break_loss=0.50&run_analysis=1&live=1",
            "ok": true,
            "status": 200,
            "has_price_payload": true,
            "symbol_probe": null,
            "removed_from_list": false,
            "remove_reason": "",
            "checked_at": "2026-07-28T16:06:25Z"
        }
    ]
}
[2026-07-28T12:06:25-04:00] php runner end

[2026-07-28T12:11:23-04:00] php runner start
{
    "ran_at": "2026-07-28T16:11:04Z",
    "target_count": 2,
    "target_batch_limit": 2,
    "target_batch_offset": 0,
    "target_batch_next_offset": 0,
    "target_total_available": 2,
    "results": [
        {
            "market_type": "crypto",
            "symbol": "BTC-USD",
            "requested_url": "http://localhost:8081/index.php?market_type=crypto&symbol=BTC-USD&buy_multiplier=0.70&sell_multiplier=1.20&trust_percent=90.00&break_buy=0.50&break_gain=0.50&break_loss=0.50&run_analysis=1&live=1",
            "ok": true,
            "status": 200,
            "has_price_payload": true,
            "symbol_probe": null,
            "removed_from_list": false,
            "remove_reason": "",
            "checked_at": "2026-07-28T16:11:09Z"
        },
        {
            "market_type": "crypto",
            "symbol": "ETH-USD",
            "requested_url": "http://localhost:8081/index.php?market_type=crypto&symbol=ETH-USD&buy_multiplier=0.50&sell_multiplier=0.40&trust_percent=50.00&break_buy=0.50&break_gain=0.50&break_loss=0.50&run_analysis=1&live=1",
            "ok": false,
            "status": 0,
            "has_price_payload": false,
            "symbol_probe": {
                "url": "https://query1.finance.yahoo.com/v8/finance/chart/ETH-USD?range=1d&interval=5m&includePrePost=false",
                "ok": false,
                "status": 0,
                "looks_real": false
            },
            "removed_from_list": false,
            "remove_reason": "Kept symbol because the local market page did not respond, so this looked like an app availability issue rather than proof that the symbol was invalid.",
            "checked_at": "2026-07-28T16:11:23Z"
        }
    ]
}
[2026-07-28T12:11:23-04:00] php runner end

[2026-07-28T12:16:15-04:00] php runner start
{
    "ran_at": "2026-07-28T16:16:03Z",
    "target_count": 2,
    "target_batch_limit": 2,
    "target_batch_offset": 0,
    "target_batch_next_offset": 0,
    "target_total_available": 2,
    "results": [
        {
            "market_type": "crypto",
            "symbol": "BTC-USD",
            "requested_url": "http://localhost:8081/index.php?market_type=crypto&symbol=BTC-USD&buy_multiplier=0.70&sell_multiplier=1.20&trust_percent=90.00&break_buy=0.50&break_gain=0.50&break_loss=0.50&run_analysis=1&live=1",
            "ok": true,
            "status": 200,
            "has_price_payload": true,
            "symbol_probe": null,
            "removed_from_list": false,
            "remove_reason": "",
            "checked_at": "2026-07-28T16:16:10Z"
        },
        {
            "market_type": "crypto",
            "symbol": "ETH-USD",
            "requested_url": "http://127.0.0.1:8081/index.php?market_type=crypto&symbol=ETH-USD&buy_multiplier=0.50&sell_multiplier=0.40&trust_percent=50.00&break_buy=0.50&break_gain=0.50&break_loss=0.50&run_analysis=1&live=1",
            "ok": true,
            "status": 200,
            "has_price_payload": true,
            "symbol_probe": null,
            "removed_from_list": false,
            "remove_reason": "",
            "checked_at": "2026-07-28T16:16:15Z"
        }
    ]
}
[2026-07-28T12:16:15-04:00] php runner end

[2026-07-28T12:21:09-04:00] php runner start
{
    "ran_at": "2026-07-28T16:21:03Z",
    "target_count": 2,
    "target_batch_limit": 2,
    "target_batch_offset": 0,
    "target_batch_next_offset": 0,
    "target_total_available": 2,
    "results": [
        {
            "market_type": "crypto",
            "symbol": "BTC-USD",
            "requested_url": "http://localhost:8081/index.php?market_type=crypto&symbol=BTC-USD&buy_multiplier=0.70&sell_multiplier=1.20&trust_percent=90.00&break_buy=0.50&break_gain=0.50&break_loss=0.50&run_analysis=1&live=1",
            "ok": true,
            "status": 200,
            "has_price_payload": true,
            "symbol_probe": null,
            "removed_from_list": false,
            "remove_reason": "",
            "checked_at": "2026-07-28T16:21:06Z"
        },
        {
            "market_type": "crypto",
            "symbol": "ETH-USD",
            "requested_url": "http://127.0.0.1:8081/index.php?market_type=crypto&symbol=ETH-USD&buy_multiplier=0.50&sell_multiplier=0.40&trust_percent=50.00&break_buy=0.50&break_gain=0.50&break_loss=0.50&run_analysis=1&live=1",
            "ok": true,
            "status": 200,
            "has_price_payload": true,
            "symbol_probe": null,
            "removed_from_list": false,
            "remove_reason": "",
            "checked_at": "2026-07-28T16:21:09Z"
        }
    ]
}
[2026-07-28T12:21:09-04:00] php runner end

[2026-07-28T12:26:29-04:00] php runner start
{
    "ran_at": "2026-07-28T16:26:03Z",
    "target_count": 2,
    "target_batch_limit": 2,
    "target_batch_offset": 0,
    "target_batch_next_offset": 0,
    "target_total_available": 2,
    "results": [
        {
            "market_type": "crypto",
            "symbol": "BTC-USD",
            "requested_url": "http://localhost:8081/index.php?market_type=crypto&symbol=BTC-USD&buy_multiplier=0.70&sell_multiplier=1.20&trust_percent=90.00&break_buy=0.50&break_gain=0.50&break_loss=0.50&run_analysis=1&live=1",
            "ok": false,
            "status": 0,
            "has_price_payload": false,
            "symbol_probe": {
                "url": "https://query1.finance.yahoo.com/v8/finance/chart/BTC-USD?range=1d&interval=5m&includePrePost=false",
                "ok": false,
                "status": 0,
                "looks_real": false
            },
            "removed_from_list": false,
            "remove_reason": "Kept symbol because the local market page did not respond, so this looked like an app availability issue rather than proof that the symbol was invalid.",
            "checked_at": "2026-07-28T16:26:17Z"
        },
        {
            "market_type": "crypto",
            "symbol": "ETH-USD",
            "requested_url": "http://127.0.0.1:8081/index.php?market_type=crypto&symbol=ETH-USD&buy_multiplier=0.50&sell_multiplier=0.40&trust_percent=50.00&break_buy=0.50&break_gain=0.50&break_loss=0.50&run_analysis=1&live=1",
            "ok": false,
            "status": 0,
            "has_price_payload": false,
            "symbol_probe": {
                "url": "https://query1.finance.yahoo.com/v8/finance/chart/ETH-USD?range=1d&interval=5m&includePrePost=false",
                "ok": false,
                "status": 0,
                "looks_real": false
            },
            "removed_from_list": false,
            "remove_reason": "Kept symbol because the local market page did not respond, so this looked like an app availability issue rather than proof that the symbol was invalid.",
            "checked_at": "2026-07-28T16:26:29Z"
        }
    ]
}
[2026-07-28T12:26:29-04:00] php runner end

[2026-07-28T12:31:29-04:00] php runner start
{
    "ran_at": "2026-07-28T16:31:03Z",
    "target_count": 2,
    "target_batch_limit": 2,
    "target_batch_offset": 0,
    "target_batch_next_offset": 0,
    "target_total_available": 2,
    "results": [
        {
            "market_type": "crypto",
            "symbol": "BTC-USD",
            "requested_url": "http://localhost:8081/index.php?market_type=crypto&symbol=BTC-USD&buy_multiplier=0.70&sell_multiplier=1.20&trust_percent=90.00&break_buy=0.50&break_gain=0.50&break_loss=0.50&run_analysis=1&live=1",
            "ok": false,
            "status": 0,
            "has_price_payload": false,
            "symbol_probe": {
                "url": "https://query1.finance.yahoo.com/v8/finance/chart/BTC-USD?range=1d&interval=5m&includePrePost=false",
                "ok": false,
                "status": 0,
                "looks_real": false
            },
            "removed_from_list": false,
            "remove_reason": "Kept symbol because the local market page did not respond, so this looked like an app availability issue rather than proof that the symbol was invalid.",
            "checked_at": "2026-07-28T16:31:17Z"
        },
        {
            "market_type": "crypto",
            "symbol": "ETH-USD",
            "requested_url": "http://127.0.0.1:8081/index.php?market_type=crypto&symbol=ETH-USD&buy_multiplier=0.50&sell_multiplier=0.40&trust_percent=50.00&break_buy=0.50&break_gain=0.50&break_loss=0.50&run_analysis=1&live=1",
            "ok": false,
            "status": 0,
            "has_price_payload": false,
            "symbol_probe": {
                "url": "https://query1.finance.yahoo.com/v8/finance/chart/ETH-USD?range=1d&interval=5m&includePrePost=false",
                "ok": false,
                "status": 0,
                "looks_real": false
            },
            "removed_from_list": false,
            "remove_reason": "Kept symbol because the local market page did not respond, so this looked like an app availability issue rather than proof that the symbol was invalid.",
            "checked_at": "2026-07-28T16:31:29Z"
        }
    ]
}
[2026-07-28T12:31:29-04:00] php runner end

[2026-07-28T12:36:29-04:00] php runner start
{
    "ran_at": "2026-07-28T16:36:03Z",
    "target_count": 2,
    "target_batch_limit": 2,
    "target_batch_offset": 0,
    "target_batch_next_offset": 0,
    "target_total_available": 2,
    "results": [
        {
            "market_type": "crypto",
            "symbol": "BTC-USD",
            "requested_url": "http://localhost:8081/index.php?market_type=crypto&symbol=BTC-USD&buy_multiplier=0.70&sell_multiplier=1.20&trust_percent=90.00&break_buy=0.50&break_gain=0.50&break_loss=0.50&run_analysis=1&live=1",
            "ok": false,
            "status": 0,
            "has_price_payload": false,
            "symbol_probe": {
                "url": "https://query1.finance.yahoo.com/v8/finance/chart/BTC-USD?range=1d&interval=5m&includePrePost=false",
                "ok": false,
                "status": 0,
                "looks_real": false
            },
            "removed_from_list": false,
            "remove_reason": "Kept symbol because the local market page did not respond, so this looked like an app availability issue rather than proof that the symbol was invalid.",
            "checked_at": "2026-07-28T16:36:17Z"
        },
        {
            "market_type": "crypto",
            "symbol": "ETH-USD",
            "requested_url": "http://127.0.0.1:8081/index.php?market_type=crypto&symbol=ETH-USD&buy_multiplier=0.50&sell_multiplier=0.40&trust_percent=50.00&break_buy=0.50&break_gain=0.50&break_loss=0.50&run_analysis=1&live=1",
            "ok": false,
            "status": 0,
            "has_price_payload": false,
            "symbol_probe": {
                "url": "https://query1.finance.yahoo.com/v8/finance/chart/ETH-USD?range=1d&interval=5m&includePrePost=false",
                "ok": false,
                "status": 0,
                "looks_real": false
            },
            "removed_from_list": false,
            "remove_reason": "Kept symbol because the local market page did not respond, so this looked like an app availability issue rather than proof that the symbol was invalid.",
            "checked_at": "2026-07-28T16:36:29Z"
        }
    ]
}
[2026-07-28T12:36:29-04:00] php runner end

[2026-07-28T12:41:29-04:00] php runner start
{
    "ran_at": "2026-07-28T16:41:03Z",
    "target_count": 2,
    "target_batch_limit": 2,
    "target_batch_offset": 0,
    "target_batch_next_offset": 0,
    "target_total_available": 2,
    "results": [
        {
            "market_type": "crypto",
            "symbol": "BTC-USD",
            "requested_url": "http://localhost:8081/index.php?market_type=crypto&symbol=BTC-USD&buy_multiplier=0.50&sell_multiplier=0.40&trust_percent=50.00&break_buy=0.50&break_gain=0.50&break_loss=0.50&run_analysis=1&live=1",
            "ok": false,
            "status": 0,
            "has_price_payload": false,
            "symbol_probe": {
                "url": "https://query1.finance.yahoo.com/v8/finance/chart/BTC-USD?range=1d&interval=5m&includePrePost=false",
                "ok": false,
                "status": 0,
                "looks_real": false
            },
            "removed_from_list": false,
            "remove_reason": "Kept symbol because the local market page did not respond, so this looked like an app availability issue rather than proof that the symbol was invalid.",
            "checked_at": "2026-07-28T16:41:17Z"
        },
        {
            "market_type": "crypto",
            "symbol": "ETH-USD",
            "requested_url": "http://127.0.0.1:8081/index.php?market_type=crypto&symbol=ETH-USD&buy_multiplier=0.50&sell_multiplier=0.40&trust_percent=50.00&break_buy=0.50&break_gain=0.50&break_loss=0.50&run_analysis=1&live=1",
            "ok": false,
            "status": 0,
            "has_price_payload": false,
            "symbol_probe": {
                "url": "https://query1.finance.yahoo.com/v8/finance/chart/ETH-USD?range=1d&interval=5m&includePrePost=false",
                "ok": false,
                "status": 0,
                "looks_real": false
            },
            "removed_from_list": false,
            "remove_reason": "Kept symbol because the local market page did not respond, so this looked like an app availability issue rather than proof that the symbol was invalid.",
            "checked_at": "2026-07-28T16:41:29Z"
        }
    ]
}
[2026-07-28T12:41:29-04:00] php runner end

[2026-07-28T12:46:29-04:00] php runner start
{
    "ran_at": "2026-07-28T16:46:03Z",
    "target_count": 2,
    "target_batch_limit": 2,
    "target_batch_offset": 0,
    "target_batch_next_offset": 0,
    "target_total_available": 2,
    "results": [
        {
            "market_type": "crypto",
            "symbol": "BTC-USD",
            "requested_url": "http://localhost:8081/index.php?market_type=crypto&symbol=BTC-USD&buy_multiplier=0.50&sell_multiplier=0.40&trust_percent=50.00&break_buy=0.50&break_gain=0.50&break_loss=0.50&run_analysis=1&live=1",
            "ok": false,
            "status": 0,
            "has_price_payload": false,
            "symbol_probe": {
                "url": "https://query1.finance.yahoo.com/v8/finance/chart/BTC-USD?range=1d&interval=5m&includePrePost=false",
                "ok": false,
                "status": 0,
                "looks_real": false
            },
            "removed_from_list": false,
            "remove_reason": "Kept symbol because the local market page did not respond, so this looked like an app availability issue rather than proof that the symbol was invalid.",
            "checked_at": "2026-07-28T16:46:17Z"
        },
        {
            "market_type": "crypto",
            "symbol": "ETH-USD",
            "requested_url": "http://127.0.0.1:8081/index.php?market_type=crypto&symbol=ETH-USD&buy_multiplier=0.50&sell_multiplier=0.40&trust_percent=50.00&break_buy=0.50&break_gain=0.50&break_loss=0.50&run_analysis=1&live=1",
            "ok": false,
            "status": 0,
            "has_price_payload": false,
            "symbol_probe": {
                "url": "https://query1.finance.yahoo.com/v8/finance/chart/ETH-USD?range=1d&interval=5m&includePrePost=false",
                "ok": false,
                "status": 0,
                "looks_real": false
            },
            "removed_from_list": false,
            "remove_reason": "Kept symbol because the local market page did not respond, so this looked like an app availability issue rather than proof that the symbol was invalid.",
            "checked_at": "2026-07-28T16:46:29Z"
        }
    ]
}
[2026-07-28T12:46:29-04:00] php runner end

[2026-07-28T12:51:29-04:00] php runner start
{
    "ran_at": "2026-07-28T16:51:03Z",
    "target_count": 2,
    "target_batch_limit": 2,
    "target_batch_offset": 0,
    "target_batch_next_offset": 0,
    "target_total_available": 2,
    "results": [
        {
            "market_type": "crypto",
            "symbol": "BTC-USD",
            "requested_url": "http://localhost:8081/index.php?market_type=crypto&symbol=BTC-USD&buy_multiplier=0.50&sell_multiplier=0.40&trust_percent=50.00&break_buy=0.50&break_gain=0.50&break_loss=0.50&run_analysis=1&live=1",
            "ok": false,
            "status": 0,
            "has_price_payload": false,
            "symbol_probe": {
                "url": "https://query1.finance.yahoo.com/v8/finance/chart/BTC-USD?range=1d&interval=5m&includePrePost=false",
                "ok": false,
                "status": 0,
                "looks_real": false
            },
            "removed_from_list": false,
            "remove_reason": "Kept symbol because the local market page did not respond, so this looked like an app availability issue rather than proof that the symbol was invalid.",
            "checked_at": "2026-07-28T16:51:17Z"
        },
        {
            "market_type": "crypto",
            "symbol": "ETH-USD",
            "requested_url": "http://127.0.0.1:8081/index.php?market_type=crypto&symbol=ETH-USD&buy_multiplier=0.50&sell_multiplier=0.40&trust_percent=50.00&break_buy=0.50&break_gain=0.50&break_loss=0.50&run_analysis=1&live=1",
            "ok": false,
            "status": 0,
            "has_price_payload": false,
            "symbol_probe": {
                "url": "https://query1.finance.yahoo.com/v8/finance/chart/ETH-USD?range=1d&interval=5m&includePrePost=false",
                "ok": false,
                "status": 0,
                "looks_real": false
            },
            "removed_from_list": false,
            "remove_reason": "Kept symbol because the local market page did not respond, so this looked like an app availability issue rather than proof that the symbol was invalid.",
            "checked_at": "2026-07-28T16:51:29Z"
        }
    ]
}
[2026-07-28T12:51:29-04:00] php runner end

[2026-07-28T12:56:29-04:00] php runner start
{
    "ran_at": "2026-07-28T16:56:03Z",
    "target_count": 2,
    "target_batch_limit": 2,
    "target_batch_offset": 0,
    "target_batch_next_offset": 0,
    "target_total_available": 2,
    "results": [
        {
            "market_type": "crypto",
            "symbol": "BTC-USD",
            "requested_url": "http://localhost:8081/index.php?market_type=crypto&symbol=BTC-USD&buy_multiplier=0.50&sell_multiplier=0.40&trust_percent=50.00&break_buy=0.50&break_gain=0.50&break_loss=0.50&run_analysis=1&live=1",
            "ok": false,
            "status": 0,
            "has_price_payload": false,
            "symbol_probe": {
                "url": "https://query1.finance.yahoo.com/v8/finance/chart/BTC-USD?range=1d&interval=5m&includePrePost=false",
                "ok": false,
                "status": 0,
                "looks_real": false
            },
            "removed_from_list": false,
            "remove_reason": "Kept symbol because the local market page did not respond, so this looked like an app availability issue rather than proof that the symbol was invalid.",
            "checked_at": "2026-07-28T16:56:17Z"
        },
        {
            "market_type": "crypto",
            "symbol": "ETH-USD",
            "requested_url": "http://127.0.0.1:8081/index.php?market_type=crypto&symbol=ETH-USD&buy_multiplier=0.50&sell_multiplier=0.40&trust_percent=50.00&break_buy=0.50&break_gain=0.50&break_loss=0.50&run_analysis=1&live=1",
            "ok": false,
            "status": 0,
            "has_price_payload": false,
            "symbol_probe": {
                "url": "https://query1.finance.yahoo.com/v8/finance/chart/ETH-USD?range=1d&interval=5m&includePrePost=false",
                "ok": false,
                "status": 0,
                "looks_real": false
            },
            "removed_from_list": false,
            "remove_reason": "Kept symbol because the local market page did not respond, so this looked like an app availability issue rather than proof that the symbol was invalid.",
            "checked_at": "2026-07-28T16:56:29Z"
        }
    ]
}
[2026-07-28T12:56:29-04:00] php runner end

[2026-07-28T13:01:21-04:00] php runner start
{
    "ran_at": "2026-07-28T17:01:03Z",
    "target_count": 2,
    "target_batch_limit": 2,
    "target_batch_offset": 0,
    "target_batch_next_offset": 0,
    "target_total_available": 2,
    "results": [
        {
            "market_type": "crypto",
            "symbol": "BTC-USD",
            "requested_url": "http://localhost:8081/index.php?market_type=crypto&symbol=BTC-USD&buy_multiplier=0.50&sell_multiplier=0.40&trust_percent=50.00&break_buy=0.50&break_gain=0.50&break_loss=0.50&run_analysis=1&live=1",
            "ok": true,
            "status": 200,
            "has_price_payload": true,
            "symbol_probe": null,
            "removed_from_list": false,
            "remove_reason": "",
            "checked_at": "2026-07-28T17:01:14Z"
        },
        {
            "market_type": "crypto",
            "symbol": "ETH-USD",
            "requested_url": "http://127.0.0.1:8081/index.php?market_type=crypto&symbol=ETH-USD&buy_multiplier=0.50&sell_multiplier=0.40&trust_percent=50.00&break_buy=0.50&break_gain=0.50&break_loss=0.50&run_analysis=1&live=1",
            "ok": true,
            "status": 200,
            "has_price_payload": true,
            "symbol_probe": null,
            "removed_from_list": false,
            "remove_reason": "",
            "checked_at": "2026-07-28T17:01:21Z"
        }
    ]
}
[2026-07-28T13:01:21-04:00] php runner end

[2026-07-28T13:06:29-04:00] php runner start
{
    "ran_at": "2026-07-28T17:06:03Z",
    "target_count": 2,
    "target_batch_limit": 2,
    "target_batch_offset": 0,
    "target_batch_next_offset": 0,
    "target_total_available": 2,
    "results": [
        {
            "market_type": "crypto",
            "symbol": "BTC-USD",
            "requested_url": "http://localhost:8081/index.php?market_type=crypto&symbol=BTC-USD&buy_multiplier=0.50&sell_multiplier=0.40&trust_percent=50.00&break_buy=0.50&break_gain=0.50&break_loss=0.50&run_analysis=1&live=1",
            "ok": false,
            "status": 0,
            "has_price_payload": false,
            "symbol_probe": {
                "url": "https://query1.finance.yahoo.com/v8/finance/chart/BTC-USD?range=1d&interval=5m&includePrePost=false",
                "ok": false,
                "status": 0,
                "looks_real": false
            },
            "removed_from_list": false,
            "remove_reason": "Kept symbol because the local market page did not respond, so this looked like an app availability issue rather than proof that the symbol was invalid.",
            "checked_at": "2026-07-28T17:06:17Z"
        },
        {
            "market_type": "crypto",
            "symbol": "ETH-USD",
            "requested_url": "http://127.0.0.1:8081/index.php?market_type=crypto&symbol=ETH-USD&buy_multiplier=0.50&sell_multiplier=0.40&trust_percent=50.00&break_buy=0.50&break_gain=0.50&break_loss=0.50&run_analysis=1&live=1",
            "ok": false,
            "status": 0,
            "has_price_payload": false,
            "symbol_probe": {
                "url": "https://query1.finance.yahoo.com/v8/finance/chart/ETH-USD?range=1d&interval=5m&includePrePost=false",
                "ok": false,
                "status": 0,
                "looks_real": false
            },
            "removed_from_list": false,
            "remove_reason": "Kept symbol because the local market page did not respond, so this looked like an app availability issue rather than proof that the symbol was invalid.",
            "checked_at": "2026-07-28T17:06:29Z"
        }
    ]
}
[2026-07-28T13:06:29-04:00] php runner end

[2026-07-28T13:11:27-04:00] php runner start
{
    "ran_at": "2026-07-28T17:11:04Z",
    "target_count": 2,
    "target_batch_limit": 2,
    "target_batch_offset": 0,
    "target_batch_next_offset": 0,
    "target_total_available": 2,
    "results": [
        {
            "market_type": "crypto",
            "symbol": "BTC-USD",
            "requested_url": "http://localhost:8081/index.php?market_type=crypto&symbol=BTC-USD&buy_multiplier=0.50&sell_multiplier=0.40&trust_percent=50.00&break_buy=0.50&break_gain=0.50&break_loss=0.50&run_analysis=1&live=1",
            "ok": true,
            "status": 200,
            "has_price_payload": true,
            "symbol_probe": null,
            "removed_from_list": false,
            "remove_reason": "",
            "checked_at": "2026-07-28T17:11:15Z"
        },
        {
            "market_type": "crypto",
            "symbol": "ETH-USD",
            "requested_url": "http://127.0.0.1:8081/index.php?market_type=crypto&symbol=ETH-USD&buy_multiplier=0.50&sell_multiplier=0.40&trust_percent=50.00&break_buy=0.50&break_gain=0.50&break_loss=0.50&run_analysis=1&live=1",
            "ok": false,
            "status": 0,
            "has_price_payload": false,
            "symbol_probe": {
                "url": "https://query1.finance.yahoo.com/v8/finance/chart/ETH-USD?range=1d&interval=5m&includePrePost=false",
                "ok": false,
                "status": 0,
                "looks_real": false
            },
            "removed_from_list": false,
            "remove_reason": "Kept symbol because the local market page did not respond, so this looked like an app availability issue rather than proof that the symbol was invalid.",
            "checked_at": "2026-07-28T17:11:27Z"
        }
    ]
}
[2026-07-28T13:11:27-04:00] php runner end

[2026-07-28T13:16:21-04:00] php runner start
{
    "ran_at": "2026-07-28T17:16:03Z",
    "target_count": 2,
    "target_batch_limit": 2,
    "target_batch_offset": 0,
    "target_batch_next_offset": 0,
    "target_total_available": 2,
    "results": [
        {
            "market_type": "crypto",
            "symbol": "BTC-USD",
            "requested_url": "http://localhost:8081/index.php?market_type=crypto&symbol=BTC-USD&buy_multiplier=0.50&sell_multiplier=0.40&trust_percent=50.00&break_buy=0.50&break_gain=0.50&break_loss=0.50&run_analysis=1&live=1",
            "ok": true,
            "status": 200,
            "has_price_payload": true,
            "symbol_probe": null,
            "removed_from_list": false,
            "remove_reason": "",
            "checked_at": "2026-07-28T17:16:09Z"
        },
        {
            "market_type": "crypto",
            "symbol": "ETH-USD",
            "requested_url": "http://127.0.0.1:8081/index.php?market_type=crypto&symbol=ETH-USD&buy_multiplier=0.50&sell_multiplier=0.40&trust_percent=50.00&break_buy=0.50&break_gain=0.50&break_loss=0.50&run_analysis=1&live=1",
            "ok": false,
            "status": 0,
            "has_price_payload": false,
            "symbol_probe": {
                "url": "https://query1.finance.yahoo.com/v8/finance/chart/ETH-USD?range=1d&interval=5m&includePrePost=false",
                "ok": false,
                "status": 0,
                "looks_real": false
            },
            "removed_from_list": false,
            "remove_reason": "Kept symbol because the local market page did not respond, so this looked like an app availability issue rather than proof that the symbol was invalid.",
            "checked_at": "2026-07-28T17:16:21Z"
        }
    ]
}
[2026-07-28T13:16:21-04:00] php runner end

[2026-07-28T13:21:20-04:00] php runner start
{
    "ran_at": "2026-07-28T17:21:03Z",
    "target_count": 2,
    "target_batch_limit": 2,
    "target_batch_offset": 0,
    "target_batch_next_offset": 0,
    "target_total_available": 2,
    "results": [
        {
            "market_type": "crypto",
            "symbol": "BTC-USD",
            "requested_url": "http://localhost:8081/index.php?market_type=crypto&symbol=BTC-USD&buy_multiplier=0.50&sell_multiplier=0.40&trust_percent=50.00&break_buy=0.50&break_gain=0.50&break_loss=0.50&run_analysis=1&live=1",
            "ok": true,
            "status": 200,
            "has_price_payload": true,
            "symbol_probe": null,
            "removed_from_list": false,
            "remove_reason": "",
            "checked_at": "2026-07-28T17:21:09Z"
        },
        {
            "market_type": "crypto",
            "symbol": "ETH-USD",
            "requested_url": "http://127.0.0.1:8081/index.php?market_type=crypto&symbol=ETH-USD&buy_multiplier=0.50&sell_multiplier=0.40&trust_percent=50.00&break_buy=0.50&break_gain=0.50&break_loss=0.50&run_analysis=1&live=1",
            "ok": true,
            "status": 200,
            "has_price_payload": true,
            "symbol_probe": null,
            "removed_from_list": false,
            "remove_reason": "",
            "checked_at": "2026-07-28T17:21:20Z"
        }
    ]
}
[2026-07-28T13:21:20-04:00] php runner end

[2026-07-28T13:26:24-04:00] php runner start
{
    "ran_at": "2026-07-28T17:26:03Z",
    "target_count": 2,
    "target_batch_limit": 2,
    "target_batch_offset": 0,
    "target_batch_next_offset": 0,
    "target_total_available": 2,
    "results": [
        {
            "market_type": "crypto",
            "symbol": "BTC-USD",
            "requested_url": "http://localhost:8081/index.php?market_type=crypto&symbol=BTC-USD&buy_multiplier=0.50&sell_multiplier=0.40&trust_percent=50.00&break_buy=0.50&break_gain=0.50&break_loss=0.50&run_analysis=1&live=1",
            "ok": true,
            "status": 200,
            "has_price_payload": true,
            "symbol_probe": null,
            "removed_from_list": false,
            "remove_reason": "",
            "checked_at": "2026-07-28T17:26:12Z"
        },
        {
            "market_type": "crypto",
            "symbol": "ETH-USD",
            "requested_url": "http://127.0.0.1:8081/index.php?market_type=crypto&symbol=ETH-USD&buy_multiplier=0.50&sell_multiplier=0.40&trust_percent=50.00&break_buy=0.50&break_gain=0.50&break_loss=0.50&run_analysis=1&live=1",
            "ok": true,
            "status": 200,
            "has_price_payload": true,
            "symbol_probe": null,
            "removed_from_list": false,
            "remove_reason": "",
            "checked_at": "2026-07-28T17:26:24Z"
        }
    ]
}
[2026-07-28T13:26:24-04:00] php runner end

[2026-07-28T13:31:20-04:00] php runner start
{
    "ran_at": "2026-07-28T17:31:03Z",
    "target_count": 2,
    "target_batch_limit": 2,
    "target_batch_offset": 0,
    "target_batch_next_offset": 0,
    "target_total_available": 2,
    "results": [
        {
            "market_type": "crypto",
            "symbol": "BTC-USD",
            "requested_url": "http://localhost:8081/index.php?market_type=crypto&symbol=BTC-USD&buy_multiplier=0.50&sell_multiplier=0.40&trust_percent=50.00&break_buy=0.50&break_gain=0.50&break_loss=0.50&run_analysis=1&live=1",
            "ok": true,
            "status": 200,
            "has_price_payload": true,
            "symbol_probe": null,
            "removed_from_list": false,
            "remove_reason": "",
            "checked_at": "2026-07-28T17:31:09Z"
        },
        {
            "market_type": "crypto",
            "symbol": "ETH-USD",
            "requested_url": "http://127.0.0.1:8081/index.php?market_type=crypto&symbol=ETH-USD&buy_multiplier=0.50&sell_multiplier=0.40&trust_percent=50.00&break_buy=0.50&break_gain=0.50&break_loss=0.50&run_analysis=1&live=1",
            "ok": true,
            "status": 200,
            "has_price_payload": true,
            "symbol_probe": null,
            "removed_from_list": false,
            "remove_reason": "",
            "checked_at": "2026-07-28T17:31:20Z"
        }
    ]
}
[2026-07-28T13:31:20-04:00] php runner end

[2026-07-28T13:36:29-04:00] php runner start
{
    "ran_at": "2026-07-28T17:36:03Z",
    "target_count": 2,
    "target_batch_limit": 2,
    "target_batch_offset": 0,
    "target_batch_next_offset": 0,
    "target_total_available": 2,
    "results": [
        {
            "market_type": "crypto",
            "symbol": "BTC-USD",
            "requested_url": "http://localhost:8081/index.php?market_type=crypto&symbol=BTC-USD&buy_multiplier=0.50&sell_multiplier=0.40&trust_percent=50.00&break_buy=0.50&break_gain=0.50&break_loss=0.50&run_analysis=1&live=1",
            "ok": false,
            "status": 0,
            "has_price_payload": false,
            "symbol_probe": {
                "url": "https://query1.finance.yahoo.com/v8/finance/chart/BTC-USD?range=1d&interval=5m&includePrePost=false",
                "ok": false,
                "status": 0,
                "looks_real": false
            },
            "removed_from_list": false,
            "remove_reason": "Kept symbol because the local market page did not respond, so this looked like an app availability issue rather than proof that the symbol was invalid.",
            "checked_at": "2026-07-28T17:36:17Z"
        },
        {
            "market_type": "crypto",
            "symbol": "ETH-USD",
            "requested_url": "http://127.0.0.1:8081/index.php?market_type=crypto&symbol=ETH-USD&buy_multiplier=0.50&sell_multiplier=0.40&trust_percent=50.00&break_buy=0.50&break_gain=0.50&break_loss=0.50&run_analysis=1&live=1",
            "ok": false,
            "status": 0,
            "has_price_payload": false,
            "symbol_probe": {
                "url": "https://query1.finance.yahoo.com/v8/finance/chart/ETH-USD?range=1d&interval=5m&includePrePost=false",
                "ok": false,
                "status": 0,
                "looks_real": false
            },
            "removed_from_list": false,
            "remove_reason": "Kept symbol because the local market page did not respond, so this looked like an app availability issue rather than proof that the symbol was invalid.",
            "checked_at": "2026-07-28T17:36:29Z"
        }
    ]
}
[2026-07-28T13:36:29-04:00] php runner end

[2026-07-28T13:41:29-04:00] php runner start
{
    "ran_at": "2026-07-28T17:41:03Z",
    "target_count": 2,
    "target_batch_limit": 2,
    "target_batch_offset": 0,
    "target_batch_next_offset": 0,
    "target_total_available": 2,
    "results": [
        {
            "market_type": "crypto",
            "symbol": "BTC-USD",
            "requested_url": "http://localhost:8081/index.php?market_type=crypto&symbol=BTC-USD&buy_multiplier=0.50&sell_multiplier=0.40&trust_percent=50.00&break_buy=0.50&break_gain=0.50&break_loss=0.50&run_analysis=1&live=1",
            "ok": false,
            "status": 0,
            "has_price_payload": false,
            "symbol_probe": {
                "url": "https://query1.finance.yahoo.com/v8/finance/chart/BTC-USD?range=1d&interval=5m&includePrePost=false",
                "ok": false,
                "status": 0,
                "looks_real": false
            },
            "removed_from_list": false,
            "remove_reason": "Kept symbol because the local market page did not respond, so this looked like an app availability issue rather than proof that the symbol was invalid.",
            "checked_at": "2026-07-28T17:41:17Z"
        },
        {
            "market_type": "crypto",
            "symbol": "ETH-USD",
            "requested_url": "http://127.0.0.1:8081/index.php?market_type=crypto&symbol=ETH-USD&buy_multiplier=0.50&sell_multiplier=0.40&trust_percent=50.00&break_buy=0.50&break_gain=0.50&break_loss=0.50&run_analysis=1&live=1",
            "ok": false,
            "status": 0,
            "has_price_payload": false,
            "symbol_probe": {
                "url": "https://query1.finance.yahoo.com/v8/finance/chart/ETH-USD?range=1d&interval=5m&includePrePost=false",
                "ok": false,
                "status": 0,
                "looks_real": false
            },
            "removed_from_list": false,
            "remove_reason": "Kept symbol because the local market page did not respond, so this looked like an app availability issue rather than proof that the symbol was invalid.",
            "checked_at": "2026-07-28T17:41:29Z"
        }
    ]
}
[2026-07-28T13:41:29-04:00] php runner end

[2026-07-28T13:46:29-04:00] php runner start
{
    "ran_at": "2026-07-28T17:46:03Z",
    "target_count": 2,
    "target_batch_limit": 2,
    "target_batch_offset": 0,
    "target_batch_next_offset": 0,
    "target_total_available": 2,
    "results": [
        {
            "market_type": "crypto",
            "symbol": "BTC-USD",
            "requested_url": "http://localhost:8081/index.php?market_type=crypto&symbol=BTC-USD&buy_multiplier=0.50&sell_multiplier=0.40&trust_percent=50.00&break_buy=0.50&break_gain=0.50&break_loss=0.50&run_analysis=1&live=1",
            "ok": false,
            "status": 0,
            "has_price_payload": false,
            "symbol_probe": {
                "url": "https://query1.finance.yahoo.com/v8/finance/chart/BTC-USD?range=1d&interval=5m&includePrePost=false",
                "ok": false,
                "status": 0,
                "looks_real": false
            },
            "removed_from_list": false,
            "remove_reason": "Kept symbol because the local market page did not respond, so this looked like an app availability issue rather than proof that the symbol was invalid.",
            "checked_at": "2026-07-28T17:46:17Z"
        },
        {
            "market_type": "crypto",
            "symbol": "ETH-USD",
            "requested_url": "http://127.0.0.1:8081/index.php?market_type=crypto&symbol=ETH-USD&buy_multiplier=0.50&sell_multiplier=0.40&trust_percent=50.00&break_buy=0.50&break_gain=0.50&break_loss=0.50&run_analysis=1&live=1",
            "ok": false,
            "status": 0,
            "has_price_payload": false,
            "symbol_probe": {
                "url": "https://query1.finance.yahoo.com/v8/finance/chart/ETH-USD?range=1d&interval=5m&includePrePost=false",
                "ok": false,
                "status": 0,
                "looks_real": false
            },
            "removed_from_list": false,
            "remove_reason": "Kept symbol because the local market page did not respond, so this looked like an app availability issue rather than proof that the symbol was invalid.",
            "checked_at": "2026-07-28T17:46:29Z"
        }
    ]
}
[2026-07-28T13:46:29-04:00] php runner end

[2026-07-28T13:51:29-04:00] php runner start
{
    "ran_at": "2026-07-28T17:51:03Z",
    "target_count": 2,
    "target_batch_limit": 2,
    "target_batch_offset": 0,
    "target_batch_next_offset": 0,
    "target_total_available": 2,
    "results": [
        {
            "market_type": "crypto",
            "symbol": "BTC-USD",
            "requested_url": "http://localhost:8081/index.php?market_type=crypto&symbol=BTC-USD&buy_multiplier=0.50&sell_multiplier=0.40&trust_percent=50.00&break_buy=0.50&break_gain=0.50&break_loss=0.50&run_analysis=1&live=1",
            "ok": false,
            "status": 0,
            "has_price_payload": false,
            "symbol_probe": {
                "url": "https://query1.finance.yahoo.com/v8/finance/chart/BTC-USD?range=1d&interval=5m&includePrePost=false",
                "ok": false,
                "status": 0,
                "looks_real": false
            },
            "removed_from_list": false,
            "remove_reason": "Kept symbol because the local market page did not respond, so this looked like an app availability issue rather than proof that the symbol was invalid.",
            "checked_at": "2026-07-28T17:51:17Z"
        },
        {
            "market_type": "crypto",
            "symbol": "ETH-USD",
            "requested_url": "http://127.0.0.1:8081/index.php?market_type=crypto&symbol=ETH-USD&buy_multiplier=0.50&sell_multiplier=0.40&trust_percent=50.00&break_buy=0.50&break_gain=0.50&break_loss=0.50&run_analysis=1&live=1",
            "ok": false,
            "status": 0,
            "has_price_payload": false,
            "symbol_probe": {
                "url": "https://query1.finance.yahoo.com/v8/finance/chart/ETH-USD?range=1d&interval=5m&includePrePost=false",
                "ok": false,
                "status": 0,
                "looks_real": false
            },
            "removed_from_list": false,
            "remove_reason": "Kept symbol because the local market page did not respond, so this looked like an app availability issue rather than proof that the symbol was invalid.",
            "checked_at": "2026-07-28T17:51:29Z"
        }
    ]
}
[2026-07-28T13:51:29-04:00] php runner end

[2026-07-28T13:56:23-04:00] php runner start
{
    "ran_at": "2026-07-28T17:56:03Z",
    "target_count": 2,
    "target_batch_limit": 2,
    "target_batch_offset": 0,
    "target_batch_next_offset": 0,
    "target_total_available": 2,
    "results": [
        {
            "market_type": "crypto",
            "symbol": "BTC-USD",
            "requested_url": "http://localhost:8081/index.php?market_type=crypto&symbol=BTC-USD&buy_multiplier=0.50&sell_multiplier=0.40&trust_percent=50.00&break_buy=0.50&break_gain=0.50&break_loss=0.50&run_analysis=1&live=1",
            "ok": true,
            "status": 200,
            "has_price_payload": true,
            "symbol_probe": null,
            "removed_from_list": false,
            "remove_reason": "",
            "checked_at": "2026-07-28T17:56:13Z"
        },
        {
            "market_type": "crypto",
            "symbol": "ETH-USD",
            "requested_url": "http://127.0.0.1:8081/index.php?market_type=crypto&symbol=ETH-USD&buy_multiplier=0.50&sell_multiplier=0.40&trust_percent=50.00&break_buy=0.50&break_gain=0.50&break_loss=0.50&run_analysis=1&live=1",
            "ok": true,
            "status": 200,
            "has_price_payload": true,
            "symbol_probe": null,
            "removed_from_list": false,
            "remove_reason": "",
            "checked_at": "2026-07-28T17:56:22Z"
        }
    ]
}
[2026-07-28T13:56:23-04:00] php runner end

[2026-07-28T14:01:29-04:00] php runner start
{
    "ran_at": "2026-07-28T18:01:03Z",
    "target_count": 2,
    "target_batch_limit": 2,
    "target_batch_offset": 0,
    "target_batch_next_offset": 0,
    "target_total_available": 2,
    "results": [
        {
            "market_type": "crypto",
            "symbol": "BTC-USD",
            "requested_url": "http://localhost:8081/index.php?market_type=crypto&symbol=BTC-USD&buy_multiplier=0.50&sell_multiplier=0.40&trust_percent=50.00&break_buy=0.50&break_gain=0.50&break_loss=0.50&run_analysis=1&live=1",
            "ok": false,
            "status": 0,
            "has_price_payload": false,
            "symbol_probe": {
                "url": "https://query1.finance.yahoo.com/v8/finance/chart/BTC-USD?range=1d&interval=5m&includePrePost=false",
                "ok": false,
                "status": 0,
                "looks_real": false
            },
            "removed_from_list": false,
            "remove_reason": "Kept symbol because the local market page did not respond, so this looked like an app availability issue rather than proof that the symbol was invalid.",
            "checked_at": "2026-07-28T18:01:17Z"
        },
        {
            "market_type": "crypto",
            "symbol": "ETH-USD",
            "requested_url": "http://127.0.0.1:8081/index.php?market_type=crypto&symbol=ETH-USD&buy_multiplier=0.50&sell_multiplier=0.40&trust_percent=50.00&break_buy=0.50&break_gain=0.50&break_loss=0.50&run_analysis=1&live=1",
            "ok": false,
            "status": 0,
            "has_price_payload": false,
            "symbol_probe": {
                "url": "https://query1.finance.yahoo.com/v8/finance/chart/ETH-USD?range=1d&interval=5m&includePrePost=false",
                "ok": false,
                "status": 0,
                "looks_real": false
            },
            "removed_from_list": false,
            "remove_reason": "Kept symbol because the local market page did not respond, so this looked like an app availability issue rather than proof that the symbol was invalid.",
            "checked_at": "2026-07-28T18:01:29Z"
        }
    ]
}
[2026-07-28T14:01:29-04:00] php runner end

[2026-07-28T14:06:13-04:00] php runner start
{
    "ran_at": "2026-07-28T18:06:03Z",
    "target_count": 3,
    "target_batch_limit": 3,
    "target_batch_offset": 0,
    "target_batch_next_offset": 0,
    "target_total_available": 3,
    "results": [
        {
            "market_type": "crypto",
            "symbol": "BTC-USD",
            "requested_url": "http://localhost:8081/index.php?market_type=crypto&symbol=BTC-USD&buy_multiplier=0.50&sell_multiplier=0.40&trust_percent=50.00&break_buy=0.50&break_gain=0.50&break_loss=0.50&run_analysis=1&live=1",
            "ok": true,
            "status": 200,
            "has_price_payload": true,
            "symbol_probe": null,
            "removed_from_list": false,
            "remove_reason": "",
            "checked_at": "2026-07-28T18:06:07Z"
        },
        {
            "market_type": "crypto",
            "symbol": "ETH-USD",
            "requested_url": "http://127.0.0.1:8081/index.php?market_type=crypto&symbol=ETH-USD&buy_multiplier=0.50&sell_multiplier=0.40&trust_percent=50.00&break_buy=0.50&break_gain=0.50&break_loss=0.50&run_analysis=1&live=1",
            "ok": true,
            "status": 200,
            "has_price_payload": true,
            "symbol_probe": null,
            "removed_from_list": false,
            "remove_reason": "",
            "checked_at": "2026-07-28T18:06:08Z"
        },
        {
            "market_type": "stock",
            "symbol": "TSLA",
            "requested_url": "http://localhost:8081/index.php?market_type=stock&symbol=TSLA&buy_multiplier=0.50&sell_multiplier=0.40&trust_percent=50.00&break_buy=0.50&break_gain=0.50&break_loss=0.50&run_analysis=1&live=1",
            "ok": true,
            "status": 200,
            "has_price_payload": true,
            "symbol_probe": null,
            "removed_from_list": false,
            "remove_reason": "",
            "checked_at": "2026-07-28T18:06:13Z"
        }
    ]
}
[2026-07-28T14:06:13-04:00] php runner end

[2026-07-28T14:11:37-04:00] php runner start
{
    "ran_at": "2026-07-28T18:11:03Z",
    "target_count": 4,
    "target_batch_limit": 4,
    "target_batch_offset": 0,
    "target_batch_next_offset": 0,
    "target_total_available": 4,
    "results": [
        {
            "market_type": "crypto",
            "symbol": "BTC-USD",
            "requested_url": "http://localhost:8081/index.php?market_type=crypto&symbol=BTC-USD&buy_multiplier=0.50&sell_multiplier=0.40&trust_percent=50.00&break_buy=0.50&break_gain=0.50&break_loss=0.50&run_analysis=1&live=1",
            "ok": false,
            "status": 0,
            "has_price_payload": false,
            "symbol_probe": {
                "url": "https://query1.finance.yahoo.com/v8/finance/chart/BTC-USD?range=1d&interval=5m&includePrePost=false",
                "ok": false,
                "status": 0,
                "looks_real": false
            },
            "removed_from_list": false,
            "remove_reason": "Kept symbol because the local market page did not respond, so this looked like an app availability issue rather than proof that the symbol was invalid.",
            "checked_at": "2026-07-28T18:11:17Z"
        },
        {
            "market_type": "crypto",
            "symbol": "ETH-USD",
            "requested_url": "http://127.0.0.1:8081/index.php?market_type=crypto&symbol=ETH-USD&buy_multiplier=0.50&sell_multiplier=0.40&trust_percent=50.00&break_buy=0.50&break_gain=0.50&break_loss=0.50&run_analysis=1&live=1",
            "ok": true,
            "status": 200,
            "has_price_payload": true,
            "symbol_probe": null,
            "removed_from_list": false,
            "remove_reason": "",
            "checked_at": "2026-07-28T18:11:26Z"
        },
        {
            "market_type": "stock",
            "symbol": "GM",
            "requested_url": "http://localhost:8081/index.php?market_type=stock&symbol=GM&buy_multiplier=0.50&sell_multiplier=0.40&trust_percent=50.00&break_buy=0.50&break_gain=0.50&break_loss=0.50&run_analysis=1&live=1",
            "ok": true,
            "status": 200,
            "has_price_payload": true,
            "symbol_probe": null,
            "removed_from_list": false,
            "remove_reason": "",
            "checked_at": "2026-07-28T18:11:30Z"
        },
        {
            "market_type": "stock",
            "symbol": "TSLA",
            "requested_url": "http://localhost:8081/index.php?market_type=stock&symbol=TSLA&buy_multiplier=0.50&sell_multiplier=0.40&trust_percent=50.00&break_buy=0.50&break_gain=0.50&break_loss=0.50&run_analysis=1&live=1",
            "ok": true,
            "status": 200,
            "has_price_payload": true,
            "symbol_probe": null,
            "removed_from_list": false,
            "remove_reason": "",
            "checked_at": "2026-07-28T18:11:36Z"
        }
    ]
}
[2026-07-28T14:11:37-04:00] php runner end

[2026-07-28T14:16:13-04:00] php runner start
{
    "ran_at": "2026-07-28T18:16:03Z",
    "target_count": 4,
    "target_batch_limit": 4,
    "target_batch_offset": 0,
    "target_batch_next_offset": 0,
    "target_total_available": 4,
    "results": [
        {
            "market_type": "crypto",
            "symbol": "BTC-USD",
            "requested_url": "http://localhost:8081/index.php?market_type=crypto&symbol=BTC-USD&buy_multiplier=0.50&sell_multiplier=0.40&trust_percent=50.00&break_buy=0.50&break_gain=0.50&break_loss=0.50&run_analysis=1&live=1",
            "ok": true,
            "status": 200,
            "has_price_payload": true,
            "symbol_probe": null,
            "removed_from_list": false,
            "remove_reason": "",
            "checked_at": "2026-07-28T18:16:07Z"
        },
        {
            "market_type": "crypto",
            "symbol": "ETH-USD",
            "requested_url": "http://127.0.0.1:8081/index.php?market_type=crypto&symbol=ETH-USD&buy_multiplier=0.50&sell_multiplier=0.40&trust_percent=50.00&break_buy=0.50&break_gain=0.50&break_loss=0.50&run_analysis=1&live=1",
            "ok": true,
            "status": 200,
            "has_price_payload": true,
            "symbol_probe": null,
            "removed_from_list": false,
            "remove_reason": "",
            "checked_at": "2026-07-28T18:16:08Z"
        },
        {
            "market_type": "stock",
            "symbol": "GM",
            "requested_url": "http://localhost:8081/index.php?market_type=stock&symbol=GM&buy_multiplier=0.50&sell_multiplier=0.40&trust_percent=50.00&break_buy=0.50&break_gain=0.50&break_loss=0.50&run_analysis=1&live=1",
            "ok": true,
            "status": 200,
            "has_price_payload": true,
            "symbol_probe": null,
            "removed_from_list": false,
            "remove_reason": "",
            "checked_at": "2026-07-28T18:16:10Z"
        },
        {
            "market_type": "stock",
            "symbol": "TSLA",
            "requested_url": "http://localhost:8081/index.php?market_type=stock&symbol=TSLA&buy_multiplier=0.50&sell_multiplier=0.40&trust_percent=50.00&break_buy=0.50&break_gain=0.50&break_loss=0.50&run_analysis=1&live=1",
            "ok": true,
            "status": 200,
            "has_price_payload": true,
            "symbol_probe": null,
            "removed_from_list": false,
            "remove_reason": "",
            "checked_at": "2026-07-28T18:16:13Z"
        }
    ]
}
[2026-07-28T14:16:13-04:00] php runner end

[2026-07-28T14:21:17-04:00] php runner start
{
    "ran_at": "2026-07-28T18:21:03Z",
    "target_count": 4,
    "target_batch_limit": 4,
    "target_batch_offset": 0,
    "target_batch_next_offset": 0,
    "target_total_available": 4,
    "results": [
        {
            "market_type": "crypto",
            "symbol": "BTC-USD",
            "requested_url": "http://localhost:8081/index.php?market_type=crypto&symbol=BTC-USD&buy_multiplier=0.50&sell_multiplier=0.40&trust_percent=50.00&break_buy=0.50&break_gain=0.50&break_loss=0.50&run_analysis=1&live=1",
            "ok": true,
            "status": 200,
            "has_price_payload": true,
            "symbol_probe": null,
            "removed_from_list": false,
            "remove_reason": "",
            "checked_at": "2026-07-28T18:21:08Z"
        },
        {
            "market_type": "crypto",
            "symbol": "ETH-USD",
            "requested_url": "http://127.0.0.1:8081/index.php?market_type=crypto&symbol=ETH-USD&buy_multiplier=0.50&sell_multiplier=0.40&trust_percent=50.00&break_buy=0.50&break_gain=0.50&break_loss=0.50&run_analysis=1&live=1",
            "ok": true,
            "status": 200,
            "has_price_payload": true,
            "symbol_probe": null,
            "removed_from_list": false,
            "remove_reason": "",
            "checked_at": "2026-07-28T18:21:10Z"
        },
        {
            "market_type": "stock",
            "symbol": "GM",
            "requested_url": "http://localhost:8081/index.php?market_type=stock&symbol=GM&buy_multiplier=0.50&sell_multiplier=0.40&trust_percent=50.00&break_buy=0.50&break_gain=0.50&break_loss=0.50&run_analysis=1&live=1",
            "ok": true,
            "status": 200,
            "has_price_payload": true,
            "symbol_probe": null,
            "removed_from_list": false,
            "remove_reason": "",
            "checked_at": "2026-07-28T18:21:13Z"
        },
        {
            "market_type": "stock",
            "symbol": "TSLA",
            "requested_url": "http://localhost:8081/index.php?market_type=stock&symbol=TSLA&buy_multiplier=0.50&sell_multiplier=0.40&trust_percent=50.00&break_buy=0.50&break_gain=0.50&break_loss=0.50&run_analysis=1&live=1",
            "ok": true,
            "status": 200,
            "has_price_payload": true,
            "symbol_probe": null,
            "removed_from_list": false,
            "remove_reason": "",
            "checked_at": "2026-07-28T18:21:17Z"
        }
    ]
}
[2026-07-28T14:21:17-04:00] php runner end

[2026-07-28T14:26:17-04:00] php runner start
{
    "ran_at": "2026-07-28T18:26:02Z",
    "target_count": 4,
    "target_batch_limit": 4,
    "target_batch_offset": 0,
    "target_batch_next_offset": 0,
    "target_total_available": 4,
    "results": [
        {
            "market_type": "crypto",
            "symbol": "BTC-USD",
            "requested_url": "http://localhost:8081/index.php?market_type=crypto&symbol=BTC-USD&buy_multiplier=0.50&sell_multiplier=0.40&trust_percent=50.00&break_buy=0.50&break_gain=0.50&break_loss=0.50&run_analysis=1&live=1",
            "ok": true,
            "status": 200,
            "has_price_payload": true,
            "symbol_probe": null,
            "removed_from_list": false,
            "remove_reason": "",
            "checked_at": "2026-07-28T18:26:11Z"
        },
        {
            "market_type": "crypto",
            "symbol": "ETH-USD",
            "requested_url": "http://127.0.0.1:8081/index.php?market_type=crypto&symbol=ETH-USD&buy_multiplier=0.50&sell_multiplier=0.40&trust_percent=50.00&break_buy=0.50&break_gain=0.50&break_loss=0.50&run_analysis=1&live=1",
            "ok": true,
            "status": 200,
            "has_price_payload": true,
            "symbol_probe": null,
            "removed_from_list": false,
            "remove_reason": "",
            "checked_at": "2026-07-28T18:26:12Z"
        },
        {
            "market_type": "stock",
            "symbol": "GM",
            "requested_url": "http://localhost:8081/index.php?market_type=stock&symbol=GM&buy_multiplier=0.50&sell_multiplier=0.40&trust_percent=50.00&break_buy=0.50&break_gain=0.50&break_loss=0.50&run_analysis=1&live=1",
            "ok": true,
            "status": 200,
            "has_price_payload": true,
            "symbol_probe": null,
            "removed_from_list": false,
            "remove_reason": "",
            "checked_at": "2026-07-28T18:26:15Z"
        },
        {
            "market_type": "stock",
            "symbol": "TSLA",
            "requested_url": "http://localhost:8081/index.php?market_type=stock&symbol=TSLA&buy_multiplier=0.50&sell_multiplier=0.40&trust_percent=50.00&break_buy=0.50&break_gain=0.50&break_loss=0.50&run_analysis=1&live=1",
            "ok": true,
            "status": 200,
            "has_price_payload": true,
            "symbol_probe": null,
            "removed_from_list": false,
            "remove_reason": "",
            "checked_at": "2026-07-28T18:26:17Z"
        }
    ]
}
[2026-07-28T14:26:17-04:00] php runner end

[2026-07-28T14:31:12-04:00] php runner start
{
    "ran_at": "2026-07-28T18:31:03Z",
    "target_count": 4,
    "target_batch_limit": 4,
    "target_batch_offset": 0,
    "target_batch_next_offset": 0,
    "target_total_available": 4,
    "results": [
        {
            "market_type": "crypto",
            "symbol": "BTC-USD",
            "requested_url": "http://localhost:8081/index.php?market_type=crypto&symbol=BTC-USD&buy_multiplier=0.50&sell_multiplier=0.40&trust_percent=50.00&break_buy=0.50&break_gain=0.50&break_loss=0.50&run_analysis=1&live=1",
            "ok": true,
            "status": 200,
            "has_price_payload": true,
            "symbol_probe": null,
            "removed_from_list": false,
            "remove_reason": "",
            "checked_at": "2026-07-28T18:31:06Z"
        },
        {
            "market_type": "crypto",
            "symbol": "ETH-USD",
            "requested_url": "http://127.0.0.1:8081/index.php?market_type=crypto&symbol=ETH-USD&buy_multiplier=0.50&sell_multiplier=0.40&trust_percent=50.00&break_buy=0.50&break_gain=0.50&break_loss=0.50&run_analysis=1&live=1",
            "ok": true,
            "status": 200,
            "has_price_payload": true,
            "symbol_probe": null,
            "removed_from_list": false,
            "remove_reason": "",
            "checked_at": "2026-07-28T18:31:07Z"
        },
        {
            "market_type": "stock",
            "symbol": "GM",
            "requested_url": "http://localhost:8081/index.php?market_type=stock&symbol=GM&buy_multiplier=0.50&sell_multiplier=0.40&trust_percent=50.00&break_buy=0.50&break_gain=0.50&break_loss=0.50&run_analysis=1&live=1",
            "ok": true,
            "status": 200,
            "has_price_payload": true,
            "symbol_probe": null,
            "removed_from_list": false,
            "remove_reason": "",
            "checked_at": "2026-07-28T18:31:09Z"
        },
        {
            "market_type": "stock",
            "symbol": "TSLA",
            "requested_url": "http://localhost:8081/index.php?market_type=stock&symbol=TSLA&buy_multiplier=0.50&sell_multiplier=0.40&trust_percent=50.00&break_buy=0.50&break_gain=0.50&break_loss=0.50&run_analysis=1&live=1",
            "ok": true,
            "status": 200,
            "has_price_payload": true,
            "symbol_probe": null,
            "removed_from_list": false,
            "remove_reason": "",
            "checked_at": "2026-07-28T18:31:12Z"
        }
    ]
}
[2026-07-28T14:31:12-04:00] php runner end

[2026-07-28T14:36:14-04:00] php runner start
{
    "ran_at": "2026-07-28T18:36:02Z",
    "target_count": 4,
    "target_batch_limit": 4,
    "target_batch_offset": 0,
    "target_batch_next_offset": 0,
    "target_total_available": 4,
    "results": [
        {
            "market_type": "crypto",
            "symbol": "BTC-USD",
            "requested_url": "http://localhost:8081/index.php?market_type=crypto&symbol=BTC-USD&buy_multiplier=0.50&sell_multiplier=0.40&trust_percent=50.00&break_buy=0.50&break_gain=0.50&break_loss=0.50&run_analysis=1&live=1",
            "ok": true,
            "status": 200,
            "has_price_payload": true,
            "symbol_probe": null,
            "removed_from_list": false,
            "remove_reason": "",
            "checked_at": "2026-07-28T18:36:05Z"
        },
        {
            "market_type": "crypto",
            "symbol": "ETH-USD",
            "requested_url": "http://127.0.0.1:8081/index.php?market_type=crypto&symbol=ETH-USD&buy_multiplier=0.50&sell_multiplier=0.40&trust_percent=50.00&break_buy=0.50&break_gain=0.50&break_loss=0.50&run_analysis=1&live=1",
            "ok": true,
            "status": 200,
            "has_price_payload": true,
            "symbol_probe": null,
            "removed_from_list": false,
            "remove_reason": "",
            "checked_at": "2026-07-28T18:36:06Z"
        },
        {
            "market_type": "stock",
            "symbol": "GM",
            "requested_url": "http://localhost:8081/index.php?market_type=stock&symbol=GM&buy_multiplier=0.50&sell_multiplier=0.40&trust_percent=50.00&break_buy=0.50&break_gain=0.50&break_loss=0.50&run_analysis=1&live=1",
            "ok": true,
            "status": 200,
            "has_price_payload": true,
            "symbol_probe": null,
            "removed_from_list": false,
            "remove_reason": "",
            "checked_at": "2026-07-28T18:36:11Z"
        },
        {
            "market_type": "stock",
            "symbol": "TSLA",
            "requested_url": "http://localhost:8081/index.php?market_type=stock&symbol=TSLA&buy_multiplier=0.50&sell_multiplier=0.40&trust_percent=50.00&break_buy=0.50&break_gain=0.50&break_loss=0.50&run_analysis=1&live=1",
            "ok": true,
            "status": 200,
            "has_price_payload": true,
            "symbol_probe": null,
            "removed_from_list": false,
            "remove_reason": "",
            "checked_at": "2026-07-28T18:36:14Z"
        }
    ]
}
[2026-07-28T14:36:14-04:00] php runner end

[2026-07-28T14:41:13-04:00] php runner start
{
    "ran_at": "2026-07-28T18:41:02Z",
    "target_count": 4,
    "target_batch_limit": 4,
    "target_batch_offset": 0,
    "target_batch_next_offset": 0,
    "target_total_available": 4,
    "results": [
        {
            "market_type": "crypto",
            "symbol": "BTC-USD",
            "requested_url": "http://localhost:8081/index.php?market_type=crypto&symbol=BTC-USD&buy_multiplier=0.50&sell_multiplier=0.40&trust_percent=50.00&break_buy=0.50&break_gain=0.50&break_loss=0.50&run_analysis=1&live=1",
            "ok": true,
            "status": 200,
            "has_price_payload": true,
            "symbol_probe": null,
            "removed_from_list": false,
            "remove_reason": "",
            "checked_at": "2026-07-28T18:41:05Z"
        },
        {
            "market_type": "crypto",
            "symbol": "ETH-USD",
            "requested_url": "http://127.0.0.1:8081/index.php?market_type=crypto&symbol=ETH-USD&buy_multiplier=0.50&sell_multiplier=0.40&trust_percent=50.00&break_buy=0.50&break_gain=0.50&break_loss=0.50&run_analysis=1&live=1",
            "ok": true,
            "status": 200,
            "has_price_payload": true,
            "symbol_probe": null,
            "removed_from_list": false,
            "remove_reason": "",
            "checked_at": "2026-07-28T18:41:07Z"
        },
        {
            "market_type": "stock",
            "symbol": "GM",
            "requested_url": "http://localhost:8081/index.php?market_type=stock&symbol=GM&buy_multiplier=0.50&sell_multiplier=0.40&trust_percent=50.00&break_buy=0.50&break_gain=0.50&break_loss=0.50&run_analysis=1&live=1",
            "ok": true,
            "status": 200,
            "has_price_payload": true,
            "symbol_probe": null,
            "removed_from_list": false,
            "remove_reason": "",
            "checked_at": "2026-07-28T18:41:10Z"
        },
        {
            "market_type": "stock",
            "symbol": "TSLA",
            "requested_url": "http://localhost:8081/index.php?market_type=stock&symbol=TSLA&buy_multiplier=0.50&sell_multiplier=0.40&trust_percent=50.00&break_buy=0.50&break_gain=0.50&break_loss=0.50&run_analysis=1&live=1",
            "ok": true,
            "status": 200,
            "has_price_payload": true,
            "symbol_probe": null,
            "removed_from_list": false,
            "remove_reason": "",
            "checked_at": "2026-07-28T18:41:13Z"
        }
    ]
}
[2026-07-28T14:41:13-04:00] php runner end

[2026-07-28T14:46:12-04:00] php runner start
{
    "ran_at": "2026-07-28T18:46:02Z",
    "target_count": 4,
    "target_batch_limit": 4,
    "target_batch_offset": 0,
    "target_batch_next_offset": 0,
    "target_total_available": 4,
    "results": [
        {
            "market_type": "crypto",
            "symbol": "BTC-USD",
            "requested_url": "http://localhost:8081/index.php?market_type=crypto&symbol=BTC-USD&buy_multiplier=0.50&sell_multiplier=0.40&trust_percent=50.00&break_buy=0.50&break_gain=0.50&break_loss=0.50&run_analysis=1&live=1",
            "ok": true,
            "status": 200,
            "has_price_payload": true,
            "symbol_probe": null,
            "removed_from_list": false,
            "remove_reason": "",
            "checked_at": "2026-07-28T18:46:05Z"
        },
        {
            "market_type": "crypto",
            "symbol": "ETH-USD",
            "requested_url": "http://127.0.0.1:8081/index.php?market_type=crypto&symbol=ETH-USD&buy_multiplier=0.50&sell_multiplier=0.40&trust_percent=50.00&break_buy=0.50&break_gain=0.50&break_loss=0.50&run_analysis=1&live=1",
            "ok": true,
            "status": 200,
            "has_price_payload": true,
            "symbol_probe": null,
            "removed_from_list": false,
            "remove_reason": "",
            "checked_at": "2026-07-28T18:46:06Z"
        },
        {
            "market_type": "stock",
            "symbol": "GM",
            "requested_url": "http://localhost:8081/index.php?market_type=stock&symbol=GM&buy_multiplier=0.50&sell_multiplier=0.40&trust_percent=50.00&break_buy=0.50&break_gain=0.50&break_loss=0.50&run_analysis=1&live=1",
            "ok": true,
            "status": 200,
            "has_price_payload": true,
            "symbol_probe": null,
            "removed_from_list": false,
            "remove_reason": "",
            "checked_at": "2026-07-28T18:46:09Z"
        },
        {
            "market_type": "stock",
            "symbol": "TSLA",
            "requested_url": "http://localhost:8081/index.php?market_type=stock&symbol=TSLA&buy_multiplier=0.50&sell_multiplier=0.40&trust_percent=50.00&break_buy=0.50&break_gain=0.50&break_loss=0.50&run_analysis=1&live=1",
            "ok": true,
            "status": 200,
            "has_price_payload": true,
            "symbol_probe": null,
            "removed_from_list": false,
            "remove_reason": "",
            "checked_at": "2026-07-28T18:46:12Z"
        }
    ]
}
[2026-07-28T14:46:12-04:00] php runner end

[2026-07-28T14:51:12-04:00] php runner start
{
    "ran_at": "2026-07-28T18:51:02Z",
    "target_count": 4,
    "target_batch_limit": 4,
    "target_batch_offset": 0,
    "target_batch_next_offset": 0,
    "target_total_available": 4,
    "results": [
        {
            "market_type": "crypto",
            "symbol": "BTC-USD",
            "requested_url": "http://localhost:8081/index.php?market_type=crypto&symbol=BTC-USD&buy_multiplier=0.50&sell_multiplier=0.40&trust_percent=50.00&break_buy=0.50&break_gain=0.50&break_loss=0.50&run_analysis=1&live=1",
            "ok": true,
            "status": 200,
            "has_price_payload": true,
            "symbol_probe": null,
            "removed_from_list": false,
            "remove_reason": "",
            "checked_at": "2026-07-28T18:51:06Z"
        },
        {
            "market_type": "crypto",
            "symbol": "ETH-USD",
            "requested_url": "http://127.0.0.1:8081/index.php?market_type=crypto&symbol=ETH-USD&buy_multiplier=0.50&sell_multiplier=0.40&trust_percent=50.00&break_buy=0.50&break_gain=0.50&break_loss=0.50&run_analysis=1&live=1",
            "ok": true,
            "status": 200,
            "has_price_payload": true,
            "symbol_probe": null,
            "removed_from_list": false,
            "remove_reason": "",
            "checked_at": "2026-07-28T18:51:07Z"
        },
        {
            "market_type": "stock",
            "symbol": "GM",
            "requested_url": "http://localhost:8081/index.php?market_type=stock&symbol=GM&buy_multiplier=0.50&sell_multiplier=0.40&trust_percent=50.00&break_buy=0.50&break_gain=0.50&break_loss=0.50&run_analysis=1&live=1",
            "ok": true,
            "status": 200,
            "has_price_payload": true,
            "symbol_probe": null,
            "removed_from_list": false,
            "remove_reason": "",
            "checked_at": "2026-07-28T18:51:09Z"
        },
        {
            "market_type": "stock",
            "symbol": "TSLA",
            "requested_url": "http://localhost:8081/index.php?market_type=stock&symbol=TSLA&buy_multiplier=0.50&sell_multiplier=0.40&trust_percent=50.00&break_buy=0.50&break_gain=0.50&break_loss=0.50&run_analysis=1&live=1",
            "ok": true,
            "status": 200,
            "has_price_payload": true,
            "symbol_probe": null,
            "removed_from_list": false,
            "remove_reason": "",
            "checked_at": "2026-07-28T18:51:12Z"
        }
    ]
}
[2026-07-28T14:51:12-04:00] php runner end

[2026-07-28T14:56:13-04:00] php runner start
{
    "ran_at": "2026-07-28T18:56:03Z",
    "target_count": 4,
    "target_batch_limit": 4,
    "target_batch_offset": 0,
    "target_batch_next_offset": 0,
    "target_total_available": 4,
    "results": [
        {
            "market_type": "crypto",
            "symbol": "BTC-USD",
            "requested_url": "http://localhost:8081/index.php?market_type=crypto&symbol=BTC-USD&buy_multiplier=0.50&sell_multiplier=0.40&trust_percent=50.00&break_buy=0.50&break_gain=0.50&break_loss=0.50&run_analysis=1&live=1",
            "ok": true,
            "status": 200,
            "has_price_payload": true,
            "symbol_probe": null,
            "removed_from_list": false,
            "remove_reason": "",
            "checked_at": "2026-07-28T18:56:06Z"
        },
        {
            "market_type": "crypto",
            "symbol": "ETH-USD",
            "requested_url": "http://127.0.0.1:8081/index.php?market_type=crypto&symbol=ETH-USD&buy_multiplier=0.50&sell_multiplier=0.40&trust_percent=50.00&break_buy=0.50&break_gain=0.50&break_loss=0.50&run_analysis=1&live=1",
            "ok": true,
            "status": 200,
            "has_price_payload": true,
            "symbol_probe": null,
            "removed_from_list": false,
            "remove_reason": "",
            "checked_at": "2026-07-28T18:56:07Z"
        },
        {
            "market_type": "stock",
            "symbol": "GM",
            "requested_url": "http://localhost:8081/index.php?market_type=stock&symbol=GM&buy_multiplier=0.50&sell_multiplier=0.40&trust_percent=50.00&break_buy=0.50&break_gain=0.50&break_loss=0.50&run_analysis=1&live=1",
            "ok": true,
            "status": 200,
            "has_price_payload": true,
            "symbol_probe": null,
            "removed_from_list": false,
            "remove_reason": "",
            "checked_at": "2026-07-28T18:56:10Z"
        },
        {
            "market_type": "stock",
            "symbol": "TSLA",
            "requested_url": "http://localhost:8081/index.php?market_type=stock&symbol=TSLA&buy_multiplier=0.50&sell_multiplier=0.40&trust_percent=50.00&break_buy=0.50&break_gain=0.50&break_loss=0.50&run_analysis=1&live=1",
            "ok": true,
            "status": 200,
            "has_price_payload": true,
            "symbol_probe": null,
            "removed_from_list": false,
            "remove_reason": "",
            "checked_at": "2026-07-28T18:56:13Z"
        }
    ]
}
[2026-07-28T14:56:13-04:00] php runner end

[2026-07-28T15:01:23-04:00] php runner start
{
    "ran_at": "2026-07-28T19:01:02Z",
    "target_count": 4,
    "target_batch_limit": 4,
    "target_batch_offset": 0,
    "target_batch_next_offset": 0,
    "target_total_available": 4,
    "results": [
        {
            "market_type": "crypto",
            "symbol": "BTC-USD",
            "requested_url": "http://localhost:8081/index.php?market_type=crypto&symbol=BTC-USD&buy_multiplier=0.50&sell_multiplier=0.40&trust_percent=50.00&break_buy=0.50&break_gain=0.50&break_loss=0.50&run_analysis=1&live=1",
            "ok": true,
            "status": 200,
            "has_price_payload": true,
            "symbol_probe": null,
            "removed_from_list": false,
            "remove_reason": "",
            "checked_at": "2026-07-28T19:01:10Z"
        },
        {
            "market_type": "crypto",
            "symbol": "ETH-USD",
            "requested_url": "http://127.0.0.1:8081/index.php?market_type=crypto&symbol=ETH-USD&buy_multiplier=0.50&sell_multiplier=0.40&trust_percent=50.00&break_buy=0.50&break_gain=0.50&break_loss=0.50&run_analysis=1&live=1",
            "ok": true,
            "status": 200,
            "has_price_payload": true,
            "symbol_probe": null,
            "removed_from_list": false,
            "remove_reason": "",
            "checked_at": "2026-07-28T19:01:15Z"
        },
        {
            "market_type": "stock",
            "symbol": "GM",
            "requested_url": "http://localhost:8081/index.php?market_type=stock&symbol=GM&buy_multiplier=0.50&sell_multiplier=0.40&trust_percent=50.00&break_buy=0.50&break_gain=0.50&break_loss=0.50&run_analysis=1&live=1",
            "ok": true,
            "status": 200,
            "has_price_payload": true,
            "symbol_probe": null,
            "removed_from_list": false,
            "remove_reason": "",
            "checked_at": "2026-07-28T19:01:19Z"
        },
        {
            "market_type": "stock",
            "symbol": "TSLA",
            "requested_url": "http://localhost:8081/index.php?market_type=stock&symbol=TSLA&buy_multiplier=0.50&sell_multiplier=0.40&trust_percent=50.00&break_buy=0.50&break_gain=0.50&break_loss=0.50&run_analysis=1&live=1",
            "ok": true,
            "status": 200,
            "has_price_payload": true,
            "symbol_probe": null,
            "removed_from_list": false,
            "remove_reason": "",
            "checked_at": "2026-07-28T19:01:23Z"
        }
    ]
}
[2026-07-28T15:01:23-04:00] php runner end

[2026-07-28T15:06:15-04:00] php runner start
{
    "ran_at": "2026-07-28T19:06:02Z",
    "target_count": 5,
    "target_batch_limit": 5,
    "target_batch_offset": 0,
    "target_batch_next_offset": 0,
    "target_total_available": 5,
    "results": [
        {
            "market_type": "crypto",
            "symbol": "BTC-USD",
            "requested_url": "http://localhost:8081/index.php?market_type=crypto&symbol=BTC-USD&buy_multiplier=0.50&sell_multiplier=0.40&trust_percent=50.00&break_buy=0.50&break_gain=0.50&break_loss=0.50&run_analysis=1&live=1",
            "ok": true,
            "status": 200,
            "has_price_payload": true,
            "symbol_probe": null,
            "removed_from_list": false,
            "remove_reason": "",
            "checked_at": "2026-07-28T19:06:05Z"
        },
        {
            "market_type": "crypto",
            "symbol": "ETH-USD",
            "requested_url": "http://127.0.0.1:8081/index.php?market_type=crypto&symbol=ETH-USD&buy_multiplier=0.50&sell_multiplier=0.40&trust_percent=50.00&break_buy=0.50&break_gain=0.50&break_loss=0.50&run_analysis=1&live=1",
            "ok": true,
            "status": 200,
            "has_price_payload": true,
            "symbol_probe": null,
            "removed_from_list": false,
            "remove_reason": "",
            "checked_at": "2026-07-28T19:06:07Z"
        },
        {
            "market_type": "crypto",
            "symbol": "LTC-USD",
            "requested_url": "http://localhost:8081/index.php?market_type=crypto&symbol=LTC-USD&buy_multiplier=0.50&sell_multiplier=0.40&trust_percent=50.00&break_buy=0.50&break_gain=0.50&break_loss=0.50&run_analysis=1&live=1",
            "ok": true,
            "status": 200,
            "has_price_payload": true,
            "symbol_probe": null,
            "removed_from_list": false,
            "remove_reason": "",
            "checked_at": "2026-07-28T19:06:09Z"
        },
        {
            "market_type": "stock",
            "symbol": "GM",
            "requested_url": "http://localhost:8081/index.php?market_type=stock&symbol=GM&buy_multiplier=0.50&sell_multiplier=0.40&trust_percent=50.00&break_buy=0.50&break_gain=0.50&break_loss=0.50&run_analysis=1&live=1",
            "ok": true,
            "status": 200,
            "has_price_payload": true,
            "symbol_probe": null,
            "removed_from_list": false,
            "remove_reason": "",
            "checked_at": "2026-07-28T19:06:12Z"
        },
        {
            "market_type": "stock",
            "symbol": "TSLA",
            "requested_url": "http://localhost:8081/index.php?market_type=stock&symbol=TSLA&buy_multiplier=0.50&sell_multiplier=0.40&trust_percent=50.00&break_buy=0.50&break_gain=0.50&break_loss=0.50&run_analysis=1&live=1",
            "ok": true,
            "status": 200,
            "has_price_payload": true,
            "symbol_probe": null,
            "removed_from_list": false,
            "remove_reason": "",
            "checked_at": "2026-07-28T19:06:15Z"
        }
    ]
}
[2026-07-28T15:06:15-04:00] php runner end

